0.135192,-0.00304912,0.00242875,-0.00163907
0.199203,-0.00608159,0.00523644,-0.00588041
0.263206,-0.00852598,0.00599119,-0.00424042
0.327248,0.00790459,0.00247354,-0.00679997
0.391237,-0.0037338,0.00307873,-0.00479631
0.455225,-0.00563619,0.00527881,-0.00880141
0.519329,0.00426525,0.00485723,-0.00913757
0.583293,-0.0130744,0.00425453,-0.00600924
0.649033,-0.00747461,0.00329457,-0.00672765
0.711102,-0.00340544,0.00297683,-0.00773934
0.775077,-0.00403098,0.00512142,-0.00965789
0.839118,0.00276001,0.00281972,-0.00903827
0.903132,-0.001368,0.00281637,-0.00800219
0.967206,0.0096982,0.00183664,-0.00976972
1.031,-0.00590879,0.00307943,-0.00937191
1.095,-0.00512444,0.00300177,-0.00991762
1.15904,0.00278451,0.000209887,-0.00915837
1.22308,-6.68159e-05,7.34184e-06,-0.00827042
1.28713,-0.000753274,-5.14715e-05,-0.0102517
1.35102,-0.00153329,1.49342e-05,-0.00837946
1.41506,-0.000753986,-0.00227968,-0.0125343
1.47916,0.00195772,-0.00287846,-0.00942039
1.5429,-0.00116475,-0.00275593,-0.0104131
1.60676,-0.0041756,-0.00251979,-0.00801439
1.67088,-0.00726957,-0.00227738,-0.00708795
1.73503,0.00688634,-0.00556145,-0.0137598
1.799,-0.00463575,-0.00293057,-0.00832066
1.86279,-0.00646838,-0.00466067,-0.00954039
1.92702,-0.00296123,-0.00306053,-0.00817484
1.99099,-0.00523168,-0.00471988,-0.00745463
2.05484,-0.00793005,-0.00492836,-0.00912512
2.11876,-0.0062211,-0.00510305,-0.00764842
2.18275,-0.00471634,-0.00303509,-0.00751431
2.24672,0.00223974,-0.00524557,-0.00646304
2.31076,0.00192537,-0.00558823,-0.00813874
2.37474,-0.00590978,-0.00512324,-0.00715236
2.439,0.00070972,-0.00337402,-0.00612236
2.50288,0.00246037,-0.00522921,-0.00386168
2.56668,-0.00713192,-0.00495241,-0.00389002
2.63057,0.000313869,-0.00550525,-0.0033161
2.69463,-0.00327463,-0.00307853,-0.00229406
2.75855,-0.00136731,-0.00714392,-0.00259746
2.8225,0.00208388,-0.00379845,-0.00313613
2.88653,-0.0045334,-0.00478646,0.00017953
2.95073,0.00707532,-0.00586993,-0.0035777
3.01486,-0.00188749,-0.00530644,-0.000190803
3.0786,-0.00933802,-0.00483819,0.0014721
3.14292,0.00697679,-0.00590656,-0.00130158
3.2067,-0.00664699,-0.00280439,0.00330562
3.27046,-0.000799437,-0.00497437,0.000519718
3.33445,0.000174964,-0.00535669,0.00217526
3.39845,-0.00874374,-0.00484028,0.00192847
3.46245,0.00325976,-0.00346604,0.00165945
3.52649,-0.00525801,-0.00462582,0.00350371
3.59048,5.06483e-05,-0.00315799,0.00266229
3.6548,0.00228995,-0.00513278,7.26324e-05
3.71871,-0.000924617,-0.00309214,0.00241658
3.78237,-0.00437582,-0.00249903,0.00339295
3.84641,-0.0153156,-0.00168818,0.00321515
3.91039,-0.000517104,-0.00485181,0.00231892
3.9744,0.00411133,-0.00341796,0.00186855
4.03842,-0.0050191,-0.00246151,0.00138823
4.10224,0.00416001,-0.00301236,0.0015154
4.16659,-0.00435772,-0.00241342,0.0011996
4.23036,0.00125105,-0.00279351,0.00202018
4.29425,-0.00340635,-0.00249058,0.00103299
4.35828,-0.00263397,-0.00254376,0.000529407
4.42218,0.00101074,-0.00280096,-0.000196795
4.48617,-0.000363109,-0.00270297,3.50471e-05
4.55023,-0.00667518,-0.0022625,0.00116616
4.6142,-1.49293e-06,-0.00272793,-3.3704e-05
4.67819,-0.00348961,-0.00248574,0.000594265
4.74221,0.00136951,-0.000640962,-0.00025314
4.80627,-0.00827982,-0.00174309,-0.000716537
4.87022,-0.00875498,-0.00204097,0.00110901
4.93424,0.00297771,-0.00291678,-0.000659178
4.99811,-0.000233037,-0.00273888,-0.0021935
5.0624,7.52218e-05,-0.00275431,-0.00266048
5.12638,0.00669181,-0.00319333,-0.00176908
5.19016,-0.0109028,-0.00201484,-0.000348809
5.25414,0.000145539,-0.00497826,-0.00491131
5.3183,-0.0054636,-0.00282268,-0.00218555
5.38214,-0.00795436,-0.0023124,-0.00140304
5.44605,-0.00944684,-0.00214157,-0.00106154
5.51005,-0.00235399,-0.00260513,-0.00233671
5.57427,0.00570985,-0.00533841,-0.00600201
5.6384,-0.00261921,-0.00304457,-0.00489474
5.70204,-0.00649062,-0.00243204,-0.00211278
5.76605,0.00120027,-0.00288479,-0.00527017
5.83003,-0.00840115,-0.00221343,-0.00167856
5.89428,0.00487585,-0.00309796,-0.00591575
5.95828,0.00112625,-0.0028618,-0.00560067
6.02194,-0.00634104,-0.000174455,-0.00211262
6.0862,0.00585715,-0.00272257,-0.00610831
6.15013,-0.00250466,-0.00254174,-0.00493944
6.21396,-0.00439361,-0.00249603,-0.00467126
6.278,0.00450964,-0.00307306,-0.00631554
6.34201,-0.0019988,-0.000455007,-0.00291014
6.40585,0.0037021,-0.00258515,-0.00573824
6.46989,0.00358409,-0.00292557,-0.0060603
6.53391,-0.00384175,-0.00252996,-0.00475647
6.59812,0.00860856,-0.00113532,-0.00703491
6.66211,-0.00155187,-0.00222989,-0.00300903
6.72581,0.00179786,-0.00062822,-0.00537245
6.78996,0.00290567,-0.00248454,-0.003747
6.85397,0.00100406,-0.0027522,-0.0052159
6.9178,-0.000550151,-0.000555208,-0.00527872
6.98168,-0.000205068,-0.000129546,-0.00322661
7.04566,0.00446164,-0.0025039,-0.00368891
7.10998,0.00929068,-0.0010283,-0.00446842
7.1739,0.00810663,-0.00278859,-0.00426469
7.23771,-0.004519,-0.000215391,-0.00190011
7.30191,0.00280176,-0.00246514,-0.00326915
7.36583,-0.00208267,-0.000360149,-0.00234688
7.42959,0.00491082,-0.0025994,-0.00367651
7.49374,-0.00175384,-0.00255787,-0.00242596
7.55783,0.0101431,-0.00333426,-0.00464721
7.6216,-0.0036732,-0.00251887,0.00010826
7.68565,0.000187621,-0.00058119,-0.00233095
7.74963,0.00839543,-0.00279195,-0.00205432
7.81373,0.00153249,-0.00275129,-0.0025865
7.87773,0.00852414,-0.00323713,-0.00426339
7.94151,-0.000353619,-0.00271608,-0.000493998
8.00572,0.00424668,-0.00299336,-0.00311012
8.06992,0.0080023,-0.00319229,-0.00198841
8.13355,-0.00239914,-0.00262323,-0.0018593
8.19756,0.00559713,-0.00306102,-0.00154053
8.26159,0.00448022,-0.00301133,-0.00314634
8.32556,-0.00782595,-9.56908e-05,0.00101328
8.38949,0.00962459,-0.00287349,-0.00411573
8.45346,0.00159678,-0.00273819,-0.000785683
8.51761,0.00560599,-0.00305296,-0.00335863
8.58166,0.00642098,-0.00309701,-0.0016981
8.64545,-0.00431895,-0.00248459,0.000697161
8.70967,0.0057912,-0.00307741,-0.00332291
8.77367,0.00222614,-0.00285901,-0.000891457
8.83735,-0.00296525,-0.000403907,-0.00172007
8.90152,0.00644571,-0.00266311,-0.00170326
8.96542,-0.00269592,-0.00251252,-0.00179059
9.02958,0.00162814,-0.000625054,-0.000768557
9.09338,-4.37545e-05,-0.00231288,-0.00229321
9.15743,0.00118994,-0.000530903,-0.000686495
9.2216,0.00742544,-0.00269438,-0.00152974
9.28558,1.59746e-05,-0.000478807,-0.00220811
9.34925,0.000554498,-0.00231619,-0.000574525
9.41353,0.00365192,-0.000662172,-0.000789184
9.47755,-0.00094314,-0.00224136,-0.00204315
9.54137,0.000452579,-0.0026721,-0.000557126
9.60545,0.000140054,-0.000536695,-0.000120789
9.66936,-0.00142471,-0.0022084,0.000229932
9.73339,0.00351199,-0.000657397,-0.000679693
9.7974,-0.00652053,-0.00190253,0.00122285
9.86137,0.0071242,-0.00304187,-0.00139375
9.92547,-0.00232201,-0.00041846,-0.00174055
9.98961,-0.00455711,-0.00203038,0.000414187
10.0533,0.00347222,-0.000658565,-0.000758222
10.1176,0.00125231,-0.00236072,-0.00245771
10.1814,0.00114035,-0.00271088,-0.000688887
10.2453,-0.00883334,-3.17262e-05,0.00160209
10.3093,-0.0107762,-0.00170457,-0.000152219
10.3733,0.0071932,-0.000867244,-0.00182767
10.4371,-0.000669393,-0.00226436,-0.00216966
10.5011,5.82384e-05,-0.000463914,-0.000471161
10.5652,-0.00297298,-0.00212808,-0.00172207
10.6292,0.00801989,-0.000928255,-0.00418595
10.6932,-0.000407242,-0.0022546,-0.000472955
10.757,-0.00224087,-0.000355947,-0.00186361
10.8212,0.00416101,-0.000348178,-0.00343824
10.8853,0.00573554,-0.00252118,-0.00165693
10.9491,-0.0169636,0.000469667,0.000977995
11.0131,0.000878234,-0.00232352,-0.000653291
11.0772,0.00191989,-0.00058281,-0.00264804
11.141,-0.000567684,-6.47434e-05,-0.000348476
11.205,0.00534076,-0.00249272,-0.00114748
11.2691,-0.000552511,-0.000409712,8.37484e-05
11.333,-0.000437336,-0.00226874,-0.00212547
11.397,0.0026792,-0.000605889,-0.000960727
11.461,-0.00441796,0.00015052,0.000766233
11.5252,0.00620272,-0.00253674,-0.00124273
11.5892,-0.000922966,-0.000389429,0.000170416
11.653,-0.00156981,-2.4284e-06,0.000302328
11.7169,-0.0027183,-0.00205062,0.000503589
11.7809,-0.00342031,-0.000253111,0.000658311
11.8449,-0.00379985,0.0001203,0.000735616
11.909,-0.00631019,0.000328547,0.00122296
11.9734,-0.00020261,7.62793e-06,3.92364e-05
12.0368,0.00107729,-0.00223119,0.00196129
12.1009,-0.00658634,-7.1326e-05,0.00171134
12.1648,0.00224211,-0.000210576,-0.00034789
12.2291,-0.00138842,5.91129e-05,0.000286664
12.293,-0.00210589,0.000135484,0.00259661
12.3567,-0.00526798,0.00029471,0.00146305
12.4208,0.00270275,-0.00230744,0.00172012
12.4849,-0.00148524,-0.000347776,0.000735855
12.5487,-0.00550135,0.000218112,0.00115843
12.6128,0.0019863,-0.000127311,-0.000367735
12.6789,-0.00419987,0.00236748,0.000840676
12.7566,0.00190965,0.0002166,0.0015611
12.8207,-0.00342232,0.000254633,0.00105004
12.885,-0.00569553,0.00032925,0.00118174
12.9486,-0.00376248,0.00240032,0.000768261
13.0126,0.00439713,0.000194318,-0.000844529
13.0766,-0.00330281,0.000271284,0.000641767
13.1406,0.0028624,0.00203985,-0.000530183
13.2047,-0.00155101,0.000525931,0.000305189
13.2687,-0.00304794,0.00243864,0.000613838
13.3328,0.00947479,-7.32335e-05,-0.00182831
13.3967,0.000459877,0.0022477,-6.50451e-05
13.4606,-0.00321838,0.000635574,0.000626883
13.5248,0.00268512,0.00211989,-0.000493874
13.5887,-0.00701112,0.000843958,0.00135887
13.6526,-0.00091527,0.000142132,0.000177742
13.7166,-0.00313278,0.00235067,-0.00155387
13.7804,0.000698291,0.00258318,-0.000544791
13.8448,0.00520844,0.000231828,-0.00108533
13.9088,-0.00865629,0.00276529,0.00167276
13.9725,-0.00364953,0.000663018,0.000703962
14.0366,0.000970259,0.00221722,-0.000163012
14.1007,0.00320322,0.0024571,-0.000587587
14.1645,0.00118214,0.00264839,-0.000198274
14.2286,-0.00184509,0.00284728,0.00256235
14.2926,0.00995912,-4.07916e-06,-0.00146871
14.3564,-0.00238806,0.0024279,0.000568968
14.4204,0.00536174,0.00234428,-0.000980642
14.4844,0.00713107,0.00231377,-0.00133153
14.5487,0.00395785,0.00249558,-0.000726933
14.6125,-0.000679209,0.00276759,0.000158428
14.6766,-0.0039381,0.00296676,0.00295903
14.7405,0.00722487,0.00233208,-0.000909857
14.8045,-0.000492152,0.00275523,0.000209754
14.8683,0.00172021,0.00266112,0.00190525
14.9325,0.00355997,0.0025277,-0.000208504
14.9965,-0.00121836,0.00279484,0.000347733
15.0602,0.00483761,0.0024891,0.00131753
15.1242,-0.00298559,0.00290193,0.00103593
15.1884,0.00394107,0.00250167,-0.00062884
15.2522,0.00222984,0.00481352,0.00183286
15.3162,-0.00116915,0.0032351,0.00069462
15.3802,0.00432838,0.00475424,-0.000673647
15.4443,0.00233494,0.00306743,0.00179084
15.5083,0.000658481,0.00496553,0.000368604
15.5721,0.00277595,0.00522111,-0.000374952
15.6362,0.00544178,0.005149,0.00123723
15.7004,0.00132155,0.00536846,0.000248237
15.7642,-0.00412485,0.00570117,0.000913688
15.8282,-0.00443647,0.00570571,0.000899786
15.8923,0.00292645,0.00528153,-0.000481971
15.9561,-0.00703653,0.00805148,0.00138127
16.0201,0.00455828,0.00565672,0.00140148
16.0841,0.00191385,0.00544085,0.000141981
16.1483,-0.0022333,0.00776492,0.000576286
16.2123,0.00706993,0.00549075,-0.00121762
16.2763,-0.00483313,0.0101793,0.000986396
16.3402,0.00214597,0.0062279,-0.000324986
16.4042,0.00109243,0.00773157,-0.00229943
16.468,-0.00760944,0.00637398,0.00100153
16.5322,0.00310598,0.00753835,-0.000569188
16.5963,-0.000776893,0.010273,-0.00195186
16.66,-0.00362673,0.00664736,0.000273783
16.724,0.000309524,0.00781415,-6.47077e-05
16.788,-0.00286517,0.0082971,0.00275702
16.8519,0.00255048,0.00803558,6.23309e-05
16.9159,-0.00228119,0.0104724,-0.00158703
16.9799,-0.00113553,0.00865808,-0.00231402
17.0441,0.00751858,0.00779634,-0.00393677
17.1082,-0.0114227,0.00882,0.00154877
17.1719,-0.00136146,0.0104594,-0.00195493
17.2361,0.00504732,0.0104764,-0.00340843
17.3001,-0.00116997,0.00874815,-0.00242346
17.3639,-0.00098309,0.00830809,-0.0046614
17.4281,-0.0025498,0.00829737,-0.00263786
17.492,0.00424431,0.0101205,-0.00344824
17.5558,-0.0026133,0.0109217,-0.0043873
17.6199,-0.00569774,0.00898638,-0.00211381
17.6839,-0.00512339,0.0107221,-0.00184816
17.7481,-0.00226307,0.00869517,-0.00445209
17.8119,0.00243175,0.0103067,-0.00348501
17.8757,-0.00478206,0.01106,-0.00410951
17.9399,0.000187557,0.0108349,-0.00310964
18.004,-0.00180049,0.00876153,-0.00461561
18.0678,-0.00723363,0.0108496,-0.00189872
18.1318,-0.000790358,0.0108209,-0.00477336
18.196,0.00764754,0.0126088,-0.00649641
18.2597,-0.00869988,0.00961346,-0.0017629
18.3237,-0.00932302,0.0110224,-0.00122485
18.3878,-0.0050569,0.0110396,-0.00400909
18.4519,0.000489844,0.0108346,-0.00315242
18.5159,0.00264861,0.0129105,-0.00531346
18.5797,-0.00404674,0.0115291,-0.00463391
18.6438,0.016116,0.0101566,-0.00573094
18.7078,-0.00100963,0.0109371,-0.00476973
18.7716,-0.011647,0.0114906,-0.00126959
18.8356,0.000205425,0.0152262,-0.00491095
18.8999,0.00220517,0.0116143,-0.00342486
18.9636,-0.00861121,0.0114941,-0.00358987
19.0276,-0.00452388,0.0111444,-0.00240084
19.0918,0.00394088,0.0106796,-0.00333581
19.1555,-0.000364632,0.0153025,-0.0047736
19.2196,0.00376831,0.0115671,-0.00365135
19.2835,0.00119228,0.0110238,-0.00292022
19.3477,-0.000672101,0.0109311,-0.00255893
19.4117,0.00645605,0.0127652,-0.00360214
19.4755,-0.00596013,0.0159896,-0.00392458
19.5396,0.000206121,0.0118361,-0.00311075
19.6036,0.00837751,0.0106867,-0.00397062
19.6674,-0.00398454,0.0133294,-0.00208089
19.7314,-0.00162292,0.0114276,-0.000237035
19.7954,-0.00285611,0.0132816,-0.00397019
19.8594,-0.00103437,0.0135837,-0.000655737
19.9234,-0.00245111,0.0115348,-0.00193383
19.9874,-0.00217429,0.0111054,-0.00227326
20.0516,0.00833762,0.0105056,-0.00381652
20.1154,0.00265051,0.0151561,-0.0030038
20.1796,-0.00933648,0.0121685,-0.00134096
20.2435,-0.000687721,0.0111142,-0.000378745
20.3075,-0.00134461,0.0131827,-0.0020234
20.3714,-0.00225401,0.0114551,-0.00226212
20.4353,0.00444233,0.0151542,-0.0032226
20.4994,0.00353385,0.0116228,-0.000950245
20.5633,-0.00750597,0.0114297,-0.00121233
20.6273,0.00204758,0.0108438,-0.00284934
20.6913,0.00405946,0.0129008,-0.0031738
20.7553,0.00129447,0.0134451,-0.00281464
20.8193,0.000867883,0.0113954,-0.000593724
20.8831,0.00747298,0.0128827,-0.00319739
20.9473,-8.20703e-05,0.0113286,-0.00255895
21.0114,0.00345776,0.010821,-0.00309259
21.0751,0.00429338,0.015141,-0.00320008
21.1394,-0.000253137,0.0117458,-0.00262148
21.2034,0.008313,0.0107065,-0.00372228
21.2671,-0.00396074,0.0111389,-0.00217764
21.3311,-0.0016131,0.0131589,-0.00245554
21.3951,0.0089659,0.0131169,-0.00813444
21.459,-0.00629907,0.0116954,-0.00276668
21.523,-0.00143219,0.0110556,-0.0026671
21.587,0.00510484,0.0128864,-0.00331942
21.6512,0.000109138,0.0112949,-0.00268216
21.7152,0.00727711,0.012861,-0.00354032
21.779,-0.00664608,0.0116506,-0.00188014
21.8431,0.00292248,0.0108541,-0.00301812
21.9072,0.00856145,0.0105528,-0.00368736
21.971,-0.00595526,0.0111772,0.000205971
22.0349,0.00684057,0.0106434,-0.00304317
22.0991,-0.000789443,0.015257,-0.00247168
22.1629,-0.00212942,0.0118941,-0.000229278
22.2269,0.0103106,0.0106609,-0.00341872
22.2909,-0.00305351,0.0110636,-6.04186e-05
22.3551,0.0154118,0.0102705,-0.00178921
22.419,-0.000860759,0.0153114,-0.00204009
22.4828,-0.000868887,0.0118519,-0.000293994
22.547,0.0108416,0.0106277,-0.00124185
22.611,-0.000755817,0.0109688,0.000112328
22.6748,0.00305359,0.0130039,-0.000279971
22.7389,0.00363609,0.0155551,0.00185191
22.803,-0.00395966,0.0120223,0.000912296
22.8667,0.000595191,0.0111079,7.23395e-05
22.9307,0.00295299,0.0130145,-0.000239315
22.9947,0.00232593,0.0112725,0.00198786
23.0587,0.00311935,0.0152316,0.000176341
23.1228,0.00890425,0.0114448,0.00139538
23.1868,0.0011157,0.0110419,0.000384094
23.2508,0.00720992,0.0128237,-0.000589882
23.3148,0.00202828,0.0112739,0.00203906
23.3786,0.00603352,0.0151585,0.00208617
23.4428,-0.00478448,0.0119755,0.00104653
23.5069,0.0076182,0.0107616,-0.000602504
23.5707,-0.00678382,0.0134495,0.00292175
23.6347,0.00204071,0.0112788,0.00246902
23.6988,0.00303366,0.0152226,0.000292983
23.7626,0.00196247,0.0139383,0.0021578
23.8266,0.0039886,0.0113741,0.0023073
23.8905,0.000599613,0.013202,0.000523782
23.9548,0.00107964,0.0112896,4.84805e-05
24.0188,0.00227157,0.0152715,0.0020523
24.0825,-0.00334416,0.0141704,0.000800752
24.1467,-0.00198335,0.0137678,0.000319017
24.2108,0.00312144,0.0113252,0.00196055
24.2745,-0.00792037,0.013582,0.00119243
24.3385,0.00456397,0.0155376,-0.000250583
24.4026,-0.000862108,0.0118926,0.000135517
24.4665,-0.00666581,0.0135912,0.00280757
24.5305,0.00138994,0.0113295,0.000361046
24.5944,-0.00792381,0.0113508,0.000796572
24.6586,0.00882646,0.0148877,-0.000662021
24.7225,-0.00379483,0.0141407,0.000364068
24.7864,-0.0132627,0.0120917,0.00112646
24.8505,0.0075104,0.0128829,-0.000559845
24.9146,-0.00863778,0.0117223,0.000731491
24.9784,-0.00895248,0.0157615,0.00076101
25.0424,-0.000965059,0.0118512,0.0001162
25.1066,-0.00305354,0.0133506,-0.0018955
25.1703,0.00215892,0.0113311,-0.000568055
25.2344,-0.00767122,0.011321,0.000532095
25.2983,0.00271303,0.0151866,-0.000171113
25.3624,-0.00377439,0.0119302,-0.00186561
25.4264,-0.00942809,0.0136599,0.000297318
25.4904,0.00214611,0.0112818,-0.00238865
25.5546,-0.00228288,0.0110623,-0.00243135
25.6185,0.00391638,0.0151364,-0.0029438
25.6822,-0.00423235,0.0119964,-0.000213509
25.7463,0.0024285,0.0109787,-0.00242617
25.8105,-0.00216105,0.0110001,-0.00245381
25.8741,-0.006216,0.0133931,-7.11668e-05
25.9382,0.00319411,0.013388,-0.00246204
26.0025,-0.00371349,0.0115343,-0.00235197
26.0662,-0.00263361,0.0111568,-0.000327343
26.1302,-0.00139564,0.0109855,-0.00216673
26.1942,-0.00497269,0.0111037,-0.00228897
26.2583,0.00664357,0.0128084,-0.00309476
26.3224,-0.00152061,0.0113846,-0.000416647
26.3862,-0.00074783,0.0110394,-0.00221914
26.4502,0.00053275,0.0108999,-0.00264546
26.5143,-0.00271129,0.0110033,-0.000335797
26.5781,-0.00612607,0.013358,-0.00189338
26.6422,0.00169564,0.0112678,-0.00271047
26.7062,0.00270051,0.0108838,-0.00284205
26.7701,-0.000333117,0.0109463,-0.000499553
26.8341,-0.000929291,0.0109432,-0.00221214
26.898,0.00425378,0.012944,-0.00285438
26.962,0.000838429,0.0113105,-0.00273278
27.026,0.00303726,0.0108706,-0.000685314
27.0902,-0.000218999,0.0109072,-0.00225187
27.1542,0.00174762,0.0108368,-0.000528467
27.2181,-0.00186819,0.0131727,-0.00215099
27.282,0.00381818,0.011215,-0.000631854
27.346,0.00248628,0.0109027,-0.00237912
27.4102,-0.00524994,0.0111023,-0.000167433
27.4739,-0.000341165,0.0109498,-0.00223898
27.538,0.0019574,0.0130122,-0.000526339
27.602,0.00316131,0.0112149,-0.00240312
27.666,0.00463453,0.0108261,-0.00065617
27.7299,-0.00188952,0.0109953,-0.00216552
27.7938,0.00563576,0.0107163,-0.000697072
27.858,0.000434984,0.0130385,-0.00226596
27.9221,0.00245502,0.00906141,-0.000548429
27.9858,0.00458215,0.0104132,-0.00246191
28.05,0.0051597,0.00845664,-0.000665766
28.114,-0.00172377,0.0105146,-0.00218237
28.1777,0.00482433,0.0128547,-0.000638802
28.2418,-0.000993335,0.00918262,-0.00221722
28.306,0.00662331,0.0102873,-0.000706253
28.3698,-0.000182681,0.0108665,-6.86401e-05
28.4338,0.00754513,0.0084349,-0.00248463
28.4978,0.00192098,0.0103999,-0.000501079
28.5619,0.00505326,0.0106208,-0.00244487
28.6258,0.00411186,0.0107389,-0.00277533
28.6897,-0.00678599,0.00898752,-0.000267845
28.7538,0.00250611,0.0103604,-0.00235913
28.8179,0.00672488,0.0105716,-0.000681516
28.8817,0.000539912,0.0108893,-0.00228229
28.9457,0.00728398,0.00845945,-0.0028748
29.0099,0.00131625,0.0104062,-0.000558515
29.0737,-0.00817741,0.00894328,-0.00200981
29.1376,0.00641094,0.0124237,-0.00283209
29.2016,0.00298613,0.00896934,-0.00279503
29.2656,0.00864101,0.00805697,-0.000803219
29.3296,-0.00154284,0.0104461,-0.0022325
29.3935,0.00457133,0.00847262,-0.0027702
29.4577,0.0112554,0.00785649,-0.00302597
29.5218,-0.00037601,0.0125609,-0.00270014
29.5855,0.00488028,0.00891979,-0.000676683
29.6496,0.00381785,0.0104007,-0.00238396
29.7137,-0.00621422,0.00884416,-0.00246046
29.7775,0.00580701,0.0102809,-0.00285665
29.8414,-0.000553325,0.0108538,-0.000522206
29.9056,0.0100469,0.00834804,-0.00252822
29.9694,-0.00219374,0.0105656,-0.000400215
30.0334,0.00212623,0.00857318,-0.00231722
30.0974,0.0110815,0.010078,-0.000700503
30.1617,0.00205616,0.0107118,-0.000129533
30.2255,0.00221006,0.0086431,-0.00224443
30.2894,0.00408598,0.0103446,-0.000520555
30.3537,-0.00782396,0.00887467,-0.00209855
30.4175,0.008119,0.0101954,-0.000606967
30.4813,-0.00681081,0.00889146,4.49118e-05
30.5454,0.000858198,0.0104162,-0.00220565
30.6095,0.0103057,0.0104675,-0.00061632
30.6733,-0.0155798,0.00924644,0.000186386
30.7373,0.00599844,0.0102755,-0.00229042
30.8012,0.00132472,0.00859978,-0.000457361
30.8652,-0.00030444,0.0104649,-7.839e-05
30.9293,0.00384742,0.00850372,-7.07816e-05
30.9933,6.57535e-05,0.0082701,-0.00218252
31.0574,0.00595576,0.0101704,-0.000512621
31.1215,-0.00267407,0.00869679,-4.86606e-05
31.1852,-0.00184259,0.00835645,-0.00217766
31.2493,-0.00550338,0.0105466,-0.000369972
31.3134,-0.0039277,0.00873319,-3.90533e-05
31.3772,-0.00370036,0.0105984,-0.00216021
31.4411,-0.00489534,0.00880914,-0.000388746
31.5052,-0.00514828,0.00843163,-0.00221463
31.5691,0.000135818,0.00820356,-0.000453191
31.6332,-0.00496126,0.00833126,-0.00222394
31.6977,-0.00680374,0.0126962,-0.000393361
31.7613,0.00404972,0.00896162,-0.000117325
31.8253,-0.00303512,0.00845267,-0.00217605
31.8891,-0.00360041,0.008353,-0.000418119
31.9532,0.00308413,0.00808625,-0.000103934
32.0173,-0.0062799,0.01273,-0.0021666
32.0811,-0.000795185,0.00910252,-0.000437069
32.1451,-0.0100987,0.00867921,-4.93717e-05
32.2092,0.00041614,0.00819333,-0.00219612
32.273,-0.00908006,0.0106795,-0.000418838
32.337,-0.00395214,0.010927,-7.95925e-05
32.4011,0.00209346,0.0108173,-1.86547e-05
32.4652,-0.00181072,0.00876007,-0.0021801
32.5291,0.000210822,0.00828851,-0.000437449
32.5929,-0.00115762,0.00825909,-8.85857e-05
32.6572,-0.00258426,0.0104241,-0.00219749
32.7211,0.000786202,0.0107745,-0.000438253
32.7849,-0.00424773,0.00885963,-9.90092e-05
32.8492,-0.00407937,0.0105714,-0.0022075
32.9132,0.00352658,0.00852433,-0.000427062
32.9769,-0.00893469,0.0129521,-0.00231943
33.041,0.00574004,0.00888964,-0.000426593
33.1048,-0.00506136,0.0107134,-0.00230719
33.1692,0.00219087,0.00854889,-0.000439176
33.2331,-0.00718993,0.0106826,-0.00232672
33.2968,-0.00440094,0.0109886,-0.000493558
33.361,0.00214806,0.0108135,-0.00225355
33.425,0.00779143,0.00848386,-0.000387932
33.4889,-0.0127715,0.00868331,-0.00239651
33.5531,0.0037364,0.0102487,-0.00259308
33.6171,-0.00264993,0.0108779,-0.000558671
33.6808,-0.00114827,0.00878064,-0.00231024
33.7448,0.00232163,0.00822547,-0.000434768
33.8088,0.0043201,0.0102547,-0.00222242
33.8729,0.00390482,0.00849464,-0.000406736
33.937,-0.00341782,0.0105401,-0.00232236
34.0008,-0.0050188,0.0109828,-0.000533175
34.0652,0.00128713,0.00863564,-0.00224865
34.1289,-0.00499345,0.0106414,-0.000539783
34.1927,-0.00117918,0.00869625,-0.000114408
34.2567,-0.00492988,0.0127873,-0.00229073
34.3207,-0.00175352,0.00912651,-0.000475445
34.3848,0.00386143,0.0104149,-0.00220092
34.4489,-0.00515469,0.0087928,-0.000554645
34.5126,-0.00740241,0.0107059,-0.000241197
34.5769,0.00282265,0.0107079,-0.00214158
34.6409,-0.000716962,0.0109068,-0.000460975
34.7047,-0.00455933,0.00887852,-0.00237665
34.7686,-0.00218521,0.00835918,-0.000507966
34.8327,-0.00158829,0.0104247,-0.00013335
34.8967,-0.00202687,0.0108552,-0.00225271
34.9607,0.00474972,0.0107532,-0.00033293
35.0245,-0.0126914,0.00910672,-0.00259177
35.0888,0.00559218,0.0081133,-0.00249279
35.1527,-0.00494423,0.00834104,-0.00065919
35.2166,-0.00351409,0.00829726,-0.000202986
35.2805,-0.00142973,0.0125993,-0.00225142
35.3446,0.00654258,0.00886526,-0.00244582
35.4085,-0.00140365,0.00841332,-0.00057321
35.4724,-0.000385499,0.00823384,-0.00230444
35.5365,-0.00368235,0.00828893,-0.000571102
35.6006,0.00356982,0.0102554,-0.00217176
35.6646,-0.0066562,0.00879238,-0.00284296
35.7284,-0.000711966,0.00830985,-0.000558453
35.7926,-0.00177824,0.00823621,-0.00234606
35.8566,-0.000395968,0.00818755,-0.00265537
35.9204,0.00554832,0.0102401,-0.000358523
35.9844,-0.00268323,0.0086979,-0.00238461
36.0484,-0.00184563,0.00831575,-0.00270674
36.1126,0.00132865,0.0125079,-0.00049139
36.1766,0.00166326,0.00900592,-0.00223545
36.2404,-0.00715484,0.0107487,-0.000725945
36.3044,0.00335974,0.00858027,-0.00216074
36.3685,-0.00511204,0.00840145,-0.00282909
36.4323,0.00560347,0.00807322,-0.000328276
36.4963,-0.0049421,0.0083171,-0.0024824
36.5603,0.0031557,0.010279,-0.000345347
36.6244,0.00396408,0.00850948,-0.00212512
36.6884,0.00539133,0.0081287,-0.000250179
36.7522,-0.00516503,0.0083515,-0.00249267
36.8165,0.00781295,0.00796315,-0.000143568
36.8803,-0.0150424,0.00857077,-0.00290241
36.9442,0.00430476,0.00808669,-0.000284634
37.0084,-0.00315365,0.00824906,-0.0024109
37.0723,0.0139754,0.00783675,0.000133014
37.1361,0.0015571,0.0081614,-3.45291e-05
37.2001,0.00637816,0.00802807,-0.00192976
37.2642,0.00434702,0.00806949,-0.00025713
37.3284,0.00264881,0.00809137,2.14179e-05
37.3922,0.00300987,0.0081201,-0.00207512
37.456,-0.0033209,0.00610214,-0.000601515
37.5203,0.00227879,0.0098389,7.01802e-06
37.5843,0.00628558,0.00837654,0.000267139
37.6481,-0.00084934,0.00829354,-5.42016e-05
37.7121,0.00128686,0.00816353,5.12347e-05
37.7761,0.0067851,0.00801741,0.00031879
37.8403,-0.00715186,0.00834011,-0.00253833
37.9042,0.00608381,0.00803018,-0.000144172
37.968,0.00288059,0.00813828,4.56484e-05
38.0323,0.00392885,0.00588519,0.000172541
38.0961,0.0075084,0.00756692,0.0003686
38.16,-0.00245293,0.00817411,-0.000138041
38.224,0.00671924,0.00799648,0.000338728
38.288,0.00426624,0.00589315,0.00021478
38.3521,0.00264571,0.00767061,0.000129184
38.4161,0.00599976,0.00576737,-0.00187049
38.4799,0.000993946,0.00772136,-0.000396401
38.544,0.00535905,0.0057722,0.000193732
38.6081,0.000479286,0.0055264,7.91109e-07
38.6719,-0.00581488,0.00781134,-0.000333439
38.7361,0.00518882,0.00576351,-0.00190002
38.8,0.00340873,0.00546025,-0.00025483
38.864,-0.00148162,0.00769436,-0.000181621
38.9279,0.00422226,0.00579708,0.00021266
38.9918,-0.00473616,0.00566469,-0.000280388
39.056,0.00546688,0.00532725,0.000304363
39.1201,-0.00312991,0.00552915,-0.000187981
39.1838,-0.00468218,0.00558507,-0.00246414
39.248,0.00554027,0.00531431,-0.00012088
39.312,-0.00179059,0.00549588,-0.000200076
39.3759,0.00388095,0.0053644,0.000203371
39.4398,-0.00117458,0.00549284,-8.11346e-05
39.504,0.00218952,0.00756703,0.00011947
39.5678,-0.00164668,0.00594389,-0.000107754
39.6317,-0.00749705,0.00572864,-0.000461281
39.6956,-0.0032741,0.00555799,-0.000206575
39.76,0.00532927,0.00530722,0.000318294
39.8238,0.0016855,0.00541928,9.5298e-05
39.8876,-0.00735914,0.00564367,0.00172127
39.9518,0.00204671,0.00322014,0.000558133
40.0158,-0.00462179,0.00512716,-0.000208848
40.0797,-0.00228785,0.00542924,-0.000133897
40.1437,0.00274229,0.00318514,0.00235164
40.2077,0.00135492,0.00498133,0.000515229
40.2716,-0.00222625,0.00324455,-5.82144e-05
40.3356,0.008316,0.00261151,0.00272311
40.3994,0.00153934,0.00489448,0.000531505
40.4635,0.000121087,0.00316055,0.00227133
40.5275,-0.000599829,0.0028301,0.000411384
40.5915,0.000835528,0.00490437,0.00013713
40.6556,0.002864,0.00308772,0.00237782
40.7195,-0.00193489,0.00286243,0.000309784
40.7833,-0.00282291,0.00282357,-9.95584e-05
40.8474,0.00355089,0.00263449,0.00242363
40.9116,-0.00109397,0.00274918,0.000361934
40.9754,0.00496004,0.00260779,0.000409174
41.0394,-0.00309999,0.000621961,0.00199414
41.1036,0.00929751,0.00205069,0.00104638
41.1674,-0.00179325,0.000505093,-3.03032e-05
41.2313,0.0022467,0.00221854,0.000162261
41.2955,0.00138296,0.00041864,9.39633e-05
41.3595,-0.00220395,0.000146629,-0.000144659
41.4233,0.00290741,-0.00223923,0.00019444
41.4873,-0.000212301,-0.000431527,0.00216773
41.5515,0.00501802,-0.000215064,0.000765021
41.6155,0.00294687,-0.00227388,0.000283939
41.6792,-0.00522904,-0.00249559,-0.000319279
41.7434,-0.000179072,-0.000519909,-7.20992e-06
41.8072,0.00598404,-0.00244137,0.000394107
41.8712,-0.000308016,-0.00263438,0.00216562
41.9352,0.00901143,-0.00294189,0.00102485
41.9993,-0.00207617,-0.00485025,-3.72596e-05
42.0633,0.0017364,-0.00320657,0.000134348
42.1272,0.0031524,-0.00508504,0.0023957
42.1913,0.00281434,-0.0032501,0.00062094
42.2551,0.00394568,-0.00511332,0.000345938
42.3191,0.00320146,-0.00544828,0.000228063
42.383,-0.00389486,-0.00534239,0.00195133
42.4472,0.00534482,-0.00340038,0.000774597
42.5113,0.00380273,-0.00510783,0.000331385
42.5752,-0.00169922,-0.00533304,-7.8346e-05
42.6392,0.00314451,-0.00770595,0.0023886
42.7032,-0.00249843,-0.00582219,0.000294776
42.7673,0.00144344,-0.00339247,0.000180268
42.8312,0.00142029,-0.00507583,0.000111218
42.895,0.000669301,-0.00540189,0.00223636
42.9594,0.00607903,-0.00557489,0.000804602
43.0232,0.00494781,-0.00559364,0.000389454
43.087,-0.00526105,-0.00533056,0.00190125
43.151,-0.00108877,-0.00324835,0.000382155
43.2151,0.00742206,-0.00521191,0.00270675
43.279,-0.00254884,-0.00530997,0.00250037
43.343,0.00393804,-0.00555046,0.0029454
43.407,-0.00394921,-0.00316374,0.000320176
43.4711,0.0150444,-0.003247,0.00315527
43.535,0.00314688,-0.00502222,0.00282883
43.5989,6.57514e-05,-0.00318292,0.00490609
43.6631,0.00708446,-0.00301368,0.00355987
43.7269,-0.013782,-0.00454946,0.00205138
43.7908,-0.00189854,-0.0031272,0.00264924
43.8549,0.00929979,-0.00308069,0.00325105
43.9189,0.00605504,-0.00292156,0.00306926
43.9828,0.00218704,-0.00280773,0.00504428
44.0468,0.00546762,-0.0028935,0.00347299
44.1108,0.0050737,-0.00288066,0.00309957
44.1749,0.00202768,-0.00278811,0.00285767
44.2389,0.00657708,-0.00292442,0.00309367
44.3027,-0.000152594,-0.00273836,0.00491889
44.3668,0.00498259,-0.00288061,0.00343757
44.4308,0.00647716,-0.00292713,0.00316975
44.4947,-0.00325442,-0.0026358,0.00257694
44.5588,0.00158303,-0.00278303,0.00499847
44.6228,0.00435626,-0.000685993,0.00339829
44.6868,-0.00175967,-0.00224154,0.00272613
44.7506,-0.0009084,-0.00262328,0.00488799
44.8146,-0.00218769,-0.000465413,0.00305325
44.8786,0.00364796,-0.00241363,0.00519542
44.9426,-0.00282268,-0.00255545,0.0052154
45.0066,0.000800635,-0.00055991,0.0032976
45.0707,0.00415576,-0.00243242,0.00523607
45.1347,-0.00192965,-0.000402261,0.00526407
45.1985,-0.00501309,-0.00211611,0.00518439
45.2626,0.00442017,-0.000616334,0.00568348
45.3266,0.00148552,-0.00233324,0.00553554
45.3906,-0.00172919,-0.000404734,0.0053654
45.4547,-0.00305224,6.5043e-06,0.00528738
45.5186,0.00173577,-0.00227243,0.00555089
45.5824,-0.00523307,-0.000265036,0.00519491
45.6464,-0.00497475,-0.0020989,0.00519709
45.7104,0.00239415,-0.000552972,0.00558157
45.7748,0.00313824,-0.000216643,0.00559258
45.8386,-0.00148778,-0.00215887,0.00539112
45.9025,0.00224408,-0.000538193,0.00558413
45.9665,-0.00335799,-0.00215179,0.00528328
46.0303,0.00280006,-0.000574683,0.00561194
46.0944,0.00163933,-0.000160844,0.00335869
46.1584,-0.00492856,-0.00202142,0.00694975
46.2224,-0.00076151,-0.000417808,0.00358352
46.2866,0.00335926,-0.000231246,0.005248
46.3506,0.00432845,-0.000196046,0.00342321
46.4143,-0.00422198,0.000159226,0.00261286
46.4786,0.000607625,-3.58205e-05,0.00494337
46.5425,-0.00413983,0.000156989,0.00513852
46.6063,-0.000747662,2.34864e-05,0.003222
46.6703,0.00195633,-8.61802e-05,0.00293672
46.7345,-0.0033886,0.000129851,0.0047434
46.7983,0.00598715,0.00192231,0.00566503
46.8622,-0.00753546,0.000746854,0.00286546
46.9263,-0.000477592,0.000101151,0.00280361
46.9904,0.00266053,0.00207299,0.00505863
47.0544,0.00134933,0.000375433,0.00323673
47.1182,-0.00104553,0.00230724,0.00494666
47.1822,0.0034987,0.00247969,0.00336418
47.2462,0.00129909,0.000465057,0.0028848
47.3103,0.00671441,0.00198758,0.00309351
47.3743,-0.00176464,0.00270885,0.00262937
47.4381,-0.00256169,0.000631546,0.00478067
47.5022,-0.000367279,0.00229478,0.00313832
47.5664,-0.00234972,0.000557304,0.000503839
47.6302,-0.000431589,0.00229125,0.00228456
47.6943,-0.00554658,0.000694771,0.00234258
47.7583,0.00537711,0.00202599,0.00299406
47.8222,-0.00822436,0.00081807,0.00228489
47.886,-0.00376502,0.0024426,0.000339764
47.95,0.00150298,0.000382411,0.00237097
48.0143,-0.00219422,0.00236453,0.000331823
48.0781,0.0003552,0.000433587,0.00229327
48.1421,-0.00172847,0.00235034,0.000356799
48.2063,0.00153157,0.000377143,0.00234843
48.2703,0.00348715,0.00211382,0.000638374
48.3341,-0.00337592,0.000609697,-9.31141e-05
48.398,-0.00571411,0.00253037,0.00188511
48.462,-0.00321293,0.000600422,0.000264519
48.5262,0.000851222,0.00222283,0.00230571
48.5901,0.000807253,0.000417272,0.000497716
48.6539,-0.00390017,0.00245371,-0.000128612
48.7182,-0.00582128,0.000713386,0.00187261
48.7821,0.00441871,0.00207088,0.000678364
48.8459,-0.0052083,0.000695786,-0.000199049
48.9099,-0.000300447,0.00228618,-4.3198e-06
48.9739,-0.000152197,0.000456367,0.0021752
49.038,2.91368e-05,0.00226783,0.000432267
49.1021,-0.00050361,0.000476271,5.8107e-05
49.1658,-0.00494907,0.0025058,-0.000263606
49.23,0.00746872,0.000110547,0.000417212
49.2938,0.00572921,0.00201231,0.000314282
49.3579,-0.0103891,0.000931755,-0.000580024
49.4218,0.00155244,1.9962e-05,8.63215e-05
49.4857,-0.00257628,0.000136651,-0.000143626
49.5499,0.00270633,0.00205624,0.000146084
49.614,0.00595034,0.000162366,0.000331632
49.6777,-0.0062929,0.000380544,-0.00253932
49.742,0.00367723,-0.000149874,-0.000229011
49.8059,0.00268829,-0.000119325,6.31225e-05
49.8698,-0.00642269,0.00029464,-0.000376589
49.9338,-0.000699542,3.78457e-05,-0.0022244
49.9977,-0.00106481,4.97352e-05,-0.00049843
50.0617,0.00329035,0.00203089,9.15011e-05
50.1256,0.00135716,0.000381094,-0.00212492
50.1896,-0.00398423,0.00026955,-0.000664072
50.254,0.0033516,0.00203921,9.60971e-05
50.3178,-0.00600822,0.000713663,-0.000356615
50.3815,-0.0053946,0.000338201,-0.00249341
50.4458,0.00142367,0.00212999,-0.000360226
50.5097,-0.0016788,0.000516876,-0.000183269
50.5735,0.000822057,0.00224112,-0.0021606
50.6375,-0.00594913,0.00072393,-0.000778425
50.7016,-0.00161996,0.00016421,-0.000180075
50.7658,0.00692979,0.00188884,-0.00180452
50.8298,-0.00541239,0.000683895,-0.000747924
50.8935,-0.00328639,0.00242279,-0.000281553
50.9575,-0.00280914,0.000587076,-0.00236104
51.0216,-0.00177812,0.000171651,-0.000540797
51.0855,0.00427288,0.00200965,0.000150922
51.1495,-0.00562702,0.000692287,-0.000340161
51.2134,0.00234861,-1.0065e-05,-0.00205328
51.2774,-0.00626408,0.00247923,-0.000803224
51.3416,-0.00620414,0.000714714,-0.000444071
51.4055,0.00306606,-4.86264e-05,0.000157963
51.4695,-0.000686863,0.00222989,-4.88441e-05
51.5334,-0.000788031,0.000475961,-4.71759e-05
51.5973,0.00406872,-9.93227e-05,0.00241777
51.6613,0.000242683,5.6693e-06,0.000450769
51.7255,0.0022899,0.00207891,0.000213716
51.7894,-0.00324836,0.000582939,-0.000170909
51.8533,0.000887524,4.81224e-05,5.44622e-05
51.9174,0.000828885,-1.95255e-05,4.84498e-05
51.9813,-0.00338265,0.00233245,0.00198092
52.0454,0.00373333,0.000268088,0.000650763
52.1092,-0.000433742,0.00010165,0.00224664
52.1733,-0.00310916,0.000156491,0.00027372
52.2372,0.00229341,0.00207759,0.00240293
52.3012,0.00153825,0.000366621,0.000543147
52.3652,0.000464905,0.00224248,0.00229411
52.4293,-0.000170851,0.000454442,0.00262295
52.4933,0.00531785,0.00202785,0.000831916
52.5571,-0.0145529,0.00330276,0.00143028
52.6211,0.000282393,0.00050814,0.0026543
52.6852,0.00545614,0.00202649,0.00302255
52.7492,0.0078585,0.0022662,0.00317833
52.8132,0.000823831,0.00048236,0.00277271
52.8772,0.006471,0.00197775,0.00310418
52.9413,0.00106403,0.00257877,0.00277948
53.0051,-0.00331694,0.00285943,0.00471422
53.0691,0.00838781,0.00231744,0.00365789
53.1331,0.000663144,0.000506264,0.00285328
53.1971,0.00410974,0.00208667,0.00298468
53.2611,0.00475285,0.00240336,0.0030074
53.3251,-0.00357707,0.000692799,0.00251186
53.3889,0.00312346,0.00213202,0.00291463
53.4531,-0.00332755,0.000610369,0.00252195
53.5171,0.00140903,0.00219578,0.00280455
53.5809,0.00598647,0.00015645,0.00309182
53.645,-0.00147617,0.00233612,0.00263026
53.709,0.00619015,0.000150182,0.000918345
53.773,-0.00250494,0.000207675,0.00213832
53.837,-0.00164215,9.13735e-05,0.00253985
53.901,0.00609452,-0.000306299,0.00308068
53.9649,-0.000418608,1.35793e-05,0.00270203
54.0289,0.00500189,-0.000257453,0.00302713
54.0929,0.00102607,-5.93549e-05,0.00278911
54.1569,0.000414173,0.00215206,0.00274535
54.2209,0.00265295,0.000294757,0.0028869
54.285,0.00277888,-6.15206e-05,0.00289227
54.3491,0.00292688,-0.000139323,0.00290144
54.4128,-0.0036728,0.000182251,0.00251294
54.4768,0.00314024,-0.000168269,0.00291986
54.5408,0.00758031,-0.000405506,0.00536834
54.6048,0.00241754,-0.000134444,0.00331162
54.669,0.00883183,-0.000466092,0.00334149
54.733,0.00198468,-0.000111415,0.00286347
54.7967,-0.0109713,0.000563612,0.0020761
54.8608,0.00922669,0.00168766,0.00328253
54.9249,0.00151202,0.000347438,0.00281458
54.9887,0.00450392,-0.000158385,0.00300504
55.0527,0.00114601,-5.87183e-05,0.00497946
55.1166,-0.000914876,4.20801e-05,0.00311367
55.1806,0.00510763,-0.000281,0.00312632
55.2446,0.00347102,-0.000194432,0.00295444
55.3086,0.00338942,-0.000190778,0.00293709
55.3727,0.00795732,0.00174126,0.0032027
55.4368,-0.00737943,0.000825984,0.00227331
55.5006,0.00268234,-7.54972e-05,0.00508014
55.5647,0.00279427,-0.000145608,0.00333275
55.6288,0.00216363,-0.000124272,0.00294385
55.6926,0.00128752,-7.16049e-05,0.000644393
55.7566,0.000917602,-5.78692e-05,0.00234928
55.8207,0.00693377,0.0017889,0.00305554
55.8844,-0.00457328,0.000683166,0.00243678
55.9484,-0.000237797,9.93114e-05,0.000529047
56.0124,0.00116635,-5.48279e-05,0.00236153
56.0767,-0.00023805,0.00218426,0.00261008
56.1407,0.00302802,0.000266394,0.000711176
56.2045,-0.00410212,0.000309129,0.00203927
56.2687,-0.00019943,0.00220395,0.000436619
56.3325,-0.000180773,0.000443086,0.00226296
56.3963,-0.00705926,0.000481773,2.32203e-05
56.4604,-0.00117487,0.00226239,1.1656e-05
56.5246,0.000458133,0.000404803,0.00222319
56.5884,-0.00758765,0.000512174,-2.63757e-05
56.6524,-0.00183191,0.000120087,-2.45645e-05
56.7163,-0.00116143,0.00225164,-6.16703e-05
56.7804,-0.00207716,0.000545585,0.00205184
56.8443,0.00339703,-0.000104968,0.000648253
56.9083,-0.00792361,0.000463016,-0.000402494
56.9724,0.00235507,-0.000129057,0.000163171
57.0365,-0.00536569,0.000302555,-0.000328446
57.1002,-0.00636911,0.000358457,-0.00039331
57.1642,-0.00190757,0.000107346,-0.000117868
57.2282,-0.00544501,0.000306336,-0.000336819
57.2922,-0.00189738,-0.00208033,0.00207004
57.3562,0.00220506,-0.000562542,0.000574064
57.4203,-0.00427815,0.000153821,-0.000176312
57.4842,-0.000625589,1.77554e-05,-2.10449e-05
57.5483,-0.00942984,0.000528653,-0.000578201
57.6121,0.00163592,-9.30265e-05,0.000101622
57.6761,-0.00452759,0.000255368,-0.000279158
57.7402,-0.0049178,0.000270961,0.00187673
57.8042,-0.0040094,0.00022548,0.000189133
57.8684,0.00488627,0.00189836,0.000382053
57.9322,-0.001619,0.000529426,-8.41002e-05
57.996,-0.00572864,0.000412343,-0.000351163
58.0602,-0.00252135,0.000160271,-0.000155336
58.1242,-0.00132907,7.87494e-05,-8.20918e-05
58.188,-0.00676496,0.000383665,-0.000418478
58.252,-0.000670213,3.80816e-05,-4.14565e-05
58.316,-0.00644099,0.00254567,-0.000407764
58.3802,0.00293654,0.000268579,0.000180549
58.4442,-0.00481333,0.000353375,0.00188319
58.5079,-0.00833851,0.000489612,-7.80482e-05
58.572,0.003388,-0.000189161,0.000298052
58.6361,-0.00671509,0.000381954,-0.000399049
58.6998,-0.00339978,0.000186016,0.00197816
58.7638,-0.0027073,0.000152676,0.000270665
58.8278,-0.00364925,0.000207553,-0.000138624
58.8921,0.00212941,-0.00012135,0.000149559
58.956,-0.00420556,0.000233031,0.0019254
59.0198,-0.000523895,2.84739e-05,0.000407253
59.0839,-0.000800152,4.54248e-05,3.81956e-05
59.148,-0.00613417,0.000344249,0.00181719
59.2118,-0.00315532,0.000179362,0.000246468
59.2759,-0.00188394,0.00010025,0.00215073
59.34,-0.00131042,7.37227e-05,0.000371335
59.4038,-0.00211298,0.000113826,0.00214563
59.4678,-0.00272656,0.000155611,0.000286174
59.5318,0.000231476,-2.16807e-05,0.00228703
59.5959,-0.00574328,0.000330507,9.7159e-05
59.66,0.00164658,-0.000104122,0.00237288
59.7238,9.86131e-05,-1.52563e-05,0.00264714
59.788,-0.00385321,0.000222305,0.000286496
59.8519,0.00259423,-0.000160099,0.00245049
59.9157,-0.00568509,0.000330032,0.00010797
59.9801,-0.00534563,0.000304857,0.00193358
60.0438,0.00967057,0.00160819,0.00323801
60.1077,-0.00287811,0.000598633,0.00253225
60.1717,-0.00357245,0.000289056,0.00250149
60.2357,5.49864e-06,7.08912e-06,0.00272619
60.2998,0.00795971,-0.000480146,0.00321909
60.3638,-0.00113821,0.00224026,0.0026473
60.4276,2.7818e-05,0.00042731,0.00273414
60.492,0.000976419,9.98787e-06,0.00495175
60.5558,-0.0015147,9.71033e-05,0.00307198
60.6196,0.000258027,-2.27609e-05,0.00283745
60.6836,-0.000793321,3.85236e-05,0.00269627
60.7477,0.00144068,0.00207402,0.0049928
60.8119,0.00380668,0.000189164,0.00339158
60.8756,0.00101641,1.4376e-05,0.00288455
60.9395,-0.00553699,0.00034816,0.00240381
61.0037,0.002116,-0.00014719,0.00503788
61.0676,0.00447759,-0.000289778,0.00344584
61.1315,-0.00443164,-0.00191848,0.00255233
61.1954,0.00424049,-0.000713124,0.00301278
61.2595,0.0013701,-0.000183821,0.00281557
61.3235,-0.00088753,1.9385e-05,0.00485439
61.3875,0.00529901,-0.000350684,0.0034943
61.4515,-0.00473761,-0.00189261,0.00252893
61.5156,0.00692993,-0.000897295,0.00535191
61.5797,0.00321614,-0.000304799,0.00336087
61.6434,-0.00349375,-0.00200075,0.00480699
61.7074,0.00208291,-0.000588349,0.00331588
61.7714,0.00014648,-0.00229024,0.00283694
61.8354,0.00205621,-0.000597736,0.0028724
61.8994,-0.00117661,-0.0022071,0.00266798
61.9634,-0.00351876,-0.000244571,0.00469312
62.0275,0.00932512,-0.000713984,0.00373498
62.0916,-0.0102028,-0.00153894,0.00219302
62.1554,-0.000334607,-0.000431129,0.002731
62.2193,0.00433426,-0.000385793,0.00300247
62.2833,-0.00904563,-0.00161807,0.00436578
62.3473,0.00555665,-0.000822987,0.00350791
62.4113,-0.00433911,0.000189928,0.00254831
62.4754,0.00450462,-0.000330082,0.00301771
62.5394,0.00763134,-0.000515412,0.00101659
62.6034,-0.00577131,-0.00181106,0.00412877
62.6672,-0.0024115,-0.000280607,0.000754529
62.7314,-0.00388484,0.000164589,0.00211906
62.7954,0.00173095,-0.00014553,0.00275972
62.8592,-0.000863314,4.37767e-05,0.00266487
62.9232,-9.52573e-05,3.51642e-06,0.000538199
62.9873,-0.0034977,0.000227916,0.00207541
63.0514,-0.00125861,7.46103e-05,0.00255929
63.1154,-0.00250959,0.000168451,0.000374054
63.1792,-0.0017285,0.00010832,0.00218669
63.2433,-0.00455257,0.000300495,0.00235539
63.3073,0.00495304,-0.000340672,0.000831265
63.3712,-0.0135705,0.000921801,0.00145878
63.435,-0.00533839,0.000364178,0.000133458
63.499,0.00238597,-0.000173872,0.00241896
63.5633,0.00200486,-0.000149263,0.00275155
63.6273,0.00515899,-0.000367999,0.00302228
63.6911,-0.000629268,4.10807e-05,0.00050654
63.7555,0.00160581,-0.000120985,0.00237939
63.8193,0.000882643,-7.24738e-05,0.00269733
63.883,-0.00530536,0.000365932,0.000208963
63.947,-0.00131153,8.13747e-05,0.0022077
64.011,0.00273853,0.0019785,0.00279805
64.075,-0.00326794,0.000662075,0.000325843
64.139,0.00205627,-6.65423e-05,0.00241291
64.2029,-0.00402688,0.0002889,0.00239584
64.2671,-0.00164261,-0.00206,0.000434724
64.3309,-0.000105437,-0.000439443,0.00228602
64.3949,-0.00029566,-7.80353e-05,0.00262279
64.459,0.00282024,-0.000218445,0.000700077
64.5228,-0.00177927,0.000112583,0.0021825
64.5868,0.0023069,-0.000175672,0.00278045
64.6508,0.00122719,-9.90094e-05,0.00278539
64.7148,-0.000407093,1.72199e-05,0.00269772
64.7788,-0.000496522,3.29788e-05,0.000514542
64.8426,0.00315196,-0.000245547,0.00467225
64.9067,-0.0018309,0.000126885,0.00078417
64.9709,0.00437794,-0.000324615,0.00262256
65.0349,0.00163838,-0.00012936,0.00275173
65.0987,-0.00227963,0.000152545,0.00258013
65.1627,0.000693403,-7.21758e-05,0.00494963
65.2267,0.000911371,-8.02243e-05,0.00321861
65.2907,0.00446097,-0.000326502,0.000906087
65.3546,-0.000560683,3.08128e-05,0.00227562
65.4186,0.00545273,-0.000409761,0.00297768
65.4829,0.00127467,-0.000105103,0.00277714
65.5469,0.00562569,-0.000424716,0.00306836
65.6106,0.000165805,-2.42174e-05,0.00274442
65.6747,-0.00050014,-0.00215572,0.00270644
65.7387,0.00484618,-0.000794786,0.000842378
65.8025,-0.00692073,0.000405738,0.00405916
65.8666,0.00551324,-0.000440625,0.00341154
65.9305,0.00296938,-0.000226536,0.000797728
65.9946,-0.0027458,0.00237422,0.00212612
66.0586,0.00288891,0.000208796,0.0028167
66.1224,0.00328005,-0.000180558,0.00509847
66.1867,0.00774436,-0.000578504,0.00362222
66.2507,0.00615543,-0.000472484,0.00319067
66.3144,-0.00160442,0.00010939,0.00265487
66.3787,0.0089058,0.0014899,0.00326043
66.4426,-0.00174876,0.000556213,0.00261835
66.5065,-7.28145e-05,8.05206e-05,0.00272851
66.5707,0.00209548,-0.000165539,0.0050268
66.6345,-7.57043e-05,-5.46592e-06,0.00316277
66.6983,0.00787702,-0.000616542,0.0033068
66.7624,0.00139563,-0.000119732,0.00283079
66.8264,0.00140825,-0.000121194,0.00281652
66.8904,0.00284405,-0.000232374,0.00290241
66.9544,-0.00455126,0.000330385,0.00462975
67.0183,0.00476916,-0.0003858,0.00346003
67.0825,0.00254486,-0.000211473,0.00296397
67.1465,0.000271493,-4.45844e-05,0.00494285
67.2103,0.00469605,-0.000383506,0.00346352
67.2743,-0.00143649,9.95931e-05,0.00272611
67.3385,0.00334513,-0.000276753,0.00294354
67.4023,0.00103379,-0.000105425,0.00498509
67.4664,-0.00190283,0.000125596,0.00522696
67.5305,0.0063931,-0.000525114,0.00363645
67.5942,-0.00962177,0.000754601,0.00225202
67.6586,0.00287815,-0.000255919,0.00508476
67.7222,0.00533695,-0.000456745,0.00570066
67.7864,0.00434043,-0.000366265,0.00351221
67.8505,0.00336122,-0.000297225,0.00521602
67.9142,-0.00172031,0.00012406,0.00308932
67.9783,0.00864413,-0.000731172,0.00552804
68.0424,0.00317302,0.00189346,0.00554317
68.1062,-0.00462741,0.000792894,0.00516286
68.1702,0.00350839,-0.000218057,0.00348781
68.2343,0.00153206,-0.000134647,0.00510135
68.2981,-0.00236,0.000172793,0.00523207
68.3622,0.0011068,-0.000119814,0.00550546
68.426,0.00110427,-0.000120604,0.00552821
68.4902,0.00630326,-0.000546615,0.00365513
68.5542,-0.00564656,0.00263227,0.00465413
68.618,-0.00252114,0.000635097,0.00303493
68.6821,0.00573452,-0.000426288,0.00535098
68.7462,-0.00816583,0.000686966,0.00485416
68.8099,-0.00688302,0.000574581,0.00284089
68.874,0.0082949,-0.000738937,0.00552375
68.9382,0.00354577,-0.000321532,0.00339563
69.002,-0.000743977,3.80622e-05,0.00496336
69.066,-0.00675125,0.00273881,0.00493621
69.1298,0.00590658,-9.23758e-05,0.00362527
69.1941,0.00115704,-4.01805e-05,0.00507367
69.2581,-0.000375175,3.32299e-05,0.00315645
69.3218,-0.00435149,0.0003586,0.0047493
69.386,0.00510309,0.00171223,0.00348306
69.4501,0.00480662,-1.68355e-05,0.00528758
69.5138,-0.00538265,0.000546502,0.00285902
69.5778,0.00186813,-0.000163623,0.00293665
69.642,0.00100729,0.00206441,0.00496791
69.7058,-0.00304392,0.000692662,0.0029825
69.7699,0.00102957,-2.01014e-05,0.00287528
69.8337,-0.00406131,0.00254047,0.00467116
69.8979,0.0113805,-0.000601748,0.0038671
69.9618,0.00224197,-0.000129247,0.0029559
70.0257,-0.00492031,0.000435416,0.00462919
70.0898,0.00616563,0.00160569,0.0035374
70.1537,0.00226218,0.00021651,0.00295595
70.2177,0.00134102,-4.96644e-05,0.00283028
70.2818,0.00280972,-0.000266958,0.00508391
70.3458,-0.00183307,0.000153203,0.00304627
70.4096,-0.000509838,3.12593e-05,0.00279096
70.4736,-4.46086e-05,-1.14938e-05,0.00274328
70.5378,0.0106285,0.00118396,0.00337934
70.6016,-0.0029509,0.0006831,0.0047302
70.6656,-0.00537575,0.000566726,0.00282695
70.7296,-0.000214357,8.01522e-06,0.0049829
70.7938,0.0048035,-0.000461908,0.00347356
70.8577,0.00311519,0.00187711,0.00300281
70.9215,0.000250116,0.000387428,0.00495175
70.9856,-0.00656823,0.000684991,0.00275324
71.0497,-2.83542e-05,3.44097e-06,0.0028085
71.1135,-0.00239666,0.00238628,0.00477316
71.1778,0.00103435,0.000319001,0.00322066
71.2416,0.00483498,-0.000400993,0.00530691
71.3054,-0.0115067,0.00109143,0.00246438
71.3694,0.0032034,0.0018632,0.00301128
71.4334,0.00105986,0.000319876,0.00281016
71.4976,0.00469623,-0.00039198,0.00520011
71.5615,-0.00104757,9.88855e-05,0.00309942
71.6253,-0.00661029,0.00280603,0.00238833
71.6895,0.00494012,-5.5726e-05,0.00305141
71.7537,-0.000662531,0.000134303,0.00268004
71.8174,-0.0048873,0.000472738,0.0024281
71.8814,0.00140182,0.00201859,0.00498769
71.9454,-0.00576736,0.000977425,0.00279325
72.0094,-0.00110723,0.000177588,0.00274273
72.0733,9.84464e-05,-9.06943e-06,0.00275584
72.1373,-0.00290112,0.000269798,0.00254718
72.2015,0.00217042,-0.000228481,0.00285719
72.2656,-0.00508027,0.000480972,0.00240097
72.3292,-0.00926302,0.000891908,0.0021482
72.3934,0.00359681,-0.000355931,0.000775133
72.4575,-0.00900746,0.000871537,0.00171476
72.5213,0.00153302,-0.000167769,0.00274311
72.5854,-0.00407515,0.000385172,0.00244722
72.6494,-0.000664491,4.84894e-05,0.00268099
72.7132,-0.00289309,0.000269276,0.00255006
72.7772,0.000914797,-9.38914e-05,0.000605022
72.8412,0.00081005,0.00208651,0.0023287
72.9051,-0.000480041,0.000469419,0.0026114
72.9691,-0.00387771,0.000469434,0.000281582
73.0331,0.00150963,-0.00014738,0.00238331
73.0973,-0.000822968,8.24044e-05,0.000403018
73.1613,0.00151748,-0.000165079,0.00236839
73.2251,-0.00109446,0.00227771,0.00255778
73.2892,-0.00329903,0.00076245,0.000313887
73.3532,-0.00177981,0.000264394,-8.72821e-06
73.417,-0.00553869,0.000557714,0.00185146
73.481,-0.00177219,0.000177982,0.000328196
73.5452,-0.00207278,0.00019396,0.00213281
73.609,-0.00289736,0.000287469,0.000270325
73.673,-0.00307825,0.00248919,-0.000120219
73.737,-0.000607255,0.000483359,0.00215764
73.8011,0.00875818,-0.000794438,0.00100051
73.8652,-0.00343075,0.000361121,-0.00013232
73.9289,-0.00130386,0.000134229,-6.59633e-05
73.993,-0.00250452,0.000238578,0.00202172
74.0571,6.93774e-05,-9.61016e-06,0.000441249
74.1209,0.000964708,-9.75001e-05,0.000149565
74.185,-0.00158591,0.000159307,-8.42074e-05
74.249,0.00342956,-0.000344755,0.000223483
74.3129,-5.25339e-05,0.0021898,-1.68606e-05
74.3768,-0.00552979,0.000993542,-0.000358359
74.4409,0.00326232,-0.000240346,0.000209281
74.5051,-0.00375912,0.000395297,-0.000241881
74.569,0.00309702,-0.000292769,-0.0019842
74.6329,0.00336664,-0.000334205,-0.000221656
74.697,0.000567979,-5.62724e-05,-5.08227e-05
74.7611,0.00578057,-0.000564415,-0.00182612
74.8249,-0.0160951,0.00161512,-0.00147764
74.8889,0.00277402,-0.00026174,-0.0020902
74.9529,0.0050843,-0.000490117,-0.00230848
75.0168,-0.00382635,0.000398048,-0.00295882
75.0807,0.000722856,-5.43601e-05,-0.00268127
75.1448,0.00943641,-0.000902529,-0.00429464
75.2086,0.00349689,-0.00032574,-0.00294567
75.2726,0.00886785,-0.00302251,-0.00441486
75.3367,-0.00623751,0.000208432,-0.00575697
75.4009,0.00357784,-0.000417061,-0.0030146
75.4649,0.00118132,-8.80709e-05,-0.0071148
75.5286,-0.00178322,-0.00198282,-0.00592893
75.5929,0.0104307,-0.00140872,-0.00483351
75.6569,0.0014443,-0.000193319,-0.00537364
75.7206,0.00314713,-0.00245985,-0.00745213
75.7847,0.00514529,-0.000881792,-0.00774094
75.8487,0.00599633,-0.000621294,-0.00558891
75.9126,0.00137352,-0.0022864,-0.00765511
75.9766,0.000339356,-0.00042406,-0.0080642
76.0405,0.00944839,-0.00312021,-0.00538128
76.1047,0.0112174,-0.00144967,-0.00700815
76.1687,0.000650619,-9.26935e-05,-0.0102348
76.2325,-0.00192647,-0.00197636,-0.0087264
76.2966,0.00458401,-0.000810194,-0.00797017
76.3606,0.00370607,-0.000364287,-0.0101393
76.4244,0.00214906,-0.00233488,-0.0106801
76.4885,0.00916794,-0.00120938,-0.00812575
76.5525,0.0105144,-0.000960561,-0.00980023
76.6164,0.000206966,1.07504e-05,-0.00863174
76.6803,0.00553926,-0.000442376,-0.007935
76.7446,0.00390473,-0.00245901,-0.0100924
76.8083,0.00474787,-0.000789156,-0.0105365
76.8723,-0.000893082,4.56603e-05,-0.010952
76.9363,0.00171485,-0.000116617,-0.00861311
77.0006,0.0175543,-0.00142281,-0.00933872
77.0645,0.0037739,-0.00243106,-0.0127499
77.1284,0.0071505,-0.000983369,-0.00871828
77.1923,0.00523573,-0.000463705,-0.0102354
77.2565,-0.000889456,0.000108633,-0.010866
77.3203,0.0069095,-0.000517224,-0.00830668
77.3842,0.00179431,-8.19883e-05,-0.0125448
77.4483,0.00403258,-0.000263719,-0.011002
77.5123,0.00440942,-0.0024848,-0.00850916
77.5762,0.00417505,-0.000712396,-0.0102351
77.6403,-0.00196451,0.000105839,-0.00875448
77.7043,0.00853763,-0.000621232,-0.00991333
77.7684,0.007423,-0.000505127,-0.0125251
77.8322,-0.00112583,0.000126282,-0.00923497
77.8963,0.00547393,-0.000358773,-0.0102121
77.9604,0.00637967,-0.000432946,-0.00824546
78.0241,-0.00304138,0.000278375,-0.0128719
78.0881,0.00709357,-0.000474229,-0.00863131
78.1523,0.0143096,-0.000982137,-0.00962893
78.216,-0.0174444,0.00128303,-0.00976517
78.2801,0.00818784,-0.000542286,-0.00776136
78.3441,0.00322861,-0.00018184,-0.0101862
78.4083,0.00925185,0.00156826,-0.00802231
78.4722,0.0052861,0.000106149,-0.00794645
78.536,0.00848838,-0.000459919,-0.00769048
78.6001,0.01335,-0.000857585,-0.00733883
78.6641,0.00620862,-0.000382944,-0.00779191
78.7279,-0.00628558,0.000448398,-0.0064117
78.792,0.00387836,-0.000225531,-0.00749654
78.8561,-0.000205497,0.00221687,-0.00592465
78.9199,-0.00380388,0.000712819,-0.00579993
78.9842,0.00147841,1.27651e-05,-0.00536338
79.0479,0.00399834,-0.00022142,-0.00521951
79.1119,-0.00584191,0.000398217,-0.00364467
79.1759,-0.00980986,0.000651148,-0.00345372
79.2399,0.00139654,-6.92762e-05,-0.0048419
79.3041,0.00546947,-0.000350415,-0.000637916
79.3681,-0.00110961,8.10451e-05,-0.00244743
79.4318,0.00309223,-0.00018839,-0.00247286
79.4959,0.00864184,-0.000555126,1.12885e-05
79.5601,0.00349937,-0.000216006,-0.00206448
79.6239,-0.00010655,8.67443e-06,-0.000465983
79.6879,-0.000550513,3.57718e-05,-0.000126587
79.7517,0.0022977,0.00203792,0.000117839
79.816,-7.36861e-05,0.000439415,-1.00428e-05
79.8798,-0.00273514,0.000263225,-0.000173643
79.9438,0.00640929,-0.000394744,0.000404144
80.0078,-0.0016853,0.00228503,0.00206521
80.0717,-9.27978e-05,0.00044326,0.000430498
80.1357,0.000912044,2.87432e-05,0.000145082
80.1997,-0.00128778,0.00227201,0.00210668
80.2637,-0.000582882,0.0004672,0.0025829
80.3277,0.00150478,0.00215976,0.00279194
80.3917,0.00101395,0.000376505,0.00278452
80.4557,0.00784877,-0.000422997,0.00104432
80.5197,0.00035499,0.00216691,0.00230332
80.5836,0.00257316,0.000252273,0.00499086
80.6476,0.00179314,0.00213857,0.0032537
80.7116,0.000871981,0.000384086,0.00286247
80.7755,0.00183498,0.00214233,0.00285717
80.8396,-0.00116208,0.000519525,0.00264963
80.9037,0.00227176,0.00209754,0.00504153
80.9677,0.00478181,0.000120786,0.00346996
81.0315,-0.00570601,0.00264829,0.00244333
81.0955,0.00455625,0.000124885,0.00521495
81.1595,-0.000971756,0.00232479,0.00309464
81.2235,0.00487453,0.00228207,0.00530185
81.2876,0.000120672,0.000495451,0.0053648
81.3516,-0.00231391,0.00243068,0.00309234
81.4157,-0.000421981,0.000463495,0.00498031
81.4796,-0.000164488,0.00226124,0.00534822
81.5434,0.00164606,0.000318082,0.0055563
81.6074,0.00266222,0.00206144,0.0056173
81.6714,0.000622693,0.000396119,0.00331033
81.7355,0.00280428,0.00205037,0.00518886
81.7995,0.000723988,0.000388272,0.00322807
81.8633,0.00148934,0.00214728,0.00509778
81.9275,-0.00182507,0.000559645,0.00523376
81.9916,0.00183352,0.00212304,0.00335843
82.0554,-0.00672557,0.000925918,0.00239316
82.1193,-0.000909686,0.000133259,0.00487298
82.1834,0.00380478,0.00190872,0.00340886
82.2474,0.00023336,0.000409613,0.00282744
82.3116,0.0070271,-0.00043586,0.00320268
82.3753,-0.00201585,0.000151612,0.00260541
82.4395,-0.00276702,0.000192418,0.00254005
82.5035,0.00219438,-0.000173086,0.00287284
82.5673,-0.00422352,0.000306117,0.000269544
82.6313,0.00180998,0.00203711,0.00240069
82.6953,0.00108804,0.000354185,0.000528187
82.7595,0.00546551,-0.000325887,0.00263036
82.8235,-0.000515495,5.29806e-05,0.000420416
82.8873,0.000242686,-1.47779e-05,0.000107557
82.9514,-0.000793517,5.888e-05,-3.43013e-05
83.0154,-0.000238894,2.81631e-05,-0.00219189
83.0792,-0.00645869,0.000475311,-0.000866266
83.1432,0.00027514,-1.97271e-05,-6.94663e-05
83.2071,0.00307395,-0.000213801,-0.00199817
83.2711,0.000709437,0.00214082,-0.00258368
83.3351,-0.00228102,0.000605855,-0.000678912
83.3991,0.0035286,-0.000157761,-0.00205227
83.4634,0.0017376,-9.60262e-05,-0.00251464
83.5272,0.00632842,-0.000441127,-0.00229203
83.5911,-0.00454557,0.000341301,-0.00302927
83.655,-0.000382912,4.07989e-05,-0.00275585
83.719,-0.000106766,-0.00216121,-0.00272572
83.783,-0.000179241,-0.000410839,-0.00273665
83.847,0.000734867,-0.000127003,-0.00267777
83.911,0.00403338,-0.00029204,-0.00245944
83.9752,0.00365517,-0.000250633,-0.00247813
84.0392,0.00723833,-0.00048939,-0.0044308
84.1031,-0.00674977,-0.00169295,-0.00360413
84.1673,-0.00590203,2.55631e-06,-0.00537225
84.2312,0.0105801,-0.000813133,-0.00248433
84.2949,-0.00620316,0.00042831,-0.00323791
84.3589,0.00590127,-0.00257116,-0.00453028
84.4228,0.00531799,-0.000792149,-0.00281816
84.4871,0.0113179,-0.00301955,-0.00422681
84.5511,0.00859856,-0.00103033,-0.00261136
84.615,-0.00203527,-0.00212385,-0.00294642
84.6791,0.00949002,-0.00109077,-0.0021162
84.7432,0.00826637,-0.00281252,-0.00435932
84.8069,-0.00158743,-0.000336364,-0.00327844
84.8709,0.00265225,-0.000258949,-0.00264428
84.9347,0.00263648,-0.00236849,-0.00256857
84.9989,0.00620128,-0.000844823,-0.002319
85.063,0.00768049,-0.00277132,-0.00221445
85.1267,-0.00456184,-0.000139527,-0.00303032
85.191,0.0100194,-0.000748875,-0.00206822
85.255,0.00334288,-0.000229672,-0.00250944
85.3188,0.000508625,-0.00221108,-0.00269125
85.3828,0.00495043,-0.000754598,-0.00240457
85.4467,-0.00271061,0.000102847,-0.00290749
85.5107,0.00634937,-0.00260603,-0.00230884
85.5747,-0.000721569,-0.000389358,-0.000590206
85.6387,0.00198422,-0.000208829,-0.0021622
85.7029,0.00579865,-0.00256416,-0.00225062
85.7668,0.00187793,-0.000561473,-0.000405539
85.8307,0.00361235,-0.000315227,-0.00205532
85.8948,0.00343552,-0.000240875,-0.000236287
85.9589,0.00233735,-0.000156329,5.94251e-05
86.0226,-0.0080959,0.000530002,-0.000540544
86.0868,-0.00144058,-0.0020828,-8.74945e-05
86.1508,0.00507814,-0.000768453,0.00032764
86.2146,-0.00159178,1.66758e-05,-0.00010217
86.2785,0.00298828,-0.000213467,0.000192238
86.3425,0.00161527,-0.000109391,0.000103897
86.4065,0.000670179,-5.39142e-05,0.00222401
86.4705,0.00273456,-0.000181689,0.000612623
86.5345,-0.00344319,0.000225887,-0.000134084
86.5986,0.00667592,-0.000438812,0.000446821
86.6627,-0.000758156,4.11504e-05,0.00213366
86.7264,-0.00342811,0.000224115,0.000219686
86.7905,0.00415384,-0.00246463,0.00254307
86.8547,-0.000405615,-0.000409869,0.000427887
86.9184,-0.00784672,0.000423263,0.00177419
86.9824,0.00225151,-0.00234949,0.000608433
87.0465,-0.00579933,-6.37535e-05,0.00190288
87.1105,0.001491,-0.00236852,0.000558264
87.1745,-0.00538479,-0.000104116,0.00192981
87.2383,-0.00551548,0.000274175,0.000105705
87.3027,0.00348219,-0.00243443,0.00249443
87.3666,7.45201e-05,-0.000446675,0.000460679
87.4303,0.00196341,-0.000229992,0.00240417
87.4943,-0.000108851,-0.00219337,0.000458555
87.5586,0.00496293,-0.000780716,0.00258382
87.6223,-0.000580862,-5.11312e-05,0.000419983
87.6863,0.00610322,-0.000438664,0.00266172
87.7503,-0.00169844,0.000100164,0.00252866
87.8143,0.000970586,-6.83777e-05,0.000589569
87.8781,0.00819629,-0.0027485,0.00281656
87.9422,-0.00297677,-0.000245566,0.00245173
88.0064,0.00627732,-0.000514895,0.00092314
88.0703,-0.00125168,5.83232e-05,0.00220833
88.1342,0.00181175,-0.000138517,0.00275878
88.1983,0.0105132,-0.000719714,0.00119294
88.2623,0.00109784,-8.45856e-05,0.00235661
88.3262,0.0026284,-0.00237408,0.002816
88.3903,-0.00128797,-0.000350263,0.000448444
88.4543,0.00501046,-0.000441874,0.00260271
88.5181,0.00514965,-0.000383989,0.00297044
88.5821,-0.000156506,-0.00218518,0.00271018
88.6461,0.00608549,-0.000870429,0.00310714
88.7103,0.0040157,-0.000367513,0.000795636
88.7742,0.0055415,-0.00259548,0.00264891
88.8381,-0.000381906,-0.00042613,0.00262057
88.9023,0.00528462,-0.000457874,0.000858417
88.9663,0.00373866,-0.000288436,0.0025227
89.0301,-0.000647627,-0.00214551,0.000429495
89.0941,0.000928503,-0.0005129,0.00233294
89.1582,0.000872519,-0.000150417,0.000508594
89.2219,0.00246368,-0.00238796,0.00244206
89.2859,0.00206856,-0.000588528,0.000587209
89.3499,-0.000198494,-0.00226497,0.00226964
89.4142,0.00663183,-0.00309606,0.000874422
89.478,0.00104974,-0.000601819,0.000158084
89.5419,0.0021887,-0.00245293,0.00234644
89.6061,0.00454208,-0.00295769,0.000730661
89.6702,0.00180759,-0.000653289,0.000201328
89.7338,-0.00152588,-0.0021972,0.00212327
89.7979,1.95756e-05,-0.00264071,0.000453197
89.8621,0.00563581,-0.000924491,0.000435843
89.9259,-0.00162821,-0.00217644,-7.16206e-05
89.9899,-0.00578307,-0.00223132,-0.000337341
90.0537,-0.0028756,-0.000327562,-0.000172289
90.118,0.006997,-0.00277362,0.000434632
90.182,0.003263,-0.000686961,0.000200258
90.2458,-0.000783184,-3.66267e-05,-4.7259e-05
90.31,0.00062308,-0.00223995,4.70259e-05
90.374,0.00802601,-0.00100606,0.000488523
90.4378,0.00280625,-0.00247147,0.000179492
90.5019,0.00205996,-0.000590263,-0.00205347
90.566,0.00725386,-0.00277882,1.11905e-05
90.6298,0.00150574,-0.000562232,5.06439e-06
90.6937,0.00208865,-0.00242249,0.000117425
90.7577,0.000514813,-0.000491832,2.93191e-05
90.8217,-0.00119612,-6.90788e-06,-7.22263e-05
90.8857,0.00831319,-0.00278502,0.000506558
90.9496,0.00360233,-0.000695354,0.000217576
91.0139,0.00774594,-0.00280836,0.000471846
91.0778,0.00231764,-0.000616798,0.000140297
91.1416,-0.0043678,0.000224287,-0.00244643
91.2057,0.00953077,-0.00286564,0.000139416
91.2698,0.00357975,-0.000690359,0.000127681
91.3336,-0.00275954,0.000105801,-0.000181628
91.3977,0.00104066,-0.00227101,6.7197e-05
91.4618,0.00352954,-0.000686255,0.000210764
91.5255,-0.00299823,0.00013037,-0.0023656
91.5895,6.5487e-05,-0.00220141,-0.000425008
91.6535,-0.000793262,-0.000384404,-0.000132894
91.7177,0.00437894,-0.000394617,0.000242279
91.7818,-0.0030746,-0.00198207,-0.000175541
91.8456,-0.00258631,-0.000260853,-0.000151532
91.9096,0.00409959,-0.000375763,0.000242368
91.9737,-0.00521934,-0.00183181,-0.000297681
92.0374,-0.000324909,-0.000419798,-1.71865e-05
92.1014,-0.00129212,1.96705e-06,-7.56973e-05
92.1654,0.00812486,-0.000587311,0.000478514
92.2295,-0.00195049,0.000133184,-0.00011484
92.2935,-0.00628718,-0.00174124,-0.000359751
92.3574,0.00568301,-0.000835479,0.000335529
92.4216,0.00732555,-0.000600562,0.00043046
92.4855,0.000710922,-6.7341e-05,4.18137e-05
92.5494,-0.00373612,0.000258397,-0.000219334
92.6133,0.00661603,-0.000464502,0.000388433
92.6772,0.0017314,-0.000121516,0.000101652
92.7415,-0.000696892,-0.00212774,-3.17666e-05
92.8055,-0.00111508,-0.00035695,-6.34671e-05
92.8694,-0.00348485,0.000148887,0.00197942
92.9334,0.0120883,-0.000868756,0.00114465
92.9975,0.00163624,-0.000118835,0.00018317
93.0613,-0.00475951,-0.00185123,-0.000250782
93.1252,0.00922692,-0.00108716,0.0005439
93.1894,0.000116235,-9.56088e-05,7.86298e-06
93.2532,-0.00247918,0.000148337,0.00204055
93.3172,-0.0147422,0.00103336,-0.000423063
93.3812,0.00231382,-0.000164071,0.000222637
93.4454,0.00657748,-0.000463613,0.000401279
93.5094,-0.000664127,3.82954e-05,0.00214653
93.5731,0.000705872,-5.15931e-05,0.000482404
93.6373,0.0089719,-0.000634017,0.00061144
93.7014,0.00108948,-8.58141e-05,0.00225926
93.7651,-0.00850302,-0.00158661,-4.23351e-05
93.8292,0.00947624,-0.00110888,0.000641899
93.8932,-0.00101947,-1.53585e-05,-4.12222e-05
93.9571,-0.0112855,0.000781475,-0.000653014
94.021,0.00938607,-0.000680164,0.00273034
94.085,-0.000694353,4.64935e-05,0.000396694
94.1491,0.00808292,-0.00275404,0.00056441
94.2131,-0.00386967,-0.00016124,-0.000205382
94.2769,0.000768839,-0.000142349,4.84458e-05
94.3411,0.00428523,-0.000321641,0.000249351
94.4051,0.000643575,-0.00223022,4.64382e-05
94.4689,0.00782582,-0.000994631,0.000454458
94.5331,0.0149152,-0.00114618,0.000862986
94.597,0.00290628,-0.00240649,0.000177055
94.6609,0.000361878,-0.000467282,2.27684e-05
94.725,0.00783103,-0.000644182,0.000451915
94.7889,0.0011266,-9.76559e-05,6.50358e-05
94.8528,9.36311e-05,-1.02013e-05,5.41405e-06
94.9168,0.00242965,-0.00235411,0.000148303
94.9809,0.00606447,-0.000866662,0.00035034
95.045,0.00717165,-0.000595972,0.000412603
95.1089,0.00930881,-0.000678178,0.000535182
95.1727,0.00617018,-0.000441465,0.000354704
95.2371,0.00348595,-0.000238723,-0.00197346
95.301,0.0132074,-0.0031175,0.00032805
95.3648,0.00510044,-0.000799851,0.00020609
95.4288,-0.00338356,0.000151723,-0.000211173
95.4928,-0.00267354,0.000179973,-0.00233796
95.5567,-0.00167586,0.000116585,-0.000534692
95.6208,0.00823124,-0.000581714,0.000384209
95.6847,0.013425,-0.000936384,-0.00143212
95.7488,0.000107143,-0.00218321,-0.000423212
95.8129,0.0116333,-0.00125443,0.000578857
95.8767,-0.00114089,-7.17123e-06,-8.24604e-05
95.9407,0.004322,-0.000312105,-0.0019375
96.0047,0.0109489,-0.00077114,0.000188399
96.0688,0.00779391,-0.00272691,0.00036523
96.1329,0.00973061,-0.00111911,0.000538527
96.1967,0.00373875,-0.000341102,-0.00197481
96.2609,0.0088885,-0.00063887,6.96877e-05
96.3249,0.0052929,-0.000374195,0.000214223
96.3886,0.00729673,-0.000512152,0.000398022
96.4526,-0.00210564,0.000147483,-0.000123462
96.5165,0.00692068,-0.0026675,0.000400192
96.5808,0.00704199,-0.000917478,-0.00177436
96.6447,0.00745403,-0.000606591,-1.33364e-05
96.7085,0.00165611,-0.000132975,6.21794e-06
96.7728,0.00914797,-0.00281689,0.000508272
96.8366,0.00648719,-0.000891996,0.000365304
96.9005,-0.00435321,0.000216454,-0.000246818
96.9644,0.00488221,-0.000359042,0.000276299
97.0285,-0.00330018,-0.00195381,-0.000177161
97.0924,0.00654271,-0.000895381,0.000371051
97.1564,0.00395368,-0.000364105,0.000223486
97.2204,0.00185071,-0.000146951,0.000104516
97.2847,0.00440248,-0.00031134,0.000248464
97.3485,-0.0012523,-0.00209726,-6.1571e-05
97.4125,0.00155679,-0.000547092,8.9365e-05
97.4766,-3.80567e-05,-8.47074e-05,-1.78584e-06
97.5405,0.00222865,-0.000173382,0.000125453
97.6044,-0.00539258,-0.00181057,-0.000293322
97.6684,-0.00145178,-0.000335973,-7.95984e-05
97.7324,-0.00170919,3.18365e-05,-9.54924e-05
97.7966,0.00820277,-0.000591047,0.000460115
97.8605,-0.00211363,-0.00203886,-0.000109058
97.9242,-0.00488704,-9.89051e-05,-0.000271391
97.9884,-0.00137152,8.16804e-06,-7.63144e-05
98.0526,-0.00251736,0.000150606,0.00203734
98.1162,0.000441615,-0.00222464,0.00047289
98.1803,-0.00278065,-0.000243871,-6.53074e-05
98.2443,-0.00276686,0.00010614,-0.000136261
98.3085,0.0087628,-0.000642749,0.00266914
98.3724,-0.00249739,-0.00201281,0.000307899
98.4362,-0.00484226,-0.000100027,-0.000179155
98.5005,0.00471415,-0.00042873,0.00245442
98.5643,0.00467277,-0.00253401,0.000708291
98.6282,0.00177991,-0.000576656,0.00237205
98.6922,0.000857465,-0.000150757,0.00050222
98.7562,-0.000218595,-1.10449e-05,0.0022598
98.8201,-0.000970789,-0.00212932,0.00259594
98.8841,-0.00114019,-0.000358777,0.000467034
98.9481,0.000249441,-0.000114468,0.00230165
99.0123,0.0110616,-0.000817783,0.0032424
99.0762,-0.00282217,-0.00199465,0.00256487
99.1401,-0.000916602,-0.000383894,0.00267906
99.2042,0.00864576,-0.000709566,0.00102116
99.2682,5.42895e-05,-3.00375e-05,0.00229309
99.332,0.00281703,-0.000217062,0.00280053
99.396,0.00613598,-0.00263672,0.00305652
99.46,-0.00793963,0.000127835,0.00229038
99.524,-0.00504363,0.000267871,0.00245002
99.5881,0.00672452,-0.000507506,0.000913402
99.6519,0.0100869,-0.00294282,0.00503895
99.7161,0.0081059,-0.00103049,0.00133671
99.7801,0.00805928,-0.000686021,0.00280127
99.8439,0.0156338,-0.00117453,0.00351476
99.908,0.00874099,-0.00065641,0.00318854
99.9721,0.00424412,-0.00250303,0.0029603
100.036,0.0118834,-0.00132834,0.00338567
100.1,0.00201945,-0.000247941,0.00283735
100.164,0.00864105,-0.000669709,0.00319219
100.228,0.00297344,-0.000235453,0.00289437
100.292,0.00843197,-0.00282217,0.00319538
100.356,0.00736493,-0.000987391,0.000947575
100.42,0.00933393,-0.000793494,0.00279266
100.484,0.0168306,-0.00128878,0.00355387
100.548,0.00285207,-0.000228089,0.00287451
100.612,0.00855557,-0.000655616,0.00318886
100.676,0.0116138,-0.00088721,0.0033519
100.74,0.00291917,-0.000231511,0.00289089
100.804,0.00854639,-0.000658838,0.00318669
100.868,0.00852599,-0.000658683,0.00318941
100.932,-0.00128981,8.73245e-05,0.00266348
100.996,0.00326534,-0.000260489,0.00290446
101.06,-0.00183474,0.000137569,0.000448554
101.124,0.00400341,-0.000315861,0.00250186
101.188,0.00208994,-0.000171097,0.00275164
101.252,0.00368902,-0.000284779,0.000731953
101.316,0.00303257,-0.0002424,0.00245019
101.38,0.000261515,-0.00220275,0.000480568
101.444,-0.00959379,0.000296925,-0.000425646
101.508,0.00732671,-0.000650069,0.000415518
101.572,-0.00413197,0.000299711,-0.00022004
101.636,0.00137004,-0.00229419,8.33627e-05
101.7,-0.00337274,-0.000179412,-0.000180188
101.764,-0.00804405,0.000529777,-0.000433865
101.828,0.00432576,-0.00252058,0.000240941
101.892,0.000889917,-0.000509822,4.95348e-05
101.956,-0.000340026,-5.3976e-05,-0.00220402
102.02,-0.000234632,1.95291e-06,-0.000450169
102.084,-0.00286945,-0.00196457,-0.000232352
102.148,0.00306406,-0.000662061,-0.00203246
102.211,-0.00820839,0.000541329,-0.000881488
102.275,0.00517007,-0.000412314,0.000188872
102.34,0.00421125,-0.000315546,-0.0019683
102.403,-0.00511166,0.00257645,-0.000726292
102.467,-0.000640092,0.000494704,-0.00230423
102.531,-0.0020807,0.000247623,-0.000566657
102.596,5.1594e-05,2.29266e-05,-0.00226818
102.66,-0.008677,0.000670428,-0.00309865
102.723,-0.00481919,0.00255442,-0.00079954
102.788,0.000582006,0.00040192,-0.00225442
102.852,-0.0021076,0.000256684,-0.002752
102.915,-0.00639018,0.00050121,-0.000873659
102.979,-0.0105323,0.000804094,-0.0028567
103.043,0.00548644,-0.000399293,-0.00234363
103.108,-0.00283858,0.00240263,-0.00287
103.171,-0.00659549,0.000933348,-0.000902569
103.235,0.000877026,3.20397e-05,-0.00224568
103.299,0.0058624,-0.000407945,-0.00232174
103.363,0.00112663,-6.94408e-05,-0.00264814
103.428,-0.0034485,0.000266849,-0.00290298
103.491,-0.00153174,0.000124292,-0.00281114
103.555,-0.000346967,3.65476e-05,-0.00274936
103.619,-0.00640623,0.000474878,-0.000892163
103.683,0.0026924,-0.000188525,-0.00214307
103.747,-0.00442793,0.000335244,-0.0028876
103.811,-0.00349094,0.0024478,-0.00291019
103.875,0.000928515,0.000380075,-0.00267603
103.939,-0.0023096,0.000266209,-0.00284946
104.003,0.00104169,-4.74839e-05,-0.00266414
104.067,0.00312997,0.00197628,-0.00257655
104.131,-0.000545357,0.000486281,-0.00275275
104.195,0.00221871,-6.20446e-05,-0.00260454
104.259,-0.0079736,0.000601845,-0.00316915
104.323,-0.00180198,0.00231628,-0.00065412
104.387,0.000268103,0.000427108,-0.00227777
104.451,-0.00118498,0.000182237,-0.00269861
104.515,0.000133408,1.85518e-05,-0.00270389
104.579,-0.00752995,0.000550587,-0.003143
104.643,0.000746756,-5.05836e-05,-0.000502871
104.707,0.000231231,-7.47537e-06,-0.00227958
104.771,-0.0108765,0.000781288,-0.00323933
104.835,-0.00416421,0.000297428,-0.000756659
104.899,-0.00704447,0.000507155,-0.00267154
104.963,0.00573648,-0.000404491,-0.000142888
105.027,-0.003858,0.000273496,-0.000302435
105.091,-0.00253772,0.000179748,-0.000157177
105.155,-0.00291024,0.00238249,-0.000171861
105.219,0.00736799,-8.58639e-05,0.00040175
105.283,0.00101491,1.58009e-05,5.51846e-05
105.347,-0.0028588,0.00239973,-0.000166196
105.411,0.000737124,0.000385645,3.87997e-05
105.475,-0.0058279,0.0026827,0.00185739
105.539,-0.00643484,0.000910666,8.06842e-05
105.603,-0.000165297,0.00228427,6.99403e-05
105.667,0.00116232,0.000360579,0.00225596
105.731,0.00596631,0.001847,0.000762862
105.795,-0.00805481,0.00102397,0.00182457
105.859,-0.00409791,0.00256042,0.000216356
105.923,0.00411411,0.000149313,0.0024969
105.987,-0.00594049,0.00269542,0.00230427
106.051,0.00349336,0.000192869,0.00290102
106.115,-0.000674626,0.000137109,0.000502541
106.179,0.0108979,0.00140766,0.00289663
106.243,-0.00386708,0.000710288,0.00242186
106.307,0.00304157,0.00203672,0.00287025
106.371,-0.00271398,0.00282589,0.00256386
106.435,0.00184797,0.000382825,0.00282987
106.499,-0.00367115,0.00254308,0.00250847
106.563,0.00550656,4.21205e-05,0.00303288
106.627,-0.00173164,0.00238857,0.00261831
106.691,-0.00805085,0.00321694,0.00445056
106.755,0.00332056,0.000269344,0.00334917
106.819,-0.0105813,0.00305099,0.00218678
106.883,-0.00417302,0.000767257,0.000325918
106.947,-0.00583493,0.00268702,0.0041282
107.011,0.000162641,0.000431473,0.00309184
107.075,-0.00862235,0.00291205,0.000111227
107.139,-0.0240187,0.00223857,0.000918966
107.203,-0.0104077,0.00303963,0.00203262
107.267,-0.00563993,0.000864708,0.00237863
107.331,0.00126062,0.00217208,0.0006034
107.395,-0.0159621,0.00165057,0.00137359
107.459,-0.018854,0.00368207,-0.000647726
107.523,-0.00411281,0.000754868,0.00203537
107.586,-0.0148525,0.00339537,-0.000416686
107.65,-0.00241706,0.000637346,-5.11398e-05
107.715,-0.0117623,0.00315195,-0.000679097
107.778,-0.0120463,0.00136469,-0.000701542
107.842,-0.00677587,0.00278381,-0.000405874
107.906,-0.0145796,0.0015597,-0.00303605
107.971,-0.00284697,0.00248589,-0.000612114
108.035,-0.00533637,0.000864273,-0.00258342
108.098,-0.0180683,0.00363417,-0.0015317
108.163,-0.00182226,0.000600542,-0.00237746
108.227,-0.0131936,0.003269,-0.00342741
108.29,-0.00790743,0.00105731,-0.00318279
108.354,-0.00789085,0.000689259,-0.00318905
108.418,-0.0165974,0.00344669,-0.00590256
108.482,-0.0051305,0.000832831,-0.00347037
108.546,-0.011695,0.000960831,-0.00351248
108.61,-0.0106519,0.000818514,-0.00555486
108.675,-0.00304787,0.00241456,-0.00334251
108.738,-0.00762278,0.0010142,-0.00546461
108.802,-0.00357348,0.000360848,-0.00339823
108.866,-0.0112325,0.00084839,-0.0056658
108.93,-0.00737027,0.00274018,-0.00582286
108.994,-0.00758429,0.000993863,-0.00370531
109.058,-0.0204912,0.00156768,-0.00624118
109.122,-0.00415117,0.00251634,-0.00562256
109.186,-0.00809014,0.00103271,-0.00591721
109.25,-0.00550993,0.00267727,-0.00578503
109.314,-0.00738739,0.000994807,-0.0059107
109.378,-0.00860646,0.00288909,-0.00597209
109.442,-0.000176642,0.000490627,-0.00547074
109.506,-0.0140301,0.00107791,-0.00630711
109.57,-0.0072248,0.00271667,-0.00590075
109.634,-0.00411245,0.000740962,-0.00569239
109.698,-0.00037551,0.000135655,-0.00547182
109.762,-0.00421834,0.00251184,-0.00789652
109.826,-0.0058103,0.000863027,-0.00845667
109.89,-0.00142959,0.00020734,-0.00605596
109.954,0.00125888,-3.40274e-05,-0.00766228
110.018,-0.0110508,0.0029342,-0.00660607
110.082,-0.00268901,0.000643226,-0.00788981
110.146,-0.00199029,0.000247464,-0.00821282
110.21,-0.00467859,0.000347244,-0.00843034
110.274,-0.000855013,8.10981e-05,-0.00605305
110.338,-0.0102369,0.000673549,-0.00838516
110.402,-0.00302911,0.000212535,-0.00607766
110.466,0.000468168,8.84396e-06,-0.00989382
110.53,-0.00639424,0.000417105,-0.00674406
110.594,-0.00200386,0.000151703,-0.00795001
110.658,-0.00473857,0.000309326,-0.00620802
110.722,-0.00327849,0.00022554,-0.00793758
110.786,-0.000761507,7.49228e-05,-0.00813685
110.85,-0.00505105,0.000320777,-0.00628659
110.914,0.003681,-0.000196646,-0.00531456
110.978,0.00477161,0.00192039,-0.00518623
111.042,-0.00553111,0.00078251,-0.00582718
111.106,-0.00434489,0.000359136,-0.00572447
111.17,-0.00348319,0.00241853,-0.00567587
111.234,-0.000225233,0.000464549,-0.00328809
111.298,-0.00605271,0.00262975,-0.00539199
111.362,-0.000807048,0.000511146,-0.00323645
111.426,-0.00346891,0.00247732,-0.0030379
111.49,0.000999693,0.00258885,-0.00269256
111.554,-0.000814029,0.000583759,-0.00278469
111.618,-0.00303836,0.0024637,-0.000744708
111.682,0.000832243,0.00259879,-0.00224703
111.746,-0.00548793,0.00302232,-0.000809686
111.81,-4.9539e-05,0.00273355,-0.00228457
111.874,0.00293028,0.00256321,-0.000281171
111.938,-0.00283001,0.000704251,-0.000269363
112.002,-0.00146219,0.00237298,-0.000117691
112.066,0.000824555,0.00259318,3.89751e-05
112.13,-0.00308445,0.00288575,-0.00020462
112.194,0.00316105,0.00254844,0.000190046
112.258,-0.00185832,0.00282971,-0.000127495
112.322,0.00520364,0.00242113,0.00249938
112.386,-0.000270006,0.000558421,0.000417085
112.45,-0.00886645,0.00278672,0.00169887
112.514,-0.00100185,0.00269017,0.0025656
112.578,-0.00567548,0.0030234,0.00233641
112.642,0.00404568,0.00248293,0.00297383
112.706,0.00118263,0.00264894,0.00279255
112.77,-0.000333749,0.00273581,0.00269497
112.834,0.00160475,0.000439894,0.00281975
112.898,0.00278658,0.00212093,0.00290037
112.962,-0.00364784,0.00283715,0.00466694
113.026,0.00585092,0.00235755,0.00353586
113.09,-0.0025829,0.00286289,0.00263417
113.153,-0.00354747,0.00292261,0.0046936
113.218,-0.000117839,0.00271596,0.003142
113.282,0.00207339,0.00259191,0.00293919
113.346,-0.000268423,0.00273701,0.00272095
113.41,-0.00405516,0.00513489,0.00462678
113.473,0.0030061,0.00297944,0.00336014
113.538,0.00364259,0.00257361,0.00303511
113.602,-3.38142e-05,0.0027218,0.00490506
113.665,0.000672457,0.00268774,0.00321521
113.73,0.00864283,0.00435966,0.00555805
113.794,0.00871242,0.00261551,0.00375354
113.857,-0.00257549,0.0029717,0.00264238
113.921,-0.00268934,0.00507431,0.0047261
113.985,0.000493727,0.00311804,0.00318254
114.049,-0.00201841,0.00510248,0.00483822
114.113,0.00447605,0.00288901,0.00347583
114.177,0.00805652,0.00449248,0.00335938
114.241,-0.000398682,0.00319697,0.00270474
114.305,0.00957906,0.00438664,0.00337774
114.369,0.00385694,0.00510554,0.00297253
114.433,0.00460953,0.00294382,0.00303069
114.497,0.00792447,0.00449572,0.00326143
114.561,0.00343374,0.00514701,0.00295173
114.625,0.00940822,0.00264356,0.00338015
114.689,0.00271858,0.00483849,0.00290381
114.753,0.00145958,0.00526593,0.00281016
114.817,0.00782874,0.00492943,0.00108569
114.881,0.00178958,0.0031432,0.00240434
114.945,-0.00175125,0.00512058,0.0024906
115.009,0.00570912,0.00499498,0.000920495
115.073,0.0101433,0.00259607,0.00301692
115.137,0.00465602,0.00469226,0.00077256
115.201,0.00730073,0.00270251,0.00279721
115.265,0.00293571,0.00263685,0.000661594
115.329,0.00866707,0.00435044,0.00289121
115.393,0.00195515,0.00520934,0.0027558
115.457,0.00557112,0.00289395,0.00093016
115.521,0.0029745,0.00481434,0.000304496
115.585,-0.00495246,0.00350319,0.00181692
115.649,0.0047891,0.00250354,0.000788572
115.713,0.00222425,0.006962,0.000221883
115.777,0.00690049,0.00315228,0.000525232
115.841,0.00346336,0.00485495,0.00242708
115.905,0.000791687,0.00314041,0.00048106
115.969,0.00462768,0.00470817,0.000419385
116.033,0.000770105,0.00529896,4.9824e-05
116.097,-0.00196633,0.00338029,-0.000165503
116.161,0.00275951,0.00484303,0.000190616
116.225,-0.00306129,0.00338641,-0.000255109
116.289,0.0033482,0.00479285,-0.00194335
116.353,-0.00125103,0.00544776,-0.000563028
116.417,0.000792871,0.00538345,-5.24313e-05
116.481,0.00277795,0.0030972,0.00018589
116.545,-0.00604316,0.00540895,-0.000511676
116.609,-0.00378953,0.00562498,-0.00251335
116.673,0.000978634,0.00538554,-0.000387767
116.737,0.00452578,0.00296462,0.00026043
116.801,0.00203683,0.00488891,-0.00205854
116.865,-0.00776408,0.00589094,-0.00110313
116.929,0.00142582,0.00536049,-0.00218161
116.993,0.00256055,0.005288,-0.000273063
117.057,-0.00134003,0.00555193,-0.00241176
117.121,0.00471428,0.00515274,-9.37609e-05
117.185,-0.00208427,0.00559904,-0.00247461
117.249,0.00899807,0.00708537,-0.00192813
117.313,0.0058044,0.00553355,-0.00225316
117.377,-0.00110742,0.00561481,-0.000665751
117.441,0.00579956,0.00510157,-0.0018238
117.505,-0.00196375,0.00559783,-0.0028375
117.569,-0.000283065,0.00769143,-0.00278405
117.633,0.00658848,0.00548194,-0.00218617
117.697,0.00108913,0.0054998,-0.00266917
117.761,0.00977277,0.00486789,-0.00190833
117.825,-0.00175401,0.00558075,-0.00290954
117.889,0.00409696,0.00739578,-0.00241043
117.952,0.00912913,0.00534975,-0.00196332
118.017,0.00280051,0.00321247,-0.00467863
118.08,0.00405678,0.00698536,-0.00284553
118.144,0.00623878,0.00543689,-0.00229171
118.208,0.00602104,0.00736329,-0.00442996
118.272,0.00613322,0.00554779,-0.0026499
118.337,0.00460331,0.0052606,-0.000248829
118.401,0.00173901,0.00537463,-0.00218012
118.465,0.00175815,0.00536985,-0.00251618
118.528,0.00491663,0.00736976,-0.00230984
118.592,0.000245346,0.00588968,-0.0027336
118.656,0.00789095,0.0050783,-0.00202927
118.72,0.00265314,0.00750754,-0.000345097
118.784,0.00193628,0.00579612,-0.00214502
118.848,0.00477815,0.0052646,-0.00222205
118.912,0.000724708,0.0054466,-0.00267438
118.976,0.0042174,0.00520887,-0.000176892
119.04,0.00345766,0.00742873,-0.0020025
119.104,-0.00178824,0.00600959,-0.00284237
119.168,-0.00304527,0.00793099,-0.000866376
119.232,0.00149113,0.00584226,-0.0021795
119.296,0.00485281,0.00525992,-2.2946e-05
119.36,-0.00122318,0.00555248,-0.00242086
119.424,-0.00234272,0.00778103,-0.000725942
119.488,-0.0025019,0.0082303,-0.00256197
119.552,0.00147255,0.00807716,-0.000357141
119.616,0.00154453,0.00590359,2.63668e-05
119.68,-0.00205164,0.00788312,-0.00244939
119.744,0.003131,0.00571213,-0.000161084
119.808,0.0110647,0.00708204,0.00097203
119.872,0.00312965,0.010109,0.000235086
119.936,-0.00360676,0.00663408,-0.000405696
120,-0.000972192,0.00787385,0.00203585
120.064,-0.00334932,0.00830613,4.65928e-05
120.128,-0.00496278,0.0106628,-0.000484334
120.192,0.00458524,0.00834865,0.000439409
120.256,0.0006264,0.00819985,0.00219549
120.32,0.00212408,0.00805829,0.000606927
120.384,-0.00797452,0.00866185,0.00138607
120.448,-0.00612928,0.0107226,-0.000256176
120.512,0.0033905,0.00841839,0.000397569
120.576,0.000627337,0.00823897,0.00221818
120.64,0.00238262,0.0058767,0.000657531
120.704,-0.00219872,0.00786793,0.00198412
120.768,0.000718837,0.0102269,0.000466243
120.832,0.00103812,0.00851832,0.00232858
120.896,0.00322107,0.0080702,0.000752923
120.96,0.002207,0.00804869,0.00246016
121.024,0.00134334,0.00809968,0.000548701
121.088,-0.00456302,0.0106216,0.00169614
121.152,0.00603628,0.00824029,0.00325353
121.216,-0.00174272,0.00837313,0.00246273
121.28,0.00618426,0.00564257,0.00119727
121.344,-0.0011571,0.00779785,0.00210435
121.408,-0.00455826,0.0105334,0.00205009
121.472,0.00608772,0.00820338,0.00116197
121.536,0.0014218,0.00598491,0.00240892
121.6,-0.00468405,0.00805364,0.00205365
121.664,-0.00213736,0.00820956,0.00240599
121.728,-0.000989704,0.00820845,0.00255189
121.792,0.000100095,0.00816772,0.000498747
121.856,0.0038367,0.00574608,0.00269613
121.92,0.0025342,0.00758336,0.00288629
121.984,-0.000883753,0.0059375,0.000377563
122.048,0.00133892,0.00982089,0.00237647
122.112,-0.00544357,0.0066831,0.00195097
122.176,-0.000572681,0.00784717,0.000403571
122.24,0.00536566,0.00557575,0.00288631
122.304,-0.00398595,0.00799339,-7.82486e-05
122.368,0.000160094,0.00808203,5.09737e-05
122.432,-0.00126146,0.00821744,0.00198325
122.496,0.000894859,0.00593941,0.000504054
122.56,0.000692987,0.0076833,0.00229502
122.624,0.000955747,0.00584862,0.000526077
122.688,0.00250619,0.00976644,0.000324051
122.752,-0.000763488,0.00637866,0.00205555
122.816,0.00366393,0.00540061,0.000851145
122.88,0.00313102,0.0074404,0.00259547
122.944,0.00414415,0.00562566,0.000924087
123.008,-0.00316815,0.00793376,-0.000368277
123.072,-0.00251568,0.0082527,-0.000362753
123.136,0.000843499,0.00591432,0.00224477
123.2,-0.0024041,0.00788969,7.02885e-05
123.263,0.000595026,0.0058859,0.000116258
123.328,-0.00753087,0.0103781,-0.0010271
123.392,-0.000602204,0.00638686,-0.000124763
123.456,0.00528758,0.0052986,0.000635341
123.52,-0.000997871,0.00773121,-0.000191882
123.584,0.0072279,0.00543813,0.000888048
123.648,0.00299186,0.00970002,0.000307687
123.711,-0.00485423,0.00668245,-0.000686692
123.775,-0.00117932,0.00788607,-0.000218734
123.839,0.00439419,0.00566712,-0.00165248
123.903,-0.00395288,0.0079856,-0.00102379
123.968,-0.023415,0.0095557,-0.00325962
124.031,0.00272609,0.00581765,0.00029612
124.095,-0.000768382,0.00779883,-0.000171151
124.159,-0.00186894,0.00603499,-0.00030042
124.223,0.00389163,0.00750168,-0.00172337
124.288,0.00241787,0.00791316,-0.000175726
124.351,-0.000361531,0.00601524,-0.000187008
124.415,-0.00462571,0.00588613,-0.00287791
124.479,-0.00128607,0.00773903,-0.000680082
124.543,0.000639282,0.00584337,-5.05404e-05
124.607,-0.00875411,0.00830331,-0.00346896
124.671,-0.000899347,0.00814871,-0.000632686
124.735,-0.00546617,0.00633088,-0.000893175
124.799,0.00168113,0.00546025,-0.00200954
124.863,0.00532872,0.007337,0.000232891
124.927,-0.00224193,0.00822448,-0.000471407
124.991,0.00474952,0.00569836,-0.001586
125.055,-0.00045387,0.00778382,-0.000572956
125.119,-0.00823021,0.0108092,-0.00133977
125.183,-0.000789224,0.00647818,-0.0023633
125.247,0.00211854,0.00768672,-0.000205869
125.311,-0.005737,0.00630695,-0.000956142
125.375,0.0023689,0.00758902,0.000253007
125.439,-0.00165248,0.00601323,-0.000292099
125.503,0.00480063,0.00523298,0.000638797
125.567,-0.00264207,0.00565855,-0.00261227
125.631,-0.00475317,0.00795637,-0.00119345
125.695,0.00498211,0.00558082,0.000580695
125.759,-0.00409043,0.00578653,-0.000660305
125.823,-0.00280385,0.00565729,-0.000459918
125.887,-0.00384447,0.00567761,-0.000609434
125.951,0.00322591,0.00526435,0.000422216
126.015,-0.0020404,0.00560922,-0.00253201
126.079,-0.00422141,0.00571989,-0.00110573
126.143,0.00154658,0.00536666,9.08207e-05
126.207,0.000816712,0.00538866,5.36962e-05
126.271,-0.00278932,0.00562438,-0.000465458
126.335,-0.00459439,0.00577045,-0.00291693
126.399,-0.00653107,0.00586112,-0.00145695
126.463,0.0035366,0.00523978,0.000389805
126.527,-0.00017319,0.00546495,-9.33954e-05
126.591,-0.00576128,0.00581513,-0.000915634
126.655,0.00182217,0.00535716,-0.00195639
126.719,0.0033451,0.00524645,1.73369e-05
126.783,0.00127429,0.00537866,5.42986e-05
126.847,-0.00382196,0.00570275,-0.000645479
126.911,0.00286251,0.00526271,0.00037989
126.975,0.00712841,0.00723104,-0.0011729
127.039,0.00426864,0.0034609,0.000175892
127.103,0.0044771,0.00483371,0.000547075
127.167,0.00203236,0.0052662,0.000242445
127.231,0.00383345,0.00519392,0.000532907
127.295,-0.00261363,0.00560052,-0.000453239
127.359,0.0068379,0.00507748,-0.00118684
127.423,0.00425024,0.005187,0.000168823
127.487,0.00326144,0.00525975,0.000365317
127.551,-0.000835412,0.00552407,-0.000198904
127.615,0.00330805,0.00525428,0.000458893
127.679,0.00411519,0.00302156,0.000607981
127.743,0.00166806,0.00492429,0.000211911
127.807,0.000814639,0.00531901,7.61132e-05
127.871,0.00165122,0.00532737,0.000206851
127.935,0.00536334,0.00293727,0.00080924
127.999,0.0100331,0.00439585,0.00152824
128.063,-0.00286459,0.00556164,-0.00050349
128.127,0.00482208,0.00295103,0.000728687
128.191,0.00760175,0.00453119,0.00333577
128.255,-0.00131525,0.00545806,0.000178653
128.319,0.00371771,0.00302937,0.000645544
128.383,-0.000888131,0.00504697,0.00200835
128.447,0.00751879,0.00271224,0.00160297
128.511,0.0038232,0.00474298,0.00282978
128.574,-0.00159232,0.00547744,0.000150281
128.639,0.00841208,0.00273465,0.00140458
128.703,0.00153526,0.00489282,0.0023939
128.766,-0.00425034,0.00345127,-0.000271358
128.83,0.00194669,0.00485968,0.00253424
128.895,0.00231996,0.00520861,0.00077399
128.958,0.00351192,0.00302256,0.0028106
129.022,4.13038e-05,0.00501011,0.000412207
129.086,0.00200672,0.00303384,0.00256334
129.15,0.00456599,0.00471179,0.00114537
129.214,-0.002659,0.00552034,0.00178969
129.278,0.00176661,0.00314198,0.000710157
129.343,0.000622817,0.00492647,0.00231289
129.407,0.0014307,0.00309747,0.00065689
129.47,-1.24479e-05,0.00499106,0.00222385
129.534,-0.000441959,0.00538891,0.00032823
129.598,0.00330753,0.00302411,0.00278228
129.662,0.0018029,0.00489553,0.000699637
129.726,-0.000694199,0.00320493,0.00212459
129.79,0.00162161,0.00490228,0.000672589
129.854,-0.00332869,0.00553751,0.00166058
129.918,0.005945,0.00287276,0.00140501
129.982,-0.0025751,0.00516585,0.001796
130.046,-0.000517547,0.00321518,0.00033618
130.11,3.40148e-05,0.0049732,0.00222496
130.174,-0.000230516,0.00319439,0.000383366
130.238,-0.00357824,0.00520286,0.00162059
130.302,-0.00980762,0.00380127,-0.00121969
130.366,0.00672053,0.00454757,0.00334818
130.43,-0.00310745,0.00553649,0.00205674
130.494,0.000120329,0.00324578,0.00051413
130.558,-0.002248,0.00295398,0.00187808
130.622,0.00599356,0.00453676,0.00141576
130.686,-0.0046815,0.0034771,-0.000732977
130.75,0.000799143,0.00492285,0.00228112
130.814,-0.00353948,0.00340399,-0.000194141
130.878,0.00179188,0.00484829,0.00251551
130.942,0.00492932,0.0028565,0.00125648
131.006,-0.00393368,0.00526195,-0.000634496
131.07,0.00579107,0.00495309,0.00312595
131.134,0.00447805,0.00296117,0.00116946
131.198,1.30103e-05,0.00284132,5.94181e-05
131.262,0.00224193,0.00476097,0.00252857
131.326,-0.00148368,0.0032581,0.00014994
131.39,0.00403803,0.00472186,0.000726787
131.454,-0.00326703,0.00558238,-0.000605714
131.518,-0.00717156,0.00371682,-0.00126958
131.582,0.00569185,0.00464285,0.000929428
131.646,-0.00101407,0.00325766,-0.000211004
131.71,0.00117658,0.00493186,0.000147981
131.774,0.0030862,0.00515478,0.000476111
131.838,0.00440984,0.00515468,0.00070649
131.902,-0.00519142,0.00360704,-0.000941648
131.966,2.70597e-05,0.00501837,-5.15924e-05
132.03,0.00168865,0.00525594,0.000234925
132.094,0.00604474,0.00504702,0.000998552
132.158,5.01873e-05,0.00326814,-2.84837e-05
132.222,0.00402522,0.0047757,-0.00152838
132.286,0.00290501,0.00518232,1.45883e-05
132.35,0.00237108,0.00530279,0.000268517
132.414,0.00512318,0.00293008,0.000850842
132.478,-0.00395158,0.0053022,-0.00294585
132.542,-0.00148523,0.0054766,-0.000764216
132.606,0.00177033,0.00316183,-0.00198867
132.67,0.00197954,0.00707932,-0.000184263
132.734,0.0049785,0.00332247,-0.00142342
132.798,0.00314492,0.00488864,4.95225e-05
132.862,0.00224222,0.00524623,0.000248443
132.926,0.00594474,0.00290202,-0.00117056
132.991,-0.00185766,0.00723199,-0.000844604
133.054,-0.000146646,0.00590658,-0.00238641
133.118,0.00177498,0.00324668,-0.00017691
133.182,0.00335758,0.00482385,0.000457062
133.246,0.00294443,0.00520784,-0.00172857
133.31,0.00650494,0.0050361,0.000676194
133.374,0.00532149,0.0051384,-0.00136486
133.438,0.000489477,0.00543696,-0.000430149
133.502,-0.00172845,0.00340729,-0.00262459
133.566,0.00330331,0.00481067,9.19184e-05
133.63,-0.00161757,0.00550061,-0.00263328
133.694,0.00808199,0.00492863,0.00096579
133.758,0.00262995,0.00313193,-0.0018291
133.822,0.00204392,0.00489035,-0.000136516
133.886,0.00153663,0.00311601,-0.00202744
133.95,0.00472741,0.00252766,0.000383537
134.013,0.000600447,0.00493235,-0.00222655
134.077,0.00304804,0.00516397,4.63825e-05
134.141,-0.00239659,0.00342941,-0.00275541
134.205,0.00363418,0.0047905,0.000162186
134.269,-0.00124779,0.00328813,-0.00254139
134.333,0.00229655,0.00486191,-8.49495e-05
134.398,0.00407087,0.00291901,0.000631247
134.462,0.00256358,0.0026817,-0.00175434
134.525,-0.00274891,0.00292802,-0.000987702
134.589,0.0016458,0.00484498,-0.00202209
134.653,0.00112291,0.00310199,-0.000281446
134.717,0.00504427,0.00470761,-0.00138273
134.781,-0.00264119,0.00335104,-0.000987974
134.845,0.00715615,0.00240746,-0.000962749
134.909,-0.00126165,0.00503124,-0.0029304
134.973,-0.0028705,0.00553116,-0.00113131
135.037,0.00115745,0.0032079,-0.00210654
135.101,0.00341802,0.00479875,0.000133341
135.165,-0.00159556,0.00330555,-0.00261178
135.229,0.00129301,0.00493711,-0.000269563
135.293,0.000959143,0.00533354,-0.00215307
135.357,0.00610092,0.00288654,0.000668834
135.421,-0.00190426,0.00515207,-0.0026933
135.485,6.24082e-05,0.00319389,-0.000481836
135.549,0.00631516,0.00461453,0.00105892
135.613,-0.00140174,0.00329232,-0.00250566
135.677,0.00112127,0.00493624,-0.00028308
135.741,-0.00187113,0.00329594,-0.000484141
135.805,0.00627883,0.00242976,0.00115619
135.869,0.00236057,0.00478814,0.000393142
135.933,-0.00346434,0.00339239,-0.000705337
135.997,0.000284606,0.00279851,2.20398e-05
136.061,0.00212095,0.00261882,0.00037734
136.125,-0.00113961,0.00284426,-0.00461006
136.189,0.0035863,0.00470604,-0.000236489
136.253,-0.000733327,0.00321108,-0.000353914
136.317,0.000725565,0.00276844,7.3031e-05
136.381,0.00313604,0.00255576,0.000569715
136.445,-0.00521713,0.0030466,-0.00104703
136.509,0.00393862,0.00465524,0.00289451
136.573,0.00446091,0.00288887,0.00126879
136.637,0.00295566,0.00260861,0.00281144
136.701,0.00560157,0.00239594,0.00151374
136.765,-0.00100327,0.00278959,-0.000137839
136.829,-0.00250958,0.00286531,0.00168253
136.893,-0.00443154,0.00298737,-0.000460217
136.957,-0.00418271,0.00298383,-0.000763484
137.021,0.00797058,0.00224333,0.00154849
137.085,0.000522754,0.00267024,0.00225454
137.149,0.00129406,0.00264308,0.00065885
137.213,0.000635785,0.00269031,0.000180055
137.277,0.000471176,0.000518989,0.000103668
137.341,0.00199307,0.00214261,0.00254885
137.405,0.00231352,0.0024866,0.000859011
137.469,-0.000534988,0.000559205,-2.45279e-05
137.533,-0.00474827,0.0025811,-0.000946285
137.597,-0.0010249,0.00052091,-0.000204088
137.661,-0.000559545,0.00228421,0.00204636
137.725,-0.00255035,0.000607548,-7.06929e-05
137.789,-0.00103515,0.000153861,-0.000117589
137.853,0.00225519,0.00206122,0.00043658
137.917,-0.00195647,0.000535141,0.00179285
137.981,0.00370343,-0.000144512,0.0011689
138.045,-0.00388425,0.00243317,-0.00070744
138.109,-0.000156641,0.000421978,0.00216041
138.173,0.00386477,-0.000155993,0.00120188
138.237,-0.00433022,0.000283751,-0.000767467
138.301,0.00110854,-9.12752e-05,0.00241755
138.365,-0.000720376,4.003e-05,0.000296879
138.429,0.00169908,-0.000132296,0.00260642
138.493,0.00210938,-0.000136246,0.000871475
138.557,-0.0029526,0.000157088,0.00169274
138.621,0.000307764,-2.44713e-05,0.000516367
138.685,-0.00434372,-0.0019122,-0.000739441
138.749,-0.000474878,-0.000432704,0.00211014
138.813,-0.00196182,-0.0021485,7.94978e-05
138.877,0.00146508,-0.000571143,0.00256134
138.941,-0.00206565,-0.0021569,7.92643e-05
139.005,0.000115587,-0.000487539,0.00229483
139.069,0.000965876,-0.0023408,0.000673114
139.133,-0.00443804,-0.00239062,0.00143675
139.197,-0.00674852,-0.00228897,-0.000837652
139.261,0.00210191,-0.00288251,0.00271736
139.325,-0.00248317,-0.00257836,2.45807e-06
139.389,0.000208611,-0.00274094,0.000165517
139.452,-0.00574318,-0.00239269,0.00111086
139.517,0.000869063,-0.00277964,0.000641188
139.581,0.000452696,-0.00276126,0.00021011
139.644,-0.00785458,-0.00444455,0.000731261
139.709,0.00438347,-0.0034435,0.00133222
139.773,-0.00141569,-0.00490508,-0.000125563
139.836,-0.00661361,-0.00279544,0.000957487
139.9,-0.000824343,-0.00494813,0.000340824
139.964,-0.00594269,-0.00281079,-0.00102401
140.028,-0.000285748,-0.00498302,2.31556e-05
140.092,-0.0103246,-0.00477768,0.00462104
140.156,-0.00114112,-0.00319724,0.00113045
140.22,-0.00141234,-0.00492648,5.20796e-05
140.284,-0.00520165,-0.00285618,-0.000908512
140.348,-0.00172232,-0.0027334,0.00189431
140.412,-0.00321041,-0.00471783,-0.000118155
140.476,0.00104894,-0.00541702,0.000353458
140.54,-0.00271132,-0.00308243,-0.000461018
140.604,0.000419314,-0.00288789,0.00230031
140.668,-0.000921694,-0.00486761,0.000320427
140.732,-0.00419794,-0.00290583,-0.000673146
140.796,-0.0057844,-0.0046321,-0.00102093
140.86,-8.97179e-05,-0.00317716,2.51381e-05
140.924,-0.00330286,-0.00478855,-0.000564322
140.988,-0.00361055,-0.00294895,-0.000645065
141.052,-0.00120699,-0.00491155,-0.000167805
141.116,-0.00164195,-0.00307971,-0.000271535
141.18,0.00156763,-0.00509865,0.000355685
141.244,-0.00276992,-0.00300685,-0.000483096
141.308,-0.00155151,-0.00490466,-0.000231324
141.372,0.000638273,-0.00539854,0.000184062
141.436,-0.00549839,-0.00290713,-0.000991233
141.5,-0.00461676,-0.00471655,-0.000803438
141.564,0.0035469,-0.00342149,0.000700968
141.628,-0.000954414,-0.00496384,0.002063
141.692,0.00585999,-0.00574755,0.00159107
141.756,-0.00379518,-0.00300878,-0.000579434
141.82,0.0032251,-0.00521187,0.00067518
141.884,0.00666482,-0.00361336,0.00127734
141.948,-0.00582583,-0.00463576,-0.00101662
142.012,0.000239138,-0.00534282,-0.00206955
142.076,0.00161378,-0.00335566,-0.000100303
142.14,-0.00146387,-0.00493157,-0.000297755
142.204,0.00472994,-0.00349392,0.00089033
142.268,-0.00103213,-0.00493475,-0.000133555
142.332,0.00852783,-0.0037063,-0.000580544
142.396,0.00317327,-0.00519645,0.000203692
142.46,-0.000705736,-0.00310958,-0.00235963
142.524,0.00506688,-0.00531821,0.000528949
142.588,0.00328705,-0.00339142,0.000545774
142.652,0.00439231,-0.00525554,-0.00134204
142.716,0.00628429,-0.00573171,-0.00141686
142.78,0.00304474,-0.00344588,6.49078e-05
142.844,0.00568125,-0.00535698,-0.00120271
142.908,-0.00255934,-0.00520768,-0.00085987
142.972,0.000421572,-0.00325228,-0.00215683
143.036,0.00386741,-0.00526314,0.000297484
143.1,0.00238032,-0.00548742,-0.00178141
143.164,0.00645627,-0.00584195,0.000765035
143.228,0.00784091,-0.00373832,-0.00082889
143.292,0.005926,-0.00536215,-0.00151973
143.356,0.00269377,-0.00552941,1.39512e-05
143.42,0.00425495,-0.00567181,-0.00146566
143.484,0.00715054,-0.005896,0.000874363
143.548,0.000449589,-0.00546994,-0.00213589
143.612,-0.00623152,-0.00504059,-0.00368
143.676,0.00581203,-0.00581274,0.000558457
143.74,0.000838253,-0.00549318,-0.00208242
143.804,0.000934712,-0.00332876,-0.000257888
143.868,0.00151286,-0.00508457,-0.00195099
143.932,0.00514315,-0.00568272,0.000505566
143.996,0.00126493,-0.00549222,-0.0019918
144.06,0.00261858,-0.00560737,6.16772e-05
144.124,0.00264205,-0.0034059,-0.00177309
144.188,-0.00280686,-0.00483842,-0.000889162
144.252,-0.00359317,-0.00513371,-0.00284333
144.316,-0.00166387,-0.00532102,-0.000684862
144.38,0.00311094,-0.00343563,-0.00169851
144.444,0.00114895,-0.00509308,-0.000204892
144.508,-0.00331158,-0.00298452,-0.000630068
144.572,0.00343873,-0.00518485,-0.00155323
144.635,0.00106303,-0.00543507,-0.000202576
144.699,0.00271692,-0.00342408,0.000412755
144.763,0.00252825,-0.00296306,-0.00173374
144.827,-0.0036799,-0.00470009,-0.0010186
144.891,0.00120686,-0.00543247,0.000173374
144.955,-0.0012177,-0.00317464,-0.000191965
145.02,0.00539685,-0.00315739,0.000946812
145.084,0.00216432,-0.00506203,0.000419176
145.147,-0.00175249,-0.00306977,-0.000265303
145.211,0.00212929,-0.00515776,0.00259637
145.275,-0.00366083,-0.00296386,-0.000150826
145.339,0.00537403,-0.00314649,0.00102675
145.403,-0.00139171,-0.00268408,0.0019932
145.467,0.0038438,-0.00296889,0.00111754
145.531,0.00225214,-0.00507111,0.00270019
145.595,-0.00327748,-0.00297362,-6.34974e-05
145.659,0.000948644,-0.00289573,0.00245989
145.723,-0.000271294,-0.00492667,0.00263585
145.787,0.00279253,-0.00334344,0.0010278
145.851,-0.00566275,-0.00249164,0.00137021
145.915,-0.00164525,-0.00267113,0.00239316
145.98,-0.000311491,-0.0048594,0.00267028
146.043,-0.00663689,-0.00279948,-0.000522834
146.107,-0.00156981,-0.00274948,0.00205944
146.171,-0.00236904,-0.00262549,0.00227457
146.235,-0.00360945,-0.00253059,0.00213667
146.299,0.00187205,-0.00285145,0.000881714
146.363,-0.00293484,-0.00256476,0.00183071
146.427,-0.00243524,-0.00258117,8.3848e-05
146.491,-0.000857817,-0.00488356,0.00218441
146.555,-0.00409303,-0.00290761,-0.000188976
146.619,-0.00108509,-0.00274457,-5.91577e-05
146.683,-0.0042904,-0.00249739,0.00152227
146.747,-0.00602758,-0.00235801,-0.000522523
146.811,-0.00624852,-0.00233375,-0.000911611
146.875,-0.00611637,-0.00233982,-0.000959644
146.939,0.00133206,-0.00280151,0.000250175
147.003,-0.00211838,-0.00259314,-0.000318492
147.067,-0.00300542,-0.000355791,-0.000487391
147.131,0.00497321,-0.00478804,0.000859446
147.195,-0.00277629,-0.000715169,-0.000445657
147.259,-0.00302505,-0.00216987,-0.000470356
147.323,-0.00310295,-0.00246071,-0.000479458
147.387,-0.000704663,-0.00266878,-8.71157e-05
147.451,-0.00268896,-0.00255392,-0.00041016
147.515,-0.00337538,-0.00251638,-0.000521431
147.579,-0.00321346,-0.000341552,-0.000517695
147.643,0.00389945,-0.0025144,-0.00152354
147.707,-0.00304076,-0.00244422,-0.000903731
147.771,-0.00033646,-0.00268835,-0.000114471
147.835,-0.00481531,-0.0024214,-0.000770073
147.899,-0.00547305,-0.00238024,-0.000861822
147.963,0.00604726,-0.000928737,0.000984373
148.027,-0.00431413,-0.00201743,-0.000674043
148.091,0.00623173,-0.00301392,-0.00115016
148.155,0.00556396,-0.00305643,0.000488463
148.219,0.000247272,-0.00273822,-1.9761e-05
148.283,0.000929687,-0.00278197,0.000159811
148.347,-0.00332627,-0.00252134,-0.000510724
148.411,-0.00281822,-0.00255186,-0.000425922
148.475,-0.00583641,-0.00235948,-0.000909164
148.539,-0.00531031,-0.0023926,-0.000823834
148.603,0.00286049,-0.000726259,0.000464229
148.667,-0.00296913,-0.00212423,0.00172944
148.731,-0.00315689,-0.00244613,-4.09874e-05
148.795,-0.00307239,-0.00251516,-0.000376162
148.859,0.00568514,-0.000903147,0.000931614
148.923,0.000160865,-0.0022991,5.24957e-05
148.987,0.00208853,-0.00277339,0.000360146
149.051,0.000146433,-0.000538018,2.87778e-05
149.115,0.000218341,-0.0023007,5.77301e-05
149.179,0.00178778,-0.000593396,0.00247159
149.243,-0.00351091,-0.00205609,-9.78059e-05
149.307,-0.00334792,-0.000242745,-0.000440625
149.371,-0.000367699,-0.00224933,-1.82617e-05
149.435,-0.00270587,-0.00248189,0.00177957
149.499,0.00340879,-0.000750755,0.000985519
149.563,0.00347142,-0.00250961,0.000661235
149.627,-1.23622e-05,-0.000478581,0.00220125
149.691,0.00325436,-0.000303552,0.00095703
149.755,-0.00234208,-0.00205126,-0.000260332
149.819,0.00343501,-0.000682732,0.00274839
149.883,-0.00157942,-0.00217163,0.000213015
149.947,-0.00526859,-0.000118028,-0.000740839
150.011,-0.00227415,5.42089e-05,-0.000341195
150.074,0.00066855,-0.00224424,0.000131162
150.138,-0.00199029,-0.000335517,0.00187391
150.202,-0.00195379,3.22562e-05,0.000130952
150.266,0.00222355,-0.000161124,0.0004388
150.33,-0.00226831,-0.0020411,-0.000318194
150.394,0.00121349,-0.000517752,0.000199565
150.458,-0.000602821,-4.93112e-05,-9.35504e-05
150.522,-0.00215051,0.000120327,-0.000339133
150.586,-0.000502879,-0.00215561,-5.73075e-05
150.65,-0.000925768,-0.000378572,-0.000141565
150.714,-0.0021004,4.71563e-05,-0.000330288
150.778,0.00301356,-0.00239254,0.000496336
150.842,0.000235615,-0.000455015,4.14535e-05
150.906,0.00459957,-0.000383147,0.000725257
150.97,-0.00443477,-0.00189368,-0.00285541
151.034,0.000459134,-0.000465319,-0.000359802
151.098,0.00244401,-0.000243866,0.000297726
151.162,-0.00136901,7.00675e-05,-0.000232706
151.226,0.000615562,-0.00222536,0.000114954
151.29,-0.000656159,-0.000395573,-9.94552e-05
151.354,-0.00278991,9.06197e-05,-0.000437653
151.418,-0.000375066,2.78065e-05,-0.00223654
151.482,0.000196848,-1.1776e-05,-0.000407367
151.546,0.00408887,-0.000260676,0.000554936
151.61,-0.000286789,1.83258e-05,-6.25983e-05
151.674,0.000277935,-1.77234e-05,4.01622e-05
151.738,-0.000957807,6.11006e-05,-0.000151205
151.802,0.00560001,-0.000357229,0.000879802
151.866,0.00386362,-0.000246463,0.000607071
151.93,-0.00207614,0.000152927,-0.00250628
151.994,0.00194245,-0.000119397,-0.000131063
152.058,-0.0067174,-0.00175319,-0.00111927
152.122,0.00469211,-0.000735218,0.000723433
152.186,0.00179432,-0.000201402,0.000279026
152.25,-0.00344965,0.000222178,-0.00272111
152.314,-0.00257007,0.000163718,-0.000843411
152.378,-0.00553365,0.000351191,-0.000956523
152.442,0.000524306,-0.00219027,-0.00209266
152.506,-0.00634552,-3.18973e-05,-0.00143173
152.57,0.00127231,-0.000167186,0.000112061
152.634,2.18047e-05,2.19253e-06,-0.00219893
152.698,-0.0015764,0.000100165,-0.000685294
152.762,-0.00400056,0.000252537,-0.00071484
152.826,-0.00600499,0.000378882,-0.000959055
152.89,-0.00279952,0.000197183,-0.0026243
152.954,-0.0015537,0.000101968,-0.000681332
153.018,-0.00418521,0.000264155,-0.000743742
153.082,-0.000913631,7.85267e-05,-0.00234062
153.146,-0.00675042,0.000427786,-0.00150063
153.21,-0.0020889,0.000131911,-0.000416035
153.274,0.000213548,0.00218806,-0.00218578
153.338,-0.00140866,0.000528441,-0.000664978
153.402,0.00124571,9.85097e-06,0.000107018
153.466,0.00457291,-0.000268519,0.00070001
153.53,-0.0060521,0.00258507,-0.00316066
153.594,-0.00541429,0.000781043,-0.00129445
153.657,-0.000554759,0.000144476,-0.00235931
153.722,-0.00503258,0.0025145,-0.00126715
153.785,-0.00485402,0.000744154,-0.000859092
153.85,0.000926447,5.18169e-05,-0.0020521
153.914,0.00258981,0.00203824,-5.08472e-05
153.978,0.00615465,8.18646e-05,-0.00130651
154.041,-0.00922782,0.000664045,-0.00191169
154.105,-0.00311341,0.002412,-0.00278404
154.169,0.000335109,0.000423786,-0.000406278
154.233,-0.00404701,0.000338556,-0.000729922
154.297,0.0056241,0.00187525,-0.00133322
154.361,-0.00127624,0.000523979,-0.000646878
154.425,0.00859475,0.00176362,-0.000931538
154.489,0.00230821,0.0003169,-9.35087e-05
154.553,0.00139797,6.14784e-06,0.000129063
154.618,0.00761696,0.00175095,-0.00101117
154.682,-0.000105952,0.000450111,-0.000460271
154.745,0.000556738,0.00226289,-0.00220914
154.809,0.00103987,0.000395189,-0.000294002
154.873,0.0103089,-0.000513497,-0.000643027
154.937,-0.000636023,0.00224383,-0.000578635
155.001,0.00762309,-3.01058e-07,-0.00106696
155.065,0.0105912,-0.000549925,0.0012247
155.129,0.00239447,-0.000106226,-0.00189442
155.193,0.0104408,0.00156084,0.00118035
155.257,0.000720926,0.000415342,-0.00216265
155.322,0.00706666,-0.000335118,0.000670594
155.385,0.00697444,-0.000402197,0.00101647
155.449,0.00085544,-2.77307e-05,-0.00206768
155.513,0.00427297,0.00193105,0.000216511
155.577,-0.00139233,0.000520585,-0.000313636
155.641,0.000190935,9.63205e-05,-0.0021693
155.705,-0.00404427,0.000264063,-0.00108492
155.769,0.00624683,0.00180914,0.000885637
155.833,0.00352328,0.000224343,0.000538966
155.897,0.00551371,-0.00024335,0.000872914
155.961,-0.00370296,0.00241947,-0.000612044
156.025,-0.00279715,0.000609924,-0.000450004
156.089,0.00437669,-0.00017342,0.000696215
156.153,-0.00165507,0.00229451,-0.000285226
156.217,0.00185109,0.000330789,0.000290884
156.281,0.00295747,0.00209259,0.000450619
156.345,0.00569321,0.00011245,0.000904549
156.409,0.00461996,0.00197233,0.00289672
156.473,-0.00211314,0.00276058,7.32333e-05
156.537,0.00747271,7.6238e-05,0.00127766
156.601,0.00369617,0.00204238,0.00276805
156.665,-0.00202437,0.000578648,0.000114375
156.729,0.00666808,0.00184627,0.00331611
156.793,-0.000479829,0.00263781,0.00253
156.857,-0.00315037,0.000715203,1.80985e-05
156.921,-0.00215362,0.00240078,0.00192321
156.985,-0.00392666,0.00284976,0.00197757
157.049,0.0037007,0.000274374,0.00329822
157.113,-0.000255287,0.00227989,0.00266479
157.177,-0.000577253,0.00264907,0.00260843
157.241,-0.000975131,0.00273784,0.00253729
157.305,0.00239092,0.000388822,0.000925683
157.369,-0.00186688,0.00238583,0.00196834
157.433,-0.00282705,0.00278655,0.00215303
157.497,0.00248979,0.00252725,0.00308559
157.561,-0.0050004,0.00301547,0.0018912
157.625,-0.00604628,0.00089901,0.00174404
157.689,0.000687306,0.0022409,0.000634263
157.753,-0.000739901,0.00266411,0.00214408
157.817,0.00452423,0.0023973,0.00334775
157.881,-0.00375141,0.000773023,-8.73354e-05
157.945,-0.000764148,0.00231518,0.00213956
158.009,0.00162139,0.00251577,0.00288205
158.073,-0.00394224,0.00295259,-0.000143209
158.137,0.00809094,0.00217725,0.00357598
158.201,0.00208007,0.00259151,0.000769797
158.265,-0.00230722,0.000672468,0.00189381
158.329,0.00185586,0.00214919,0.00292239
158.393,-0.000445983,0.00266147,0.000427267
158.457,0.00495594,0.00236926,0.00307301
158.521,-0.00172847,0.00283034,0.000145325
158.585,-0.0071515,0.00316321,0.00106805
158.649,0.00658908,0.00229626,0.00151094
158.713,-0.0033037,0.00291413,0.0016971
158.777,-0.00131788,0.00281653,0.000211395
158.841,0.00272998,0.000348168,0.00271821
158.905,0.00430536,0.00200722,0.00114156
158.969,-0.000399798,0.00264022,0.00217661
159.033,-0.0035573,0.00293673,-0.000162868
159.097,-0.00252196,0.00286378,0.00182528
159.161,0.00525394,0.00237603,0.00129625
159.225,-0.00249703,0.00288738,-0.000353628
159.288,-0.00218865,0.00287846,-0.000375135
159.353,0.00467718,0.0023931,0.0029297
159.417,-0.00368269,0.0029621,-0.0002067
159.481,-0.00486579,0.000863655,-0.000728963
159.545,-0.0140972,0.00320644,-0.00235969
159.608,-0.00100514,0.00271183,-0.000192462
159.672,0.00418297,0.00243632,0.000671148
159.736,-0.00239901,0.00287947,-0.000431167
159.8,0.000423591,0.0026988,4.15112e-05
159.865,0.0048762,0.00022668,0.000810998
159.929,-0.00389574,0.00254492,-0.000678822
159.992,-0.00615753,0.00304328,-0.00106293
160.056,0.00372594,0.00244363,0.00277865
160.12,-0.00815466,0.00106985,-0.00093925
160.184,-0.0134366,0.00316853,-0.00219855
160.248,0.00131272,0.00255139,0.00021047
160.312,-0.000908847,0.00274616,0.00200245
160.377,0.00323523,0.0024983,0.000950971
160.44,-0.000485449,0.000576642,-5.05175e-07
160.504,0.00204263,0.00216333,0.000337678
160.569,0.00715552,0.00216206,0.00118538
160.632,-0.00261339,0.00285853,0.00171067
160.696,-0.00270676,0.000718437,-2.48019e-05
160.76,-0.00701849,0.00274727,-0.00112766
160.824,-0.00426297,0.00292135,-0.000735088
160.888,0.00341617,0.00248622,0.000554245
160.952,-0.0010159,0.00279567,-0.000202497
161.016,0.00819362,3.41378e-05,-0.000792844
161.08,0.00363001,0.00205424,0.000157866
161.144,0.00809022,0.00211155,0.00126274
161.208,0.000824502,0.00268511,-0.00209216
161.272,0.00329507,0.00250971,9.34593e-05
161.336,0.00441855,0.000282284,-0.00152156
161.4,-0.00340338,0.00254452,-0.00325107
161.464,0.00186388,0.00251831,-0.00023603
161.528,0.00241094,0.000394698,-0.0018778
161.592,0.00535481,0.00197488,-0.00175317
161.656,0.00314101,0.000259372,6.3691e-06
161.72,0.00806597,0.00178211,-0.000931472
161.784,0.00588953,0.00010634,-0.0016352
161.848,0.0046897,0.00197816,0.000251266
161.912,0.00631053,7.49376e-05,-0.00120673
161.976,0.00290695,0.00211527,-0.00216491
162.04,0.000271143,0.000468686,-0.00267495
162.104,0.00664145,0.00185563,0.000574711
162.168,0.00205081,0.000347638,-0.00193983
162.232,-0.00171504,0.00240643,-0.00295711
162.296,0.0044165,0.000181718,0.000226336
162.36,0.00193719,-6.86166e-06,-0.00195588
162.424,0.0057617,0.00184097,0.000511607
162.488,0.00155305,0.000365218,-0.00200776
162.552,0.00320611,-0.000108691,9.54093e-05
162.616,0.00318571,0.00200026,0.000434595
162.68,-0.00445828,0.000741734,-0.0029721
162.744,-0.0090073,0.000657759,-0.00199593
162.808,-0.000901724,7.50828e-05,-0.00024384
162.872,0.00581181,0.00182035,0.000963224
162.936,0.00411727,0.000180774,0.000703007
163,0.00465665,-0.000204315,0.000802709
163.064,0.0017487,0.00208973,0.000278357
163.128,-0.00100338,0.000503194,-0.0001783
163.192,-0.00013662,9.69062e-05,-2.45873e-05
163.256,-0.00312931,0.00237294,0.00161549
163.32,-0.00359283,0.000661371,-0.000190337
163.384,-0.00141412,0.000176014,-0.00015848
163.448,-0.000900633,0.00223437,0.00202082
163.512,0.00361011,0.000208088,0.00106124
163.576,-0.00443313,0.00252565,0.00147455
163.64,-0.000193288,0.000439056,0.00259952
163.704,-0.00328277,0.00247502,-6.71574e-05
163.768,0.00199687,0.000303253,0.00262934
163.832,-0.00461188,0.00256129,-0.000369007
163.896,0.00429505,0.000155848,0.00301443
163.96,-0.00267869,0.00241504,0.00214386
164.024,0.00153519,0.000351112,0.000789755
164.088,-0.00078134,0.000116365,0.002148
164.152,-0.00462127,0.00247208,0.00181458
164.216,0.00337773,0.00239854,0.00108905
164.28,0.00195582,0.000377299,0.00262891
164.344,-0.00311455,0.00246001,0.00207092
164.408,0.00101072,0.00038384,0.000696381
164.472,-0.00451857,0.00254095,0.00147124
164.536,-0.00165429,0.000535424,0.00235075
164.6,-0.00378105,0.00248917,0.0020229
164.664,-0.00371258,0.00284898,0.00204392
164.727,-0.000376565,0.000524288,0.00266093
164.792,-0.000357542,0.00230172,0.000456393
164.856,-0.00339982,0.000655803,0.00169037
164.92,0.00137586,-2.87883e-05,0.00288167
164.984,-0.00588779,0.00255873,0.00165123
165.048,0.000505824,0.000400891,0.000626007
165.112,0.00137642,0.00215032,0.0025034
165.176,-0.00151489,0.000548655,0.000186314
165.239,0.00184824,-5.7482e-05,0.00260203
165.303,-0.00402078,0.00028012,-0.000250426
165.367,0.00298559,0.00198546,0.000591131
165.431,-1.84619e-05,0.000415628,0.00219507
165.495,-0.00377732,0.000334115,-0.000226019
165.56,0.00476438,-0.000300767,0.00092514
165.624,-0.00191943,0.000131124,-0.000319908
165.688,-0.00225356,0.000150737,-0.000392643
165.751,-0.00361084,0.000216513,0.00155138
165.815,-0.000524813,-0.00214978,0.000369935
165.879,0.00224211,-0.000588,0.000486431
165.943,0.00256243,-0.000258809,0.000468534
166.007,0.00100601,-8.47942e-05,0.000180391
166.071,0.000229225,-1.88333e-05,4.09997e-05
166.135,-0.00112158,7.4182e-05,-0.000196808
166.199,0.00231287,-0.00233437,0.000430909
166.263,-0.000877567,-0.000377656,-0.000148913
166.328,0.00363099,-0.000329089,0.000637975
166.391,0.000952798,-5.62593e-05,-0.00201851
166.455,-0.000536894,-0.00214445,-0.00050631
166.519,-0.00120862,-0.000356548,-0.00029444
166.583,0.00192661,-0.000190936,-0.00186367
166.647,0.00164804,-0.00230373,-0.00012708
166.711,-0.000783187,-0.000362954,-0.00240159
166.775,0.00568715,-0.000434038,-0.00164314
166.839,0.0090466,-0.00278615,0.0010814
166.903,-0.00246468,-0.000252241,-0.00271317
166.967,0.000868892,-0.00232498,-0.000281922
167.031,-0.00723471,4.51296e-05,-0.0035321
167.095,0.00159245,-0.00234767,-0.00233381
167.159,0.000529897,-0.000485742,-0.000432604
167.223,0.00288541,-0.00243333,-0.00175618
167.287,-0.000668407,-0.000382848,-0.00275274
167.351,0.00211964,-0.00022346,-0.000157627
167.415,-0.000345999,-0.00215174,-0.00232193
167.479,0.000640601,-0.000453055,-0.00252323
167.543,0.00293533,-0.00244622,1.21068e-05
167.607,0.00171561,-0.00054062,-0.00198655
167.671,-0.00151289,1.11669e-05,-0.000724131
167.735,0.00166886,-0.00227953,-0.00195625
167.799,-0.00520754,-7.87754e-05,-0.00354215
167.863,0.000423715,-0.000109838,-0.000452775
167.927,-0.00342288,-0.00195618,-0.00285765
167.991,-0.000358806,-0.000388736,-0.00269611
168.055,0.00413242,-0.000346515,0.000191752
168.119,0.00103348,-5.9091e-05,-0.00210811
168.183,-0.00297922,-0.00199353,-0.000952301
168.247,-0.00194496,-0.000313595,-0.000424653
168.311,-0.00148609,7.31771e-06,-0.000275211
168.375,-0.00259048,-0.00200987,-0.00260852
168.439,-0.008929,0.000132385,-0.00197976
168.503,0.000205338,-0.000100652,-5.14072e-05
168.567,-0.00266495,-0.00202915,-0.000454525
168.631,-4.18584e-05,-0.000437432,-5.89409e-06
168.695,9.65527e-05,-0.00227406,4.08241e-05
168.759,0.000560546,-0.000487163,0.000101728
168.823,-0.0011667,-1.62709e-05,-0.000200772
168.887,-0.002627,-0.00203609,-0.000429495
168.951,-0.00631915,-3.76605e-05,-0.00108666
169.015,0.00597576,-0.000468085,0.00103316
169.079,-0.0053633,-0.00186444,-0.000900529
169.143,0.000290161,-0.00045929,5.5046e-05
169.207,-0.00109321,-1.88671e-05,-0.000187635
169.271,-0.00596078,-0.00183972,0.0011764
169.335,-0.00151146,-0.000348127,0.000180789
169.399,-0.00951918,0.000518249,-0.00155248
169.463,0.00558111,-0.00257689,0.00317919
169.527,-0.00213788,-0.000307707,7.59921e-05
169.591,-0.00588556,-0.00190028,-0.000898477
169.655,0.00319421,-0.000658852,0.000572179
169.719,-0.00105158,-4.64756e-05,0.00200332
169.783,-0.005221,-0.00187309,-0.000433522
169.847,-0.00623744,-4.26092e-05,-0.000978838
169.91,-0.00215983,-0.00215674,0.00185488
169.974,-0.00380207,-0.000215001,-0.000207116
170.039,-0.00915314,-0.00168249,-0.001456
170.103,0.00450257,-0.000744897,0.000794821
170.167,-0.00525655,-0.00195574,0.00130962
170.231,0.00102382,-0.000525248,0.000617639
170.294,-0.00147145,-0.00218252,-0.000138658
170.359,-0.00113231,-0.000403165,0.00200494
170.423,0.00294078,-0.000285374,0.000942594
170.486,-0.00404229,-0.00194392,-0.000577909
170.55,-0.0014965,-0.000368132,0.00194839
170.614,0.000778057,-0.0023247,0.000597862
170.679,-0.00322919,-0.000245781,-0.00045833
170.742,0.000256459,-0.0023177,0.00227191
170.807,-0.00389167,-0.000204997,-0.000220295
170.87,0.00255429,-0.000282541,0.00270853
170.934,-0.00063841,-0.00216331,0.000370693
170.998,-0.00373496,-0.000220382,0.00164053
171.063,0.00497047,-0.00259596,0.00132365
171.127,-0.00532615,-0.000105724,-0.000811137
171.19,-0.00528878,0.000231532,0.00130651
171.254,0.00904189,-0.00279476,0.00200104
171.319,0.00323125,-0.00285595,0.0028458
171.382,-0.00187159,-0.000408916,0.000144268
171.446,-0.00308011,-0.00210756,0.0017747
171.51,-0.00326914,-0.000247352,-9.45695e-05
171.574,0.00214705,-0.00241533,0.000479884
171.638,-0.00481419,-0.002324,-0.000767023
171.702,0.000933112,-0.00279018,0.00236916
171.766,0.00615101,-0.000954227,0.00148436
171.83,-0.0031338,-0.00208561,-0.000415584
171.894,0.000296258,-0.00265814,9.67686e-05
171.958,0.00139364,-0.00279566,0.000268317
172.022,0.00018419,-0.00273499,6.19134e-05
172.086,-0.00814635,-0.0021985,-0.00133937
172.15,0.000560357,-0.000582683,0.000100489
172.214,-0.00155681,-0.00437669,-0.000211563
172.278,-0.000517514,-0.00086249,-7.69128e-05
172.342,0.00134708,-0.00247211,0.00243168
172.406,0.0063346,-0.00307864,0.00152655
172.47,-0.00344595,-0.00248611,-0.000458728
172.534,0.00492415,-0.000869552,0.000847626
172.598,-0.00386993,-0.00203661,-0.000617492
172.662,0.00613666,-0.00303856,0.00105377
172.726,0.000863758,-0.000584469,0.000150052
172.79,-0.00379756,-0.00203995,-0.000607861
172.854,0.00217746,-0.00278222,0.000391479
172.918,-0.00328812,-0.00249311,-0.000517193
172.982,0.00282818,-0.000731795,0.000476784
173.046,-0.000290886,-0.0022714,-2.30644e-05
173.11,-0.00252671,-0.00247303,-0.00039049
173.174,0.00347119,-0.000757951,0.000582351
173.238,0.000769454,-0.00233787,0.000152798
173.302,-0.00407327,-0.00236901,-0.000645789
173.366,0.00571157,-0.00087842,-0.0012239
173.43,-0.00193476,-0.00215723,-0.000732143
173.494,-0.00250122,-0.00248016,-0.000472618
173.558,-0.00315348,-0.000320969,-0.000533293
173.622,0.00205282,-0.00239912,-0.00182125
173.686,-0.00463416,-0.00232834,-0.00117274
173.75,0.00460555,-0.000833543,0.000677841
