10.2453,0.980553,0.0583755,0.187372,-0.0553365,0.998238,-0.0214139,-0.188292,0.0106289,0.982056
10.3093,0.980529,0.0580795,0.187587,-0.0551634,0.998262,-0.0207328,-0.188465,0.00998119,0.982029
10.3733,0.980529,0.0582227,0.187543,-0.0551634,0.998246,-0.0214946,-0.188465,0.0107306,0.982021
10.4371,0.980506,0.0580322,0.187725,-0.0549905,0.998258,-0.0213751,-0.188638,0.0106354,0.981989
10.5011,0.980506,0.0580351,0.187724,-0.0549905,0.998258,-0.0213908,-0.188638,0.0106508,0.981989
10.5652,0.980482,0.0578312,0.18791,-0.0548175,0.998271,-0.0212001,-0.188811,0.0104856,0.981957
10.6292,0.980491,0.0578015,0.187871,-0.0546463,0.998265,-0.021935,-0.188813,0.0112407,0.981949
10.6932,0.980459,0.0577744,0.188051,-0.0546445,0.998268,-0.0217905,-0.188984,0.0110887,0.981918
10.757,0.980468,0.0575796,0.188063,-0.0544733,0.998281,-0.0216481,-0.188986,0.0109808,0.981918
10.8212,0.980477,0.0574886,0.188043,-0.0543022,0.998281,-0.0220572,-0.188988,0.0114155,0.981913
10.8853,0.980444,0.0575678,0.18819,-0.0543004,0.998272,-0.0224763,-0.189159,0.011818,0.981875
10.9491,0.980453,0.0571281,0.188276,-0.0541292,0.998312,-0.0210355,-0.18916,0.0104331,0.981891
11.0131,0.98042,0.0571975,0.188427,-0.0541274,0.998305,-0.0214031,-0.189332,0.0107849,0.981854
11.0772,0.980429,0.0570626,0.18842,-0.0539563,0.99831,-0.0215785,-0.189333,0.0109897,0.981851
11.141,0.980429,0.0570479,0.188425,-0.0539563,0.998312,-0.0215009,-0.189333,0.0109134,0.981852
11.205,0.980396,0.0571357,0.18857,-0.0539545,0.998302,-0.0219649,-0.189504,0.0113601,0.981814
11.2691,0.980396,0.0571107,0.188577,-0.0539545,0.998305,-0.0218327,-0.189504,0.0112301,0.981816
11.333,0.980372,0.0569478,0.188751,-0.0537815,0.998313,-0.0218586,-0.189677,0.0112782,0.981782
11.397,0.980372,0.0569904,0.188738,-0.0537815,0.998308,-0.022084,-0.189677,0.0115,0.981779
11.461,0.980372,0.0569141,0.188761,-0.0537815,0.998317,-0.0216803,-0.189677,0.0111029,0.981784
11.5252,0.980339,0.0570273,0.188898,-0.0537797,0.998304,-0.0222775,-0.189849,0.0116806,0.981744
11.5892,0.980339,0.0569939,0.188908,-0.0537797,0.998308,-0.0221011,-0.189849,0.0115071,0.981746
11.653,0.980339,0.0569726,0.188915,-0.0537797,0.998311,-0.0219885,-0.189849,0.0113964,0.981747
11.7169,0.980306,0.0569393,0.189096,-0.0537779,0.998315,-0.0218118,-0.19002,0.011213,0.981716
11.7809,0.980306,0.0568949,0.18911,-0.0537779,0.99832,-0.0215775,-0.19002,0.0109826,0.981719
11.8449,0.980306,0.0568468,0.189124,-0.0537779,0.998325,-0.0213235,-0.19002,0.0107329,0.981722
11.909,0.980306,0.0567611,0.18915,-0.0537779,0.998335,-0.0208709,-0.19002,0.0102878,0.981726
11.9734,0.980306,0.0567773,0.189145,-0.0537779,0.998333,-0.0209566,-0.19002,0.010372,0.981726
12.0368,0.980264,0.0569598,0.189309,-0.0539472,0.998322,-0.0210329,-0.190189,0.0104051,0.981692
12.1009,0.980264,0.0568546,0.18934,-0.0539472,0.998334,-0.0204781,-0.190189,0.00985962,0.981698
12.1648,0.980264,0.0569096,0.189324,-0.0539472,0.998328,-0.0207683,-0.190189,0.010145,0.981695
12.2291,0.980264,0.0568812,0.189332,-0.0539472,0.998331,-0.0206184,-0.190189,0.00999755,0.981697
12.293,0.980255,0.0570146,0.189339,-0.0541183,0.998325,-0.0204363,-0.190187,0.0097861,0.981699
12.3567,0.980255,0.0569399,0.189362,-0.0541183,0.998333,-0.0200426,-0.190187,0.00939891,0.981703
12.4208,0.980213,0.0571632,0.189513,-0.0542876,0.998318,-0.0203346,-0.190357,0.00964407,0.981668
12.4849,0.980213,0.0571318,0.189522,-0.0542876,0.998322,-0.0201694,-0.190357,0.00948161,0.981669
12.5487,0.980213,0.0570515,0.189547,-0.0542876,0.99833,-0.0197463,-0.190357,0.00906558,0.981673
12.6128,0.980213,0.0570993,0.189532,-0.0542876,0.998325,-0.019998,-0.190357,0.00931302,0.981671
12.6789,0.980246,0.0570236,0.189384,-0.0542894,0.998333,-0.0195982,-0.190185,0.00892952,0.981708
12.7566,0.980237,0.0572291,0.189369,-0.0544605,0.99832,-0.0197958,-0.190184,0.00909144,0.981706
12.8207,0.980237,0.0571702,0.189387,-0.0544605,0.998326,-0.0194856,-0.190184,0.00878641,0.981709
12.885,0.980237,0.0570925,0.18941,-0.0544605,0.998334,-0.0190757,-0.190184,0.00838335,0.981713
12.9486,0.98027,0.0570489,0.189252,-0.0544624,0.998338,-0.0188442,-0.190013,0.00816533,0.981748
13.0126,0.98027,0.0571285,0.189228,-0.0544624,0.99833,-0.019264,-0.190013,0.00857808,0.981744
13.0766,0.98027,0.0570639,0.189248,-0.0544624,0.998337,-0.0189231,-0.190013,0.00824284,0.981747
13.1406,0.980303,0.057115,0.189061,-0.0544642,0.998331,-0.0191909,-0.189841,0.00851582,0.981778
13.2047,0.980303,0.0570822,0.189071,-0.0544642,0.998335,-0.0190178,-0.189841,0.00834558,0.981779
13.2687,0.980336,0.0570366,0.188913,-0.054466,0.998339,-0.0187753,-0.18967,0.00811679,0.981814
13.3328,0.980336,0.0571923,0.188866,-0.054466,0.998323,-0.0195978,-0.18967,0.00892561,0.981807
13.3967,0.980369,0.0571667,0.188703,-0.0544679,0.998326,-0.0194612,-0.189499,0.00880094,0.981841
13.4606,0.980369,0.0571158,0.188718,-0.0544679,0.998331,-0.0191918,-0.189499,0.00853599,0.981844
13.5248,0.980402,0.0571637,0.188532,-0.0544697,0.998326,-0.019444,-0.189328,0.0087936,0.981875
13.5887,0.980402,0.0570475,0.188567,-0.0544697,0.998338,-0.0188289,-0.189328,0.00818873,0.98188
13.6526,0.980402,0.0570551,0.188565,-0.0544697,0.998337,-0.0188691,-0.189328,0.00822819,0.981879
13.7166,0.980444,0.0568447,0.18841,-0.0543004,0.998351,-0.0186427,-0.189159,0.00804742,0.981914
13.7804,0.980477,0.0568618,0.188233,-0.0543022,0.998349,-0.0187315,-0.188988,0.00814429,0.981946
13.8448,0.980477,0.05694,0.18821,-0.0543022,0.998341,-0.0191459,-0.188988,0.00855191,0.981942
13.9088,0.98051,0.0567878,0.188084,-0.054304,0.998356,-0.0183365,-0.188816,0.00776537,0.981982
13.9725,0.98051,0.0567586,0.188093,-0.054304,0.998359,-0.0181818,-0.188816,0.00761317,0.981983
14.0366,0.980543,0.0567815,0.187915,-0.0543058,0.998357,-0.018301,-0.188645,0.00774006,0.982015
14.1007,0.980575,0.0568245,0.187731,-0.0543077,0.998352,-0.018527,-0.188474,0.00797192,0.982046
14.1645,0.980608,0.0568295,0.187558,-0.0543095,0.998352,-0.0185515,-0.188303,0.00800563,0.982078
14.2286,0.980632,0.0569563,0.187396,-0.0544825,0.998346,-0.0183295,-0.18813,0.00776469,0.982113
14.2926,0.980632,0.0571142,0.187348,-0.0544825,0.998331,-0.019171,-0.18813,0.00859253,0.982107
14.3564,0.980665,0.0570439,0.187198,-0.0544843,0.998338,-0.0187946,-0.187959,0.00823187,0.982142
14.4204,0.980697,0.0571297,0.187,-0.0544861,0.998329,-0.0192508,-0.187788,0.00869031,0.982171
14.4844,0.98073,0.0572187,0.186802,-0.0544879,0.99832,-0.019725,-0.187616,0.00916644,0.9822
14.5487,0.980763,0.0572541,0.18662,-0.0544897,0.998316,-0.0199129,-0.187445,0.00936101,0.98223
14.6125,0.980795,0.0572282,0.186456,-0.0544915,0.998318,-0.0197737,-0.187274,0.00923365,0.982264
14.6766,0.980819,0.0573289,0.186302,-0.0546645,0.998316,-0.0194114,-0.187101,0.00885497,0.982301
14.7405,0.980851,0.0574471,0.186094,-0.0546664,0.998303,-0.0200442,-0.18693,0.00948729,0.982327
14.8045,0.980884,0.0574142,0.185933,-0.0546682,0.998307,-0.019867,-0.186759,0.00932259,0.982362
14.8683,0.980907,0.0576004,0.185753,-0.0548412,0.998296,-0.0199626,-0.186586,0.00939455,0.982394
14.9325,0.980939,0.0576457,0.185567,-0.054843,0.998291,-0.0202056,-0.186415,0.00964342,0.982424
14.9965,0.980972,0.057613,0.185406,-0.0548448,0.998294,-0.0200289,-0.186243,0.00947924,0.982458
15.0602,0.980995,0.0578482,0.18521,-0.0550179,0.998277,-0.0203894,-0.18607,0.00981201,0.982487
15.1242,0.981027,0.057785,0.185058,-0.0550197,0.998284,-0.0200479,-0.185899,0.00948571,0.982523
15.1884,0.98106,0.05785,0.184866,-0.0550215,0.998277,-0.0203983,-0.185728,0.00984037,0.982552
15.2522,0.981115,0.0580268,0.184517,-0.0551964,0.998266,-0.0204435,-0.185384,0.00987275,0.982617
15.3162,0.981147,0.0579989,0.184354,-0.0551982,0.998269,-0.0202924,-0.185212,0.00973379,0.98265
15.3802,0.981211,0.0580603,0.183992,-0.0552018,0.998262,-0.0206246,-0.18487,0.0100804,0.982711
15.4443,0.981234,0.0582411,0.183813,-0.0553749,0.998251,-0.0206924,-0.184697,0.0101255,0.982743
15.5083,0.981299,0.0582368,0.183471,-0.0553785,0.998251,-0.0206687,-0.184354,0.0101218,0.982808
15.5721,0.981363,0.058269,0.183118,-0.0553821,0.998248,-0.0208441,-0.184012,0.0103142,0.98287
15.6362,0.981417,0.0584971,0.182752,-0.0555571,0.998231,-0.0211705,-0.183667,0.0106239,0.982931
15.7004,0.981481,0.0584933,0.18241,-0.0555607,0.998231,-0.0211504,-0.183325,0.0106239,0.982995
15.7642,0.981545,0.0584209,0.18209,-0.0555643,0.998239,-0.0207544,-0.182982,0.0102537,0.983063
15.8282,0.981608,0.0583601,0.181766,-0.0555679,0.998246,-0.020421,-0.182639,0.00994507,0.98313
15.8923,0.981672,0.0584095,0.181407,-0.0555715,0.99824,-0.0206921,-0.182297,0.0102318,0.98319
15.9561,0.981767,0.0582865,0.180932,-0.0555769,0.998254,-0.0200138,-0.181783,0.00959329,0.983292
16.0201,0.981821,0.05853,0.180561,-0.0557518,0.998236,-0.0204279,-0.181438,0.00998993,0.983352
16.0841,0.981884,0.0585376,0.180215,-0.0557554,0.998235,-0.0204697,-0.181095,0.0100509,0.983414
16.1483,0.981978,0.0584886,0.179716,-0.0557608,0.99824,-0.0201974,-0.180581,0.00981231,0.983511
16.2123,0.982041,0.0585914,0.179339,-0.0557643,0.998228,-0.0207693,-0.180238,0.0103955,0.983568
16.2763,0.982166,0.0584861,0.178687,-0.0557714,0.99824,-0.0201821,-0.179553,0.00985655,0.983699
16.3402,0.982229,0.0585243,0.178331,-0.055775,0.998235,-0.0203957,-0.17921,0.0100869,0.983759
16.4042,0.982331,0.0583602,0.177817,-0.0556088,0.998244,-0.0204219,-0.178697,0.0101729,0.983852
16.468,0.982394,0.0582401,0.177513,-0.0556123,0.998257,-0.0197474,-0.178354,0.00952781,0.98392
16.5322,0.982487,0.0582966,0.17698,-0.0556176,0.998251,-0.0200648,-0.17784,0.0098702,0.98401
16.5963,0.982619,0.0580993,0.176305,-0.0554531,0.998263,-0.0199037,-0.177155,0.00978106,0.984134
16.66,0.982681,0.0580428,0.17598,-0.0554566,0.998269,-0.0195832,-0.176812,0.00948483,0.984199
16.724,0.982773,0.0580474,0.175463,-0.0554618,0.998268,-0.0196085,-0.176298,0.00953919,0.984291
16.788,0.982856,0.0581589,0.174964,-0.0556385,0.998265,-0.0192807,-0.175781,0.0092154,0.984386
16.8519,0.982947,0.0581932,0.174437,-0.0556437,0.998261,-0.0194753,-0.175267,0.00943694,0.984476
16.9159,0.983078,0.0579766,0.173768,-0.055479,0.998275,-0.0192006,-0.174582,0.00923522,0.984599
16.9799,0.983179,0.0577934,0.173261,-0.0553125,0.998286,-0.0191173,-0.174069,0.00921223,0.98469
17.0441,0.983279,0.0577288,0.172714,-0.055146,0.998284,-0.0197198,-0.173556,0.00986563,0.984775
17.1082,0.983369,0.0575373,0.172262,-0.0551511,0.998305,-0.0186105,-0.173041,0.00880058,0.984875
17.1719,0.983499,0.0573736,0.171576,-0.0549861,0.998313,-0.0186394,-0.172356,0.00889753,0.984995
17.2361,0.983628,0.0572708,0.170869,-0.0548211,0.998315,-0.0190246,-0.171671,0.00934592,0.98511
17.3001,0.983727,0.0570667,0.170368,-0.0546544,0.998328,-0.0188196,-0.171157,0.00920197,0.985201
17.3639,0.983834,0.0567184,0.169862,-0.0543159,0.998348,-0.0187612,-0.170645,0.00923169,0.985289
17.4281,0.983932,0.056512,0.169361,-0.0541491,0.998361,-0.0185421,-0.170132,0.00907344,0.98538
17.492,0.98406,0.0564001,0.168657,-0.0539838,0.998363,-0.0188811,-0.169446,0.00947542,0.985494
17.5558,0.984196,0.0560111,0.167992,-0.0536467,0.998387,-0.0185835,-0.168762,0.00927762,0.985613
17.6199,0.984293,0.0557666,0.167504,-0.0534797,0.998404,-0.0181361,-0.168248,0.0088932,0.985705
17.6839,0.984419,0.0555355,0.166839,-0.0533142,0.99842,-0.017767,-0.167563,0.00859526,0.985824
17.7481,0.984524,0.0551804,0.166335,-0.0529753,0.99844,-0.0176684,-0.16705,0.00858336,0.985911
17.8119,0.984649,0.0550423,0.165639,-0.0528096,0.998445,-0.0178568,-0.166364,0.00883538,0.986025
17.8757,0.984783,0.0546301,0.164981,-0.0524721,0.998471,-0.017414,-0.16568,0.00849209,0.986143
17.9399,0.984907,0.0544685,0.164292,-0.0523063,0.998478,-0.0174616,-0.164994,0.00860453,0.986257
18.004,0.98501,0.0541053,0.16379,-0.051967,0.998499,-0.017315,-0.164481,0.0085438,0.986343
18.0678,0.985134,0.0538375,0.163136,-0.0518011,0.998518,-0.0167144,-0.163794,0.0080153,0.986462
18.1318,0.985265,0.0535046,0.162451,-0.0514631,0.998534,-0.0167521,-0.16311,0.00814501,0.986574
18.196,0.985424,0.0532625,0.161564,-0.0511265,0.998541,-0.0173524,-0.162252,0.00883924,0.98671
18.2597,0.985517,0.0529547,0.161095,-0.0509589,0.998564,-0.0164986,-0.161738,0.00805038,0.986801
18.3237,0.985638,0.0526793,0.160444,-0.0507927,0.998584,-0.0158405,-0.161051,0.00746362,0.986918
18.3878,0.985767,0.0522962,0.159775,-0.0504543,0.998605,-0.0155659,-0.160366,0.00728304,0.987031
18.4519,0.985887,0.0521394,0.159084,-0.0502879,0.998612,-0.0156445,-0.159679,0.00742375,0.987141
18.5159,0.986043,0.0518276,0.158219,-0.0499508,0.998626,-0.0158187,-0.158821,0.00769474,0.987277
18.5797,0.98617,0.0514271,0.157555,-0.0496121,0.998649,-0.0154335,-0.158135,0.00740349,0.98739
18.6438,0.986289,0.0514662,0.156799,-0.0494455,0.998636,-0.0167636,-0.157448,0.00878072,0.987488
18.7078,0.986415,0.0510695,0.156134,-0.0491066,0.998659,-0.016406,-0.156762,0.00851591,0.9876
18.7716,0.986532,0.0507483,0.155496,-0.0489399,0.998682,-0.015439,-0.156075,0.00762106,0.987716
18.8356,0.986711,0.0504322,0.154459,-0.0486035,0.998696,-0.0155957,-0.155044,0.00788119,0.987876
18.8999,0.986827,0.0502825,0.153765,-0.0484366,0.998702,-0.01573,-0.154357,0.00807492,0.987982
18.9636,0.986951,0.0498273,0.153118,-0.0480973,0.99873,-0.0149845,-0.15367,0.00742442,0.988094
19.0276,0.987066,0.0496162,0.152444,-0.0479302,0.998742,-0.0147169,-0.152982,0.0072199,0.988203
19.0918,0.98718,0.0494994,0.151739,-0.0477631,0.998745,-0.0150689,-0.152294,0.00762818,0.988306
19.1555,0.987355,0.049137,0.150716,-0.0474261,0.998763,-0.0149278,-0.151263,0.00759121,0.988464
19.2196,0.987468,0.049007,0.150015,-0.0472588,0.998767,-0.0151988,-0.150575,0.00791881,0.988567
19.2835,0.987581,0.0488352,0.149327,-0.0470914,0.998775,-0.0151938,-0.149887,0.00797306,0.988671
19.3477,0.987693,0.0486472,0.148645,-0.046924,0.998785,-0.01508,-0.149198,0.00791938,0.988776
19.4117,0.987831,0.0485464,0.147762,-0.0467577,0.998785,-0.0155568,-0.148337,0.00845848,0.988901
19.4755,0.988001,0.0481107,0.146762,-0.0464201,0.998811,-0.0149241,-0.147305,0.00793229,0.989059
19.5396,0.988111,0.04795,0.14607,-0.0462525,0.998817,-0.0149976,-0.146617,0.00806321,0.989161
19.6036,0.988221,0.0478709,0.145352,-0.0460848,0.998815,-0.0156326,-0.145928,0.00874996,0.989257
19.6674,0.988356,0.0476242,0.144515,-0.0459182,0.998831,-0.0151195,-0.145066,0.00830753,0.989387
19.7314,0.988457,0.047604,0.143831,-0.0459228,0.998833,-0.0149879,-0.144376,0.00820981,0.989489
19.7954,0.988598,0.0472275,0.142983,-0.0455836,0.998852,-0.0147532,-0.143516,0.00806732,0.989615
19.8594,0.988722,0.0472094,0.142125,-0.0455893,0.998853,-0.0146355,-0.142653,0.00799107,0.98974
19.9234,0.988829,0.0470063,0.141447,-0.0454213,0.998864,-0.014415,-0.141964,0.00782928,0.989841
19.9874,0.988936,0.0468098,0.140767,-0.0452532,0.998874,-0.0142401,-0.141275,0.00771236,0.98994
20.0516,0.989042,0.046732,0.140046,-0.0450851,0.998872,-0.0149113,-0.140585,0.00843392,0.990033
20.1154,0.989196,0.04656,0.139012,-0.0449191,0.998879,-0.0149196,-0.139551,0.00851408,0.990178
20.1796,0.9893,0.0462715,0.138362,-0.0447508,0.998899,-0.0140828,-0.138861,0.00774029,0.990282
20.2435,0.989397,0.0462749,0.137669,-0.0447552,0.998898,-0.0141153,-0.13817,0.00780425,0.990378
20.3075,0.989524,0.0460816,0.136814,-0.0445879,0.998908,-0.0139634,-0.137308,0.00771693,0.990498
20.3714,0.989627,0.0458822,0.136134,-0.0444195,0.998918,-0.0137647,-0.136618,0.00757495,0.990595
20.4353,0.989777,0.0457534,0.135084,-0.0442531,0.998921,-0.0140901,-0.135583,0.00796814,0.990734
20.4994,0.989871,0.0457724,0.134385,-0.0442573,0.998919,-0.0142417,-0.134892,0.00814994,0.990827
20.5633,0.989973,0.0455059,0.133728,-0.0440887,0.998936,-0.0135409,-0.134201,0.00750922,0.990926
20.6273,0.990074,0.0453665,0.133027,-0.0439201,0.99894,-0.013789,-0.133511,0.00780962,0.991017
20.6913,0.990197,0.0452254,0.132153,-0.0437524,0.998944,-0.0140299,-0.132648,0.00811036,0.99113
20.7553,0.99032,0.0450501,0.131291,-0.0435846,0.998951,-0.0140153,-0.131785,0.00815736,0.991245
20.8193,0.990411,0.0450467,0.1306,-0.0435887,0.998951,-0.0140031,-0.131094,0.00817613,0.991336
20.8831,0.990533,0.0449426,0.129713,-0.0434208,0.998951,-0.0145375,-0.13023,0.00876763,0.991445
20.9473,0.99063,0.0447476,0.129031,-0.0432519,0.998961,-0.0143724,-0.12954,0.00865693,0.991536
21.0114,0.990728,0.0446051,0.12833,-0.0430829,0.998965,-0.0146148,-0.128849,0.00895048,0.991624
21.0751,0.990869,0.0444581,0.127284,-0.0429158,0.998969,-0.0148358,-0.127812,0.00923789,0.991755
21.1394,0.990966,0.0442678,0.1266,-0.0427466,0.998978,-0.0147085,-0.127121,0.0091639,0.991845
21.2034,0.991061,0.0441738,0.125882,-0.0425775,0.998975,-0.0153453,-0.12643,0.0098484,0.991927
21.2671,0.991156,0.0439376,0.125213,-0.0424083,0.99899,-0.0148543,-0.125739,0.00941286,0.992019
21.3311,0.991273,0.0437476,0.124355,-0.0422399,0.998999,-0.0147358,-0.124875,0.00935441,0.992128
21.3951,0.991403,0.0433204,0.123465,-0.0417254,0.999009,-0.0154765,-0.124013,0.0101918,0.992228
21.459,0.991496,0.0430605,0.122804,-0.041556,0.999027,-0.0147874,-0.123322,0.00955839,0.992321
21.523,0.991589,0.0428794,0.122116,-0.0413865,0.999035,-0.0147368,-0.12263,0.00955884,0.992406
21.587,0.991703,0.0427502,0.121236,-0.0412179,0.999036,-0.0151202,-0.121766,0.00999764,0.992509
21.6512,0.991794,0.0425617,0.120551,-0.0410483,0.999044,-0.0150105,-0.121074,0.00993891,0.992594
21.7152,0.991907,0.0424494,0.119664,-0.0408795,0.999043,-0.0155443,-0.12021,0.0105267,0.992693
21.779,0.991997,0.0421915,0.119003,-0.0407098,0.999061,-0.0148557,-0.119518,0.00989222,0.992783
21.8431,0.992087,0.0420524,0.118299,-0.0405401,0.999063,-0.0151623,-0.118826,0.0102465,0.992862
21.9072,0.992177,0.0419481,0.117583,-0.0403703,0.99906,-0.0157695,-0.118134,0.0108992,0.992938
21.971,0.992259,0.0418649,0.116918,-0.0403736,0.999071,-0.0150954,-0.117442,0.0102581,0.993027
22.0349,0.992347,0.0417601,0.116202,-0.0402037,0.999068,-0.015706,-0.11675,0.0109141,0.993101
22.0991,0.992476,0.041554,0.115175,-0.0400354,0.999079,-0.0154682,-0.115711,0.0107408,0.993225
22.1629,0.992556,0.0415252,0.11449,-0.0400387,0.999082,-0.0152536,-0.115018,0.0105561,0.993307
22.2269,0.992643,0.0414433,0.113765,-0.0398687,0.999075,-0.0160826,-0.114326,0.0114286,0.993378
22.2909,0.992722,0.0413855,0.113091,-0.0398719,0.999083,-0.0156145,-0.113633,0.0109917,0.993462
22.3551,0.992801,0.04152,0.112346,-0.039875,0.999063,-0.0168507,-0.11294,0.0122497,0.993526
22.419,0.992926,0.0412971,0.111324,-0.0397064,0.999076,-0.0164686,-0.111901,0.0119319,0.993648
22.4828,0.993004,0.0412795,0.110635,-0.0397096,0.999077,-0.016357,-0.111208,0.0118493,0.993727
22.547,0.993081,0.0413659,0.109906,-0.0397126,0.999063,-0.0171896,-0.110514,0.012706,0.993793
22.611,0.993158,0.0413282,0.109224,-0.0397157,0.999068,-0.0168984,-0.109821,0.0124448,0.993873
22.6748,0.993253,0.0413415,0.108349,-0.0397195,0.999065,-0.0170862,-0.108954,0.0126674,0.993966
22.7389,0.993359,0.0415202,0.107299,-0.0398974,0.999055,-0.0172272,-0.107913,0.0128319,0.994077
22.803,0.993434,0.041468,0.106623,-0.0399004,0.999063,-0.016794,-0.10722,0.0124294,0.994158
22.8667,0.993509,0.0414682,0.105927,-0.0399034,0.999061,-0.0168498,-0.106526,0.0125136,0.994231
22.9307,0.993601,0.0414776,0.105053,-0.0399072,0.999059,-0.0170078,-0.105659,0.0127067,0.994321
22.9947,0.993668,0.0416508,0.104353,-0.0400835,0.99905,-0.0170727,-0.104965,0.0127818,0.994394
23.0587,0.993777,0.0416552,0.103306,-0.0400879,0.999048,-0.0172019,-0.103924,0.0129536,0.994501
23.1228,0.993842,0.0418823,0.102584,-0.0402643,0.999031,-0.0177935,-0.10323,0.0135534,0.994565
23.1868,0.993914,0.0418645,0.101894,-0.0402672,0.999032,-0.0176834,-0.102536,0.0134728,0.994638
23.2508,0.994003,0.041906,0.101005,-0.0402708,0.999023,-0.018175,-0.101668,0.0139984,0.99472
23.3148,0.994067,0.0420689,0.100309,-0.0404472,0.999017,-0.0181477,-0.100974,0.0139828,0.994791
23.3786,0.994165,0.0422658,0.099249,-0.040625,0.999003,-0.0184963,-0.0999318,0.0143563,0.994891
23.4428,0.994234,0.0422054,0.0985772,-0.0406278,0.999013,-0.0179571,-0.0992377,0.0138486,0.994967
23.5069,0.994303,0.0422605,0.0978557,-0.0406306,0.999001,-0.01859,-0.0985436,0.0145081,0.995027
23.5707,0.994381,0.0423506,0.0970161,-0.0408077,0.999008,-0.0178342,-0.0976752,0.013775,0.995123
23.6347,0.994442,0.0425357,0.0963098,-0.040984,0.998997,-0.018033,-0.0969802,0.0139856,0.995188
23.6988,0.994543,0.042537,0.0952622,-0.0409882,0.998995,-0.018158,-0.0959388,0.0141543,0.995287
23.7626,0.994619,0.0427027,0.0943895,-0.0411652,0.998987,-0.0181778,-0.0950702,0.0141944,0.995369
23.8266,0.994678,0.0428885,0.0936822,-0.0413415,0.998976,-0.0183922,-0.0943751,0.0144214,0.995432
23.8905,0.99476,0.042871,0.0928172,-0.0413449,0.998977,-0.0183038,-0.093507,0.0143703,0.995515
23.9548,0.994825,0.0428655,0.0921213,-0.0413476,0.998977,-0.0183232,-0.0928125,0.0144194,0.995579
24.0188,0.994914,0.0430329,0.0910728,-0.0415253,0.998968,-0.018385,-0.09177,0.0145097,0.995675
24.0825,0.994994,0.0429894,0.0902201,-0.0415286,0.998975,-0.0180076,-0.0909017,0.0141707,0.995759
24.1467,0.995072,0.0429643,0.0893587,-0.0415319,0.998978,-0.017829,-0.0900334,0.0140299,0.99584
24.2108,0.995128,0.0431486,0.0886513,-0.0417082,0.998967,-0.0180377,-0.089338,0.0142523,0.995899
24.2745,0.995205,0.0430728,0.0878148,-0.0417115,0.99898,-0.01728,-0.0884695,0.0135342,0.995987
24.3385,0.995297,0.0430977,0.0867542,-0.0417153,0.998973,-0.0176863,-0.0874273,0.0139842,0.996073
24.4026,0.995358,0.0430732,0.0860674,-0.0417179,0.998976,-0.0174854,-0.0867324,0.0138136,0.996136
24.4665,0.995426,0.0431854,0.0852213,-0.0418947,0.998979,-0.0168763,-0.0858631,0.0132288,0.996219
24.5305,0.995485,0.0431922,0.0845188,-0.0418972,0.998977,-0.0170364,-0.0851682,0.0134184,0.996276
24.5944,0.995544,0.0431251,0.0838542,-0.0418997,0.998989,-0.0163197,-0.0844732,0.0127335,0.996344
24.6586,0.995632,0.0431775,0.0827784,-0.0419034,0.998976,-0.0170686,-0.0834306,0.0135253,0.996422
24.7225,0.995704,0.0431261,0.0819312,-0.0419065,0.998984,-0.0165488,-0.0825617,0.0130443,0.996501
24.7864,0.995762,0.0430331,0.0812812,-0.0419089,0.999001,-0.0154872,-0.0818665,0.0120152,0.996571
24.8505,0.995833,0.0430853,0.0803795,-0.0419119,0.998989,-0.0162301,-0.0809975,0.0127936,0.996632
24.9146,0.995889,0.0430091,0.0797212,-0.0419142,0.999003,-0.0153572,-0.0803023,0.0119526,0.996699
24.9784,0.995972,0.0429475,0.0787061,-0.0419177,0.999013,-0.0146906,-0.0792593,0.0113323,0.99679
25.0424,0.996027,0.0429425,0.0780098,-0.0419201,0.999013,-0.0146985,-0.078564,0.0113699,0.996844
25.1066,0.996103,0.0427398,0.0771548,-0.0417491,0.999024,-0.0144089,-0.0776953,0.0111316,0.996915
25.1703,0.996157,0.0427468,0.0764517,-0.0417513,0.999022,-0.0145725,-0.0769999,0.0113245,0.996967
25.2344,0.99621,0.0426873,0.075786,-0.0417536,0.999032,-0.0138634,-0.0763044,0.0106465,0.997028
25.2983,0.996289,0.0426984,0.074731,-0.0417569,0.999028,-0.0141167,-0.0752611,0.0109438,0.997104
25.3624,0.996349,0.0424905,0.0740539,-0.0415852,0.999041,-0.0137251,-0.0745661,0.0105954,0.99716
25.4264,0.996413,0.0424276,0.0732163,-0.0415879,0.999051,-0.0129568,-0.0736966,0.00986537,0.997232
25.4904,0.996472,0.0422696,0.0725106,-0.0414161,0.999054,-0.0132352,-0.0730014,0.0101854,0.99728
25.5546,0.996529,0.0420722,0.0718277,-0.0412443,0.999065,-0.0129723,-0.0723063,0.00996484,0.997333
25.6185,0.996612,0.041911,0.0707738,-0.0410734,0.999068,-0.0132491,-0.0712632,0.0102973,0.997404
25.6822,0.996661,0.0418736,0.0700967,-0.0410755,0.999074,-0.0127898,-0.0705674,0.00986785,0.997458
25.7463,0.996717,0.0417103,0.0693935,-0.0409035,0.999078,-0.0130076,-0.0698721,0.0101265,0.997505
25.8105,0.996773,0.041514,0.06871,-0.0407315,0.999089,-0.0127503,-0.0691767,0.00991048,0.997555
25.8741,0.996832,0.0414715,0.0678615,-0.040734,0.999095,-0.0122169,-0.0683068,0.00941393,0.99762
25.9382,0.996899,0.041312,0.0669808,-0.0405624,0.999099,-0.0125138,-0.0674373,0.00975808,0.997676
26.0025,0.996952,0.0411073,0.0663026,-0.0403903,0.99911,-0.0121194,-0.0667418,0.0094045,0.997726
26.0662,0.996999,0.041089,0.0656145,-0.0403922,0.999113,-0.0119123,-0.0660458,0.00922628,0.997774
26.1302,0.997052,0.0409034,0.0649247,-0.04022,0.999121,-0.0117979,-0.0653502,0.00915184,0.99782
26.1942,0.997104,0.0406981,0.0642473,-0.0400478,0.999133,-0.0113768,-0.0646546,0.00877094,0.997869
26.2583,0.997167,0.0405541,0.0633559,-0.039876,0.999133,-0.011931,-0.0637848,0.00937082,0.99792
26.3224,0.997211,0.0405315,0.0626707,-0.0398778,0.999137,-0.0116468,-0.0630887,0.00911514,0.997966
26.3862,0.997262,0.0403482,0.0619792,-0.0397055,0.999144,-0.0115668,-0.0623929,0.00907423,0.99801
26.4502,0.997312,0.0401705,0.061284,-0.0395332,0.999151,-0.0115771,-0.0616971,0.0091232,0.998053
26.5143,0.997354,0.0401487,0.0605985,-0.0395348,0.999154,-0.0112957,-0.0610008,0.00887008,0.998098
26.5781,0.997414,0.0399391,0.0597496,-0.0393629,0.999167,-0.0107911,-0.0601308,0.00841126,0.998155
26.6422,0.997463,0.0397723,0.0590471,-0.0391904,0.999171,-0.0109809,-0.0594349,0.00863895,0.998195
26.7062,0.997511,0.0396026,0.0583464,-0.0390179,0.999177,-0.0111259,-0.0587389,0.00882162,0.998234
26.7701,0.997551,0.0395908,0.0576544,-0.0390195,0.999178,-0.0110013,-0.0580425,0.0087247,0.998276
26.8341,0.997598,0.039406,0.0569638,-0.038847,0.999186,-0.0108879,-0.0573465,0.00864887,0.998317
26.898,0.997655,0.0392432,0.0560828,-0.0386748,0.999189,-0.0111856,-0.0564763,0.00899033,0.998363
26.962,0.9977,0.0390621,0.0553895,-0.0385022,0.999196,-0.0111405,-0.0557801,0.00898224,0.998403
27.026,0.997739,0.0390669,0.0546855,-0.0385037,0.999194,-0.0113167,-0.0550836,0.00918556,0.998439
27.0902,0.997784,0.0388822,0.0539947,-0.038331,0.999202,-0.0112065,-0.0543874,0.00911202,0.998478
27.1542,0.997822,0.038882,0.0532941,-0.0383324,0.999201,-0.0112965,-0.0536908,0.00922903,0.998515
27.2181,0.997875,0.0386895,0.0524338,-0.0381601,0.99921,-0.0110615,-0.0528203,0.00903712,0.998563
27.282,0.997911,0.0386992,0.0517257,-0.0381615,0.999207,-0.0113439,-0.0521237,0.00934623,0.998597
27.346,0.997954,0.0385249,0.0510269,-0.0379887,0.999213,-0.0114377,-0.0514273,0.00947584,0.998632
27.4102,0.99799,0.0384937,0.0503495,-0.03799,0.999218,-0.0109236,-0.0507306,0.00898882,0.998672
27.4739,0.998031,0.0383155,0.0496536,-0.0378172,0.999225,-0.0109367,-0.0500342,0.00903745,0.998707
27.538,0.998075,0.0383139,0.0487784,-0.0378188,0.999224,-0.0110331,-0.0491632,0.00916707,0.998749
27.602,0.998115,0.0381433,0.0480762,-0.0376459,0.999228,-0.0112109,-0.0484667,0.00937992,0.998781
27.666,0.998149,0.0381507,0.0473687,-0.0376472,0.999225,-0.0114787,-0.0477699,0.00967412,0.998812
27.7299,0.998188,0.0379586,0.0466836,-0.0374742,0.999235,-0.0112089,-0.0470734,0.00943915,0.998847
27.7938,0.998221,0.037973,0.04597,-0.0374754,0.99923,-0.0116378,-0.0463765,0.00989437,0.998875
27.858,0.998267,0.0377867,0.0451045,-0.0373027,0.999238,-0.0115255,-0.0455056,0.00982302,0.998916
27.9221,0.998291,0.0377892,0.0445758,-0.0373036,0.999236,-0.0116761,-0.0449829,0.00999336,0.998938
27.9858,0.998329,0.0376217,0.0438698,-0.0371305,0.999239,-0.0119587,-0.0442863,0.0103098,0.998966
28.05,0.998352,0.0376302,0.0433353,-0.0371313,0.999235,-0.0122602,-0.0437636,0.0106309,0.998985
28.114,0.998388,0.0374385,0.04265,-0.0369582,0.999245,-0.0119953,-0.0430668,0.0103997,0.999018
28.1777,0.998426,0.0374454,0.0417651,-0.0369596,0.999241,-0.0123441,-0.0421956,0.010781,0.999051
28.2418,0.998454,0.0372587,0.0412511,-0.0367861,0.999249,-0.012156,-0.041673,0.0106197,0.999075
28.306,0.998483,0.0372724,0.0405351,-0.0367872,0.999243,-0.0126518,-0.040976,0.0111415,0.999098
28.3698,0.998511,0.0372588,0.039844,-0.0367882,0.999245,-0.0124794,-0.0402789,0.010995,0.999128
28.4338,0.998538,0.0371024,0.0393017,-0.0366147,0.999244,-0.0130552,-0.0397563,0.0115971,0.999142
28.4978,0.998566,0.0370945,0.0386048,-0.0366157,0.999244,-0.0130369,-0.0390592,0.0116047,0.99917
28.5619,0.998599,0.0369258,0.0378973,-0.0364424,0.999246,-0.013367,-0.0383623,0.0119672,0.999192
28.6258,0.998632,0.0367518,0.0371945,-0.0362691,0.99925,-0.0135711,-0.0376654,0.0122035,0.999216
28.6897,0.998652,0.0367224,0.0366951,-0.0362698,0.999258,-0.0129245,-0.0371425,0.0115761,0.999243
28.7538,0.998684,0.0365506,0.03599,-0.0360965,0.999261,-0.0131899,-0.0364455,0.0118735,0.999265
28.8179,0.998709,0.0365591,0.035276,-0.0360974,0.999255,-0.0136379,-0.0357483,0.0123469,0.999285
28.8817,0.99874,0.0363734,0.0345847,-0.0359239,0.999263,-0.013529,-0.0350513,0.0122695,0.99931
28.9457,0.998764,0.0362119,0.0340441,-0.0357503,0.999262,-0.0140723,-0.0345286,0.0128378,0.999321
29.0099,0.998788,0.0362018,0.0333486,-0.0357511,0.999262,-0.0140114,-0.0338313,0.0128022,0.999346
29.0737,0.998812,0.0359983,0.0328533,-0.0355774,0.999278,-0.0133053,-0.0333085,0.0121206,0.999372
29.1376,0.998847,0.0358333,0.0319624,-0.0354041,0.999277,-0.0138931,-0.0324371,0.0127455,0.999393
29.2016,0.99887,0.0356563,0.0314377,-0.0352304,0.999281,-0.0139981,-0.0319143,0.0128748,0.999408
29.2656,0.998886,0.0356689,0.0308928,-0.035231,0.999272,-0.014605,-0.0313913,0.0135004,0.999416
29.3296,0.998914,0.0354767,0.0302084,-0.0350574,0.999283,-0.0142995,-0.0306941,0.013225,0.999441
29.3935,0.998936,0.0353068,0.0296749,-0.0348836,0.999284,-0.0146587,-0.0301712,0.0136079,0.999452
29.4577,0.998958,0.0351492,0.0291261,-0.0347098,0.999278,-0.0154573,-0.0296484,0.0144302,0.999456
29.5218,0.998989,0.0349557,0.0282659,-0.0345363,0.999288,-0.0151917,-0.0287768,0.0142002,0.999485
29.5855,0.999004,0.0349588,0.0277299,-0.0345368,0.999282,-0.0155513,-0.0282537,0.0145781,0.999494
29.6496,0.999029,0.03478,0.0270284,-0.0343632,0.999286,-0.0157359,-0.0275564,0.0147918,0.999511
29.7137,0.99905,0.0345828,0.0265283,-0.0341893,0.999301,-0.0151457,-0.0270335,0.0142244,0.999533
29.7775,0.999074,0.0344126,0.0258152,-0.0340155,0.999299,-0.0156666,-0.0263362,0.014774,0.999544
29.8414,0.999092,0.0343983,0.0251237,-0.0340162,0.999301,-0.0154817,-0.0256387,0.014613,0.999564
29.9056,0.999112,0.034236,0.0245762,-0.0338422,0.999295,-0.0162651,-0.0251157,0.015419,0.999566
29.9694,0.999129,0.0342167,0.0238915,-0.0338428,0.999301,-0.0158812,-0.0244182,0.0150588,0.999588
30.0334,0.999147,0.034039,0.0233649,-0.0336689,0.999304,-0.0160554,-0.0238952,0.0152551,0.999598
30.0974,0.999164,0.0340472,0.0226396,-0.0336694,0.999291,-0.0168615,-0.0231976,0.0160851,0.999601
30.1617,0.99918,0.0340352,0.0219437,-0.03367,0.999292,-0.0168027,-0.0225001,0.01605,0.999618
30.2255,0.999197,0.0338552,0.0214195,-0.033496,0.999296,-0.0169151,-0.021977,0.0161841,0.999627
30.2894,0.999212,0.0338495,0.0207133,-0.0334965,0.999292,-0.0171596,-0.0212795,0.0164523,0.999638
30.3537,0.999229,0.0336523,0.0202173,-0.0333224,0.99931,-0.0164357,-0.0207564,0.0157494,0.999661
30.4175,0.999243,0.033656,0.0194948,-0.0333229,0.999297,-0.0171637,-0.0200588,0.0165011,0.999663
30.4813,0.999254,0.0336342,0.0189953,-0.0333233,0.999309,-0.0164545,-0.0195356,0.0158092,0.999684
30.5454,0.999273,0.0334517,0.0182957,-0.0331493,0.999313,-0.0165892,-0.0188381,0.0159706,0.999695
30.6095,0.999286,0.0334544,0.0175722,-0.0331497,0.9993,-0.0173542,-0.0181405,0.0167593,0.999695
30.6733,0.999295,0.0334213,0.0170971,-0.03315,0.999324,-0.0159095,-0.0176172,0.0153315,0.999727
30.7373,0.999313,0.0332479,0.0163791,-0.032976,0.999318,-0.016596,-0.0169197,0.0160445,0.999728
30.8012,0.999322,0.0332393,0.0158564,-0.0329763,0.999319,-0.0165713,-0.0163964,0.0160372,0.999737
30.8652,0.999333,0.0332271,0.0151615,-0.0329767,0.99932,-0.0164797,-0.0156988,0.0159687,0.999749
30.9293,0.999341,0.0332231,0.0146288,-0.0329769,0.999316,-0.0167581,-0.0151755,0.0162646,0.999753
30.9933,0.999354,0.0330392,0.0141111,-0.0328028,0.999323,-0.0166699,-0.0146524,0.0161963,0.999761
31.0574,0.999364,0.033034,0.0133989,-0.0328031,0.999316,-0.0171002,-0.0139547,0.0166498,0.999764
31.1215,0.999372,0.0330211,0.0128868,-0.0328033,0.999321,-0.0167565,-0.0134314,0.0163232,0.999777
31.1852,0.999384,0.0328367,0.0123707,-0.0326291,0.999329,-0.0166206,-0.0129082,0.0162067,0.999785
31.2493,0.999393,0.0328203,0.0116878,-0.0326294,0.999337,-0.0161636,-0.0122105,0.0157724,0.999801
31.3134,0.999399,0.0328093,0.0111728,-0.0326296,0.999341,-0.0159028,-0.0116872,0.0155287,0.999811
31.3772,0.999413,0.0326215,0.0104866,-0.0324555,0.999351,-0.0156272,-0.0109896,0.0152777,0.999823
31.4411,0.999418,0.03261,0.00997502,-0.0324556,0.999357,-0.0152612,-0.0104663,0.0149286,0.999834
31.5052,0.999429,0.0324245,0.00946604,-0.0322814,0.999368,-0.0148952,-0.00994303,0.0145812,0.999844
31.5691,0.999434,0.0324175,0.00894059,-0.0322815,0.999367,-0.0149549,-0.00941973,0.0146578,0.999848
31.6332,0.999445,0.0322319,0.0084336,-0.0321073,0.999379,-0.0145233,-0.00889647,0.0142444,0.999859
31.6977,0.999452,0.0322158,0.00757793,-0.0321075,0.999386,-0.0139995,-0.00802429,0.0137485,0.999873
31.7613,0.999456,0.0322115,0.00704154,-0.0321076,0.999381,-0.0143984,-0.00750098,0.0141645,0.999872
31.8253,0.999466,0.0320276,0.00653142,-0.0319333,0.999391,-0.0140584,-0.0069777,0.0138423,0.99988
31.8891,0.999469,0.0320188,0.0060166,-0.0319334,0.999395,-0.0137863,-0.00645438,0.0135868,0.999887
31.9532,0.999472,0.0320133,0.00548437,-0.0319335,0.999391,-0.0140574,-0.00593106,0.0138748,0.999886
32.0173,0.999483,0.0318241,0.00463358,-0.0317592,0.999405,-0.0134507,-0.00505888,0.0132965,0.999899
32.0811,0.999485,0.0318172,0.0041099,-0.0317593,0.999405,-0.0134548,-0.00453555,0.0133174,0.999901
32.1451,0.999487,0.0318073,0.00361273,-0.0317594,0.999416,-0.0126261,-0.00401222,0.0125049,0.999914
32.2092,0.999495,0.0316269,0.00308624,-0.031585,0.999419,-0.0127885,-0.00348891,0.0126846,0.999913
32.273,0.999497,0.0316162,0.00241271,-0.0315851,0.999429,-0.0120126,-0.00279113,0.0119304,0.999925
32.337,0.999499,0.0316076,0.00172143,-0.0315851,0.999431,-0.0117977,-0.00209335,0.0117374,0.999929
32.4011,0.9995,0.0315996,0.00101744,-0.0315852,0.999429,-0.0119844,-0.00139557,0.0119463,0.999928
32.4652,0.999506,0.0314188,0.000502617,-0.0314107,0.999437,-0.0117732,-0.000872234,0.0117516,0.999931
32.5291,0.999506,0.0314127,-2.13545e-05,-0.0314108,0.999437,-0.0117862,-0.000348894,0.011781,0.999931
32.5929,0.999507,0.0314066,-0.000540872,-0.0314108,0.999439,-0.0116575,0.000174447,0.0116687,0.999932
32.6572,0.999512,0.0312243,-0.00122966,-0.0312363,0.999447,-0.011425,0.000872239,0.0114578,0.999934
32.7211,0.999511,0.0312161,-0.00192964,-0.0312363,0.999446,-0.0114857,0.00157003,0.0115404,0.999932
32.7849,0.99951,0.031211,-0.00244119,-0.0312362,0.99945,-0.0111011,0.00209337,0.0111719,0.999935
32.8492,0.999514,0.0310296,-0.00312793,-0.0310617,0.999459,-0.010798,0.00279118,0.0108899,0.999937
32.9132,0.999512,0.0310227,-0.00366127,-0.0310617,0.999456,-0.011113,0.00331452,0.0112213,0.999932
32.9769,0.999514,0.0308421,-0.00450649,-0.0308871,0.99947,-0.0102887,0.00418678,0.0104229,0.999937
33.041,0.999512,0.0308337,-0.00504765,-0.0308871,0.999464,-0.010859,0.00471012,0.0110096,0.999928
33.1048,0.999514,0.0306546,-0.00572726,-0.0307125,0.999475,-0.0103186,0.00540794,0.0104895,0.99993
33.1692,0.999511,0.0306476,-0.0062577,-0.0307124,0.999473,-0.010543,0.00593129,0.01073,0.999925
33.2331,0.999512,0.0304701,-0.00693401,-0.0305378,0.999485,-0.00988932,0.00662911,0.0100962,0.999927
33.2968,0.999507,0.030465,-0.00762361,-0.0305377,0.999487,-0.00961105,0.0073269,0.00983912,0.999925
33.361,0.999507,0.0302818,-0.00832602,-0.0303631,0.999491,-0.00980971,0.00802473,0.0100577,0.999917
33.425,0.999502,0.0302715,-0.00886646,-0.030363,0.999485,-0.010367,0.00854807,0.0106311,0.999907
33.4889,0.999503,0.0301024,-0.00935268,-0.0301884,0.999502,-0.00918776,0.00907145,0.00946553,0.999914
33.5531,0.999502,0.0299166,-0.0100629,-0.0300137,0.999503,-0.00964762,0.00976929,0.00994484,0.999903
33.6171,0.999495,0.0299128,-0.0107516,-0.0300135,0.999506,-0.00933383,0.0104671,0.00965181,0.999899
33.6808,0.999494,0.029734,-0.0112711,-0.0298389,0.999512,-0.00925178,0.0109905,0.00958342,0.999894
33.7448,0.999488,0.0297268,-0.0117997,-0.0298387,0.99951,-0.00942472,0.0115138,0.00977198,0.999886
33.8088,0.999485,0.029542,-0.012504,-0.029664,0.999513,-0.00968978,0.0122116,0.0100557,0.999875
33.8729,0.999479,0.0295338,-0.0130338,-0.0296638,0.999511,-0.0099024,0.012735,0.0102839,0.999866
33.937,0.999475,0.0293571,-0.0137189,-0.0294891,0.99952,-0.00952271,0.0134328,0.00992227,0.999861
34.0008,0.999465,0.0293555,-0.0144056,-0.0294888,0.999523,-0.00913538,0.0141305,0.0095553,0.999855
34.0652,0.999463,0.0291736,-0.0149319,-0.0293142,0.999527,-0.00928543,0.0146539,0.00971816,0.999845
34.1289,0.999452,0.0291737,-0.0156165,-0.0293139,0.999531,-0.00882522,0.0153517,0.00927817,0.999839
34.1927,0.999444,0.0291693,-0.0161387,-0.0293136,0.999532,-0.00878049,0.015875,0.00924869,0.999831
34.2567,0.999435,0.0289937,-0.0169972,-0.0291388,0.99954,-0.00835115,0.0167473,0.00884171,0.999821
34.3207,0.999426,0.0289904,-0.017518,-0.0291385,0.999541,-0.00825931,0.0172706,0.00876502,0.999812
34.3848,0.999419,0.0288042,-0.0182231,-0.0289637,0.999544,-0.00855315,0.0179684,0.00907599,0.999797
34.4489,0.999409,0.0288086,-0.018732,-0.0289635,0.999548,-0.00804825,0.0184917,0.00858604,0.999792
34.5126,0.999396,0.0288129,-0.0194142,-0.0289631,0.999552,-0.00749997,0.0191894,0.00805774,0.999783
34.5769,0.999388,0.0286264,-0.0201195,-0.0287883,0.999555,-0.00780086,0.0198872,0.00837528,0.999767
34.6409,0.999374,0.0286231,-0.0208133,-0.0287879,0.999556,-0.00765806,0.0205849,0.00825244,0.999754
34.7047,0.999368,0.0284524,-0.0213245,-0.0286131,0.999564,-0.00727175,0.0211083,0.00787731,0.999746
34.7686,0.999356,0.0284508,-0.0218442,-0.0286128,0.999565,-0.00714,0.0216315,0.00776042,0.999736
34.8327,0.999341,0.0284479,-0.0225384,-0.0286124,0.999566,-0.00700786,0.0223292,0.00764811,0.999721
34.8967,0.99933,0.0282719,-0.0232299,-0.0284375,0.999572,-0.00682724,0.023027,0.00748327,0.999707
34.9607,0.999314,0.0282573,-0.0239384,-0.028437,0.99957,-0.00720014,0.0237247,0.00787593,0.999688
35.0245,0.999306,0.028106,-0.024429,-0.0282623,0.999582,-0.00607611,0.024248,0.00676232,0.999683
35.0888,0.999298,0.0279123,-0.0249686,-0.0280875,0.999583,-0.00669358,0.0247714,0.00739019,0.999666
35.1527,0.999285,0.0279212,-0.0254776,-0.0280871,0.999586,-0.00617888,0.0252946,0.00689005,0.999656
35.2166,0.999272,0.0279232,-0.0259946,-0.0280867,0.999588,-0.0059479,0.0258178,0.00667368,0.999644
35.2805,0.999254,0.0277454,-0.0268628,-0.0279117,0.999593,-0.0058365,0.02669,0.00658193,0.999622
35.3446,0.999245,0.0275531,-0.0273993,-0.0277369,0.999595,-0.00634979,0.0272133,0.00710496,0.999604
35.4085,0.99923,0.0275559,-0.0279159,-0.0277365,0.999597,-0.00610342,0.0277365,0.00687302,0.999592
35.4724,0.999221,0.0273788,-0.0284371,-0.0275617,0.999602,-0.00606126,0.0282598,0.00684031,0.999577
35.5365,0.999206,0.027384,-0.0289518,-0.0275613,0.999604,-0.00574373,0.028783,0.00653712,0.999564
35.6006,0.99919,0.0271956,-0.0296568,-0.0273863,0.999607,-0.00604527,0.0294807,0.00685257,0.999542
35.6646,0.999179,0.0270361,-0.0301622,-0.0272115,0.999615,-0.00542124,0.030004,0.00623755,0.99953
35.7284,0.999163,0.0270317,-0.0306862,-0.0272111,0.999615,-0.00544291,0.0305272,0.00627336,0.999514
35.7926,0.999152,0.0268588,-0.0312041,-0.0270363,0.999621,-0.00527796,0.0310505,0.00611713,0.999499
35.8566,0.99914,0.0266821,-0.0317255,-0.0268614,0.999625,-0.00524104,0.0315738,0.00608873,0.999483
35.9204,0.999118,0.0266638,-0.0324343,-0.0268608,0.999623,-0.00565316,0.0322713,0.00651939,0.999458
35.9844,0.999106,0.0264968,-0.0329477,-0.026686,0.99963,-0.00531573,0.0327946,0.00619022,0.999443
36.0484,0.999093,0.0263235,-0.0334664,-0.0265112,0.999635,-0.00517725,0.0333179,0.00605979,0.999426
36.1126,0.999064,0.0263143,-0.0343409,-0.0265104,0.999635,-0.005267,0.0341898,0.00617246,0.999396
36.1766,0.99905,0.0261336,-0.0348653,-0.0263355,0.999639,-0.00534529,0.034713,0.00625841,0.999378
36.2404,0.999026,0.0261512,-0.0355464,-0.0263349,0.999642,-0.00470989,0.0354105,0.00564142,0.999357
36.3044,0.999012,0.0259609,-0.0360779,-0.02616,0.999645,-0.00505984,0.0359337,0.00599864,0.999336
36.3685,0.998997,0.0258012,-0.0365874,-0.0259852,0.999652,-0.00456272,0.036457,0.00550888,0.99932
36.4323,0.998978,0.0257791,-0.0371236,-0.0259847,0.99965,-0.00506557,0.03698,0.00602504,0.999298
36.4963,0.998963,0.0256208,-0.0376327,-0.0258098,0.999657,-0.00454638,0.0375033,0.00551296,0.999281
36.5603,0.998937,0.0256049,-0.0383379,-0.0258091,0.999655,-0.00484229,0.0382007,0.0058266,0.999253
36.6244,0.998921,0.025418,-0.0388662,-0.0256343,0.999659,-0.00507578,0.0387239,0.00606661,0.999232
36.6884,0.998901,0.0254009,-0.039398,-0.0256338,0.999657,-0.00541713,0.0392469,0.00642109,0.999209
36.7522,0.998884,0.0252441,-0.0399068,-0.0254589,0.999664,-0.00488392,0.0397701,0.00589445,0.999191
36.8165,0.998864,0.0252128,-0.0404472,-0.0254584,0.99966,-0.00556693,0.0402931,0.00659032,0.999166
36.8803,0.998847,0.0250905,-0.0409352,-0.0252835,0.999671,-0.00420445,0.0408163,0.00523458,0.999153
36.9442,0.998825,0.025064,-0.0414724,-0.0252829,0.999669,-0.00476396,0.0413393,0.0058069,0.999128
37.0084,0.998808,0.0249011,-0.0419859,-0.0251081,0.999675,-0.00440852,0.0418625,0.00545745,0.999108
37.0723,0.998786,0.0248491,-0.0425374,-0.0251075,0.999669,-0.00555122,0.0423854,0.00661249,0.999079
37.1361,0.998763,0.0248505,-0.0430574,-0.025107,0.99967,-0.00542473,0.0429084,0.00649906,0.999058
37.2001,0.998745,0.0246527,-0.0435907,-0.0249321,0.999672,-0.00587691,0.0434315,0.00695634,0.999032
37.2642,0.998722,0.0246388,-0.0441192,-0.0249315,0.999671,-0.00609691,0.0439545,0.00718908,0.999008
37.3284,0.998699,0.0246292,-0.0446452,-0.0249309,0.99967,-0.00621394,0.0444774,0.0073189,0.998984
37.3922,0.99868,0.0244432,-0.0451712,-0.024756,0.999673,-0.00637829,0.0450005,0.00748813,0.998959
37.456,0.998664,0.0244553,-0.0455117,-0.0247556,0.999675,-0.00604708,0.0453491,0.00716568,0.998946
37.5203,0.998633,0.0244402,-0.0462141,-0.0247549,0.999674,-0.00624855,0.0460463,0.00738403,0.998912
37.5843,0.998608,0.0244151,-0.0467478,-0.0247543,0.999671,-0.00668919,0.0465692,0.00783709,0.998884
37.6481,0.998584,0.0244196,-0.0472661,-0.0247536,0.999672,-0.00649422,0.047092,0.00765503,0.998861
37.7121,0.998559,0.0244107,-0.0477913,-0.024753,0.999672,-0.00658502,0.0476149,0.00775851,0.998836
37.7761,0.998534,0.024382,-0.0483264,-0.0247524,0.999669,-0.00708192,0.0481377,0.00826773,0.998806
37.8403,0.998513,0.024238,-0.0488308,-0.0245775,0.999678,-0.00636518,0.0486607,0.00755585,0.998787
37.9042,0.998487,0.0242049,-0.0493677,-0.0245769,0.999674,-0.00694147,0.0491836,0.00814427,0.998757
37.968,0.998461,0.0241947,-0.0498932,-0.0245762,0.999673,-0.0070479,0.0497064,0.00826324,0.99873
38.0323,0.998444,0.0241787,-0.0502479,-0.0245758,0.999671,-0.00730036,0.0500549,0.00852389,0.99871
38.0961,0.998418,0.0241476,-0.0507832,-0.0245752,0.999667,-0.00781238,0.0505777,0.00904803,0.998679
38.16,0.998391,0.0241598,-0.0512978,-0.0245745,0.99967,-0.00746964,0.0511004,0.00871825,0.998655
38.224,0.998364,0.0241259,-0.051834,-0.0245738,0.999666,-0.00802186,0.0516232,0.0092825,0.998623
38.288,0.998346,0.0241109,-0.0521878,-0.0245734,0.999664,-0.00823862,0.0519717,0.00950743,0.998603
38.3521,0.998319,0.024099,-0.0527135,-0.0245727,0.999663,-0.00835671,0.0524944,0.00963798,0.998575
38.4161,0.998305,0.0238994,-0.0530705,-0.024398,0.999664,-0.00876876,0.0528431,0.0100487,0.998552
38.4799,0.998277,0.0238957,-0.0535923,-0.0243974,0.999664,-0.00872613,0.0533658,0.0100186,0.998525
38.544,0.998258,0.0238703,-0.0539503,-0.0243969,0.999661,-0.00912308,0.0537143,0.0104234,0.998502
38.6081,0.998239,0.0238697,-0.0542973,-0.0243964,0.999661,-0.00905862,0.0540627,0.0103673,0.998484
38.6719,0.998211,0.0238909,-0.0548082,-0.0243958,0.999666,-0.00856018,0.0545854,0.00988195,0.99846
38.7361,0.998196,0.0236864,-0.0551667,-0.0242211,0.999666,-0.00904313,0.0549341,0.010363,0.998436
38.8,0.998177,0.0236727,-0.0555193,-0.0242206,0.999664,-0.00921603,0.0552825,0.0105439,0.998415
38.864,0.998148,0.0236776,-0.0560374,-0.0242199,0.999666,-0.00901723,0.0558051,0.0103577,0.998388
38.9279,0.998128,0.0236541,-0.056394,-0.0242194,0.999663,-0.00936231,0.0561535,0.0107106,0.998365
38.9918,0.998109,0.0236762,-0.0567315,-0.0242189,0.999667,-0.00889829,0.056502,0.0102554,0.99835
39.056,0.998089,0.0236437,-0.0570918,-0.0242185,0.999663,-0.00939606,0.0568504,0.0107608,0.998325
39.1201,0.998069,0.0236599,-0.0574318,-0.024218,0.999666,-0.00904053,0.0571988,0.010414,0.998308
39.1838,0.998053,0.0235022,-0.0577705,-0.0240433,0.999673,-0.00868961,0.0575474,0.0100617,0.998292
39.248,0.998033,0.0234689,-0.0581308,-0.0240428,0.999669,-0.00919242,0.0578958,0.010572,0.998267
39.312,0.998013,0.0234793,-0.0584734,-0.0240423,0.999671,-0.0089432,0.0582441,0.0103313,0.998249
39.3759,0.997992,0.0234562,-0.0588294,-0.0240418,0.999668,-0.00926605,0.0585925,0.0106618,0.998225
39.4398,0.997972,0.0234623,-0.0591738,-0.0240413,0.99967,-0.0090928,0.0589409,0.010497,0.998206
39.504,0.997941,0.0234459,-0.0597004,-0.0240406,0.999668,-0.00926222,0.0594634,0.0106784,0.998173
39.5678,0.99792,0.0234527,-0.0600445,-0.0240401,0.99967,-0.00907842,0.0598118,0.010503,0.998154
39.6317,0.997899,0.0234843,-0.060379,-0.0240396,0.999675,-0.00848738,0.0601601,0.00992104,0.998139
39.6956,0.997878,0.0234899,-0.0607237,-0.0240391,0.999676,-0.00832881,0.0605084,0.00977088,0.99812
39.76,0.997857,0.0234577,-0.061083,-0.0240386,0.999672,-0.00879286,0.0608567,0.0102424,0.998094
39.8238,0.997836,0.0234516,-0.0614322,-0.0240381,0.999672,-0.00882529,0.0612051,0.0102829,0.998072
39.8876,0.99781,0.0236597,-0.0617674,-0.0242117,0.999673,-0.00820299,0.0615531,0.00968052,0.998057
39.9518,0.997799,0.0236408,-0.061948,-0.0242114,0.999671,-0.00847667,0.0617273,0.00995787,0.998043
40.0158,0.997778,0.023663,-0.0622865,-0.0242109,0.999674,-0.00805626,0.0620755,0.00954637,0.998026
40.0797,0.997756,0.023667,-0.0626319,-0.0242104,0.999675,-0.00793041,0.0624238,0.00942896,0.998005
40.1437,0.997741,0.0238227,-0.0628136,-0.0243843,0.999669,-0.00818941,0.0625977,0.00970258,0.997992
40.2077,0.997719,0.0238157,-0.0631631,-0.0243837,0.999669,-0.00823695,0.062946,0.00975831,0.997969
40.2716,0.997708,0.023827,-0.0633323,-0.0243835,0.99967,-0.00802833,0.0631201,0.00955419,0.99796
40.3356,0.997693,0.023954,-0.0635248,-0.0245573,0.99966,-0.00873316,0.063294,0.010273,0.997942
40.3994,0.997671,0.0239517,-0.0638724,-0.0245568,0.999661,-0.00870556,0.0636422,0.0102538,0.99792
40.4635,0.997655,0.0241242,-0.0640478,-0.0247306,0.999656,-0.00869305,0.0638161,0.0102566,0.997909
40.5275,0.997644,0.0241259,-0.0642206,-0.0247304,0.999657,-0.00863437,0.0639902,0.0102022,0.997898
40.5915,0.997622,0.0241179,-0.0645703,-0.0247298,0.999656,-0.00869371,0.0643385,0.0102698,0.997875
40.6556,0.997606,0.0242754,-0.0647513,-0.0249036,0.99965,-0.00891269,0.0645123,0.0105039,0.997862
40.7195,0.997595,0.0242869,-0.0649204,-0.0249034,0.999652,-0.00870287,0.0646864,0.0102987,0.997852
40.7833,0.997584,0.0242981,-0.0650896,-0.0249031,0.999654,-0.00849951,0.0648605,0.0100999,0.997843
40.8474,0.997568,0.024448,-0.0652734,-0.0250769,0.999647,-0.00883238,0.0650343,0.0104478,0.997828
40.9116,0.997557,0.024456,-0.0654438,-0.0250766,0.999648,-0.0086789,0.0652085,0.0102988,0.997819
40.9754,0.997545,0.0244272,-0.0656278,-0.0250763,0.999644,-0.00908478,0.0653826,0.0107082,0.997803
41.0394,0.997541,0.0246218,-0.0656216,-0.0252504,0.999643,-0.00876792,0.0653823,0.0104033,0.997806
41.1036,0.997529,0.0245678,-0.0658151,-0.0252501,0.999635,-0.00955545,0.0655564,0.0111937,0.997786
41.1674,0.997529,0.0245871,-0.0658079,-0.0252501,0.999638,-0.00926222,0.0655564,0.010901,0.997789
41.2313,0.997518,0.0245717,-0.065987,-0.0252498,0.999636,-0.00946222,0.0657305,0.0111049,0.997776
41.2955,0.997518,0.0245668,-0.0659888,-0.0252498,0.999636,-0.00953731,0.0657305,0.0111798,0.997775
41.3595,0.997518,0.0245799,-0.0659839,-0.0252498,0.999638,-0.0093384,0.0657305,0.0109813,0.997777
41.4233,0.997529,0.0245639,-0.0658166,-0.0252501,0.999635,-0.00961553,0.0655564,0.0112536,0.997785
41.4873,0.997525,0.024741,-0.065817,-0.0254242,0.999631,-0.00956324,0.0655561,0.0112129,0.997786
41.5515,0.997525,0.0247143,-0.065827,-0.0254242,0.999627,-0.00996954,0.0655561,0.0116185,0.997781
41.6155,0.997536,0.0247058,-0.065657,-0.0254245,0.999625,-0.0101341,0.065382,0.0117785,0.997791
41.6792,0.997548,0.024738,-0.0654715,-0.0254248,0.99963,-0.0096772,0.0652079,0.0113181,0.997808
41.7434,0.997548,0.0247335,-0.0654732,-0.0254248,0.999629,-0.00974658,0.0652079,0.0113873,0.997807
41.8072,0.997559,0.0247037,-0.0653112,-0.0254251,0.999624,-0.0102377,0.0650338,0.0118732,0.997812
41.8712,0.997566,0.0248863,-0.0651364,-0.0255995,0.999621,-0.0101371,0.0648594,0.0117799,0.997825
41.9352,0.997577,0.0248408,-0.0649805,-0.0255998,0.999613,-0.0108735,0.0646853,0.0125106,0.997827
41.9993,0.9976,0.0248647,-0.0646249,-0.0256004,0.999616,-0.0105803,0.064337,0.0122093,0.997854
42.0633,0.997611,0.0248554,-0.0644553,-0.0256007,0.999614,-0.0107618,0.0641629,0.0123862,0.997863
42.1272,0.997629,0.0250178,-0.0641152,-0.0257754,0.999607,-0.0110155,0.0638144,0.012642,0.997882
42.1913,0.99764,0.0250085,-0.0639456,-0.0257756,0.999605,-0.0111999,0.0636403,0.0128218,0.997891
42.2551,0.997662,0.0249952,-0.0636045,-0.0257762,0.999602,-0.0114883,0.063292,0.0131009,0.997909
42.3191,0.997684,0.024987,-0.0632615,-0.0257768,0.999599,-0.0116997,0.0629438,0.0133032,0.997928
42.383,0.997702,0.025187,-0.0629067,-0.0259515,0.999599,-0.0113652,0.0625952,0.0129716,0.997955
42.4472,0.997712,0.0251581,-0.0627452,-0.0259518,0.999593,-0.0118658,0.0624211,0.013467,0.997959
42.5113,0.997734,0.0251485,-0.0624028,-0.0259523,0.99959,-0.0121035,0.0620728,0.0136956,0.997978
42.5752,0.997756,0.025165,-0.0620499,-0.0259529,0.999592,-0.0119245,0.0617246,0.0135081,0.998002
42.6392,0.997783,0.0253272,-0.0615375,-0.0261279,0.999584,-0.0122418,0.0612018,0.0138225,0.99803
42.7032,0.997805,0.0253468,-0.0611832,-0.0261284,0.999586,-0.0120093,0.0608535,0.0135816,0.998054
42.7673,0.997815,0.0253394,-0.0610132,-0.0261287,0.999584,-0.0121743,0.0606794,0.0137419,0.998063
42.8312,0.997836,0.0253381,-0.0606676,-0.0261293,0.999583,-0.0122831,0.0603311,0.0138418,0.998082
42.895,0.997853,0.0255137,-0.0603229,-0.026304,0.999578,-0.0123426,0.0599825,0.0139029,0.998103
42.9594,0.997874,0.0254893,-0.0599871,-0.0263045,0.999572,-0.0128393,0.0596342,0.01439,0.998117
43.0232,0.997894,0.025476,-0.0596468,-0.0263051,0.999567,-0.0131555,0.0592859,0.0146968,0.998133
43.087,0.99791,0.0256835,-0.0592886,-0.0264798,0.999569,-0.0126835,0.0589372,0.014227,0.99816
43.151,0.997921,0.0256859,-0.0591145,-0.0264801,0.999569,-0.01269,0.0587631,0.014229,0.998171
43.2151,0.997937,0.0258275,-0.0587849,-0.0266548,0.999556,-0.0133319,0.0584145,0.0148713,0.998182
43.279,0.997952,0.0260243,-0.0584311,-0.0268295,0.999555,-0.0130373,0.0580658,0.0145783,0.998206
43.343,0.997968,0.0261814,-0.0580951,-0.0270042,0.999545,-0.0134227,0.0577172,0.0149642,0.998221
43.407,0.997978,0.0262058,-0.0579111,-0.0270045,0.99955,-0.0130524,0.057543,0.0145899,0.998236
43.4711,0.997983,0.026308,-0.0577732,-0.0271789,0.999528,-0.0143419,0.0573686,0.0158832,0.998227
43.535,0.997998,0.0264857,-0.0574283,-0.0273537,0.999522,-0.0143814,0.0570199,0.0159235,0.998246
43.5989,0.997999,0.0268374,-0.0572586,-0.0277023,0.999513,-0.0143654,0.0568452,0.0159229,0.998256
43.6631,0.998004,0.0269808,-0.0571028,-0.0278768,0.9995,-0.0149526,0.0566708,0.0165146,0.998256
43.7269,0.998019,0.0272284,-0.0567246,-0.0280515,0.999512,-0.0137652,0.0563221,0.0153291,0.998295
43.7908,0.998023,0.0274002,-0.0565552,-0.028226,0.999506,-0.0138545,0.0561476,0.0154235,0.998303
43.8549,0.998028,0.0275321,-0.0564054,-0.0284004,0.999489,-0.014651,0.0559732,0.016224,0.9983
43.9189,0.998033,0.0276891,-0.0562435,-0.0285749,0.999479,-0.0150067,0.0557987,0.0165843,0.998304
43.9828,0.998033,0.0280341,-0.0560775,-0.0289236,0.999467,-0.0151136,0.055624,0.0167058,0.998312
44.0468,0.998037,0.0281875,-0.0559179,-0.029098,0.999456,-0.0155365,0.0554495,0.0171331,0.998314
44.1108,0.998042,0.0283458,-0.0557559,-0.0292725,0.999445,-0.0158751,0.055275,0.0174762,0.998318
44.1749,0.998046,0.0285174,-0.0555873,-0.029447,0.999439,-0.0159763,0.0551005,0.017582,0.998326
44.2389,0.998051,0.0286661,-0.0554307,-0.0296215,0.999425,-0.016491,0.0549261,0.0181008,0.998326
44.3027,0.99805,0.0290223,-0.0552596,-0.0299701,0.999416,-0.0164022,0.0547513,0.0180264,0.998337
44.3668,0.998054,0.0291763,-0.0551005,-0.0301446,0.999404,-0.0168243,0.0545768,0.0184526,0.998339
44.4308,0.998059,0.0293285,-0.0549427,-0.0303191,0.999391,-0.0172836,0.0544023,0.0189159,0.99834
44.4947,0.998063,0.0295249,-0.0547613,-0.0304936,0.999391,-0.0169391,0.0542279,0.0185761,0.998356
44.5588,0.998062,0.0298648,-0.0545992,-0.0308423,0.999377,-0.0171476,0.0540531,0.0187983,0.998361
44.6228,0.998056,0.0300205,-0.0546122,-0.0310165,0.999366,-0.0174808,0.0540528,0.0191407,0.998355
44.6868,0.99806,0.0302085,-0.0544352,-0.0311909,0.999364,-0.0172901,0.0538783,0.0189545,0.998368
44.7506,0.998059,0.0305607,-0.0542666,-0.0315396,0.999353,-0.0172752,0.0537035,0.0189532,0.998377
44.8146,0.998053,0.0307428,-0.0542649,-0.0317138,0.99935,-0.0171239,0.0537032,0.0188115,0.99838
44.8786,0.998051,0.0310749,-0.0541077,-0.0320625,0.999333,-0.0174809,0.0535284,0.0191817,0.998382
44.9426,0.99805,0.0314401,-0.0539316,-0.0324112,0.999326,-0.017226,0.0533536,0.0189404,0.998396
45.0066,0.998044,0.0316076,-0.0539383,-0.0325854,0.999318,-0.0173446,0.0533533,0.0190683,0.998394
45.0707,0.998042,0.0319403,-0.0537813,-0.0329341,0.999301,-0.0176947,0.0531785,0.0194313,0.998396
45.1347,0.99803,0.032299,-0.0537809,-0.0332825,0.999293,-0.0174918,0.0531779,0.0192473,0.9984
45.1985,0.998028,0.0326687,-0.0536017,-0.0336311,0.999287,-0.0171518,0.0530031,0.0189206,0.998415
45.2626,0.998016,0.0329923,-0.0536226,-0.0339795,0.999267,-0.0176048,0.0530025,0.0193919,0.998406
45.3266,0.998013,0.0333396,-0.0534571,-0.0343282,0.999254,-0.0176831,0.0528277,0.0194831,0.998414
45.3906,0.998001,0.0336951,-0.0534584,-0.0346766,0.999245,-0.017539,0.052827,0.0193577,0.998416
45.4547,0.997989,0.0340536,-0.0534577,-0.0350249,0.999236,-0.0173402,0.0528264,0.0191777,0.99842
45.5186,0.997986,0.0343934,-0.053297,-0.0353736,0.99922,-0.0175587,0.0526516,0.0194086,0.998424
45.5824,0.997974,0.0347641,-0.0532883,-0.035722,0.999215,-0.0171306,0.0526509,0.0189994,0.998432
45.6464,0.997971,0.0351306,-0.05311,-0.0360707,0.999207,-0.0168464,0.0524761,0.0187279,0.998447
45.7104,0.997958,0.035463,-0.0531262,-0.036419,0.99919,-0.0171361,0.0524754,0.0190359,0.998441
45.7748,0.997945,0.0357985,-0.0531405,-0.0367674,0.999173,-0.0173684,0.0524747,0.0192865,0.998436
45.8386,0.997941,0.0361573,-0.0529672,-0.0371161,0.999162,-0.0172299,0.0522999,0.0191604,0.998448
45.9025,0.997928,0.0364934,-0.0529813,-0.0374644,0.999146,-0.0174514,0.0522992,0.0194002,0.998443
45.9665,0.997924,0.0368594,-0.0528031,-0.0378131,0.999137,-0.0171775,0.0521244,0.0191385,0.998457
46.0303,0.997911,0.0371916,-0.0528201,-0.0381615,0.999119,-0.0174735,0.0521237,0.0194527,0.998451
46.0944,0.997905,0.0373604,-0.0528267,-0.0383356,0.99911,-0.017569,0.0521233,0.0195573,0.998449
46.1584,0.997893,0.0379059,-0.0526472,-0.0388585,0.999097,-0.0171883,0.0519481,0.0191979,0.998465
46.2224,0.997887,0.0380784,-0.0526512,-0.0390326,0.99909,-0.0172153,0.0519477,0.019234,0.998465
46.2866,0.997873,0.0384104,-0.0526687,-0.039381,0.999071,-0.0175151,0.051947,0.019552,0.998458
46.3506,0.997866,0.0385684,-0.0526834,-0.0395551,0.999059,-0.0178169,0.0519467,0.0198627,0.998452
46.4143,0.997859,0.0387633,-0.0526711,-0.0397293,0.999059,-0.0174188,0.0519463,0.0194741,0.99846
46.4786,0.997845,0.039104,-0.0526824,-0.0400776,0.999042,-0.0175529,0.0519456,0.0196264,0.998457
46.5425,0.997831,0.0394688,-0.0526758,-0.0404259,0.999034,-0.0172297,0.0519449,0.0193219,0.998463
46.6063,0.997824,0.0396419,-0.0526794,-0.0406001,0.999027,-0.0172455,0.0519445,0.0193467,0.998463
46.6703,0.997817,0.0398064,-0.0526895,-0.0407742,0.999016,-0.0174231,0.0519441,0.0195335,0.998459
46.7345,0.997803,0.0401692,-0.0526841,-0.0411225,0.999007,-0.0171378,0.0519434,0.0192666,0.998464
46.7983,0.99778,0.0404848,-0.0528861,-0.0414705,0.998983,-0.0176748,0.0521168,0.0198288,0.998444
46.8622,0.997772,0.0406952,-0.0528611,-0.0416446,0.998988,-0.0169846,0.0521164,0.0191481,0.998457
46.9263,0.997765,0.0408642,-0.0528678,-0.0418187,0.998979,-0.0170759,0.052116,0.0192486,0.998456
46.9904,0.997741,0.0411963,-0.0530572,-0.0421666,0.998961,-0.0173002,0.0522894,0.0194983,0.998442
47.0544,0.997734,0.0413662,-0.0530633,-0.0423408,0.998952,-0.0173746,0.052289,0.019582,0.99844
47.1182,0.99771,0.0417156,-0.0532394,-0.0426887,0.998939,-0.0172725,0.0524624,0.0195056,0.998432
47.1822,0.997693,0.0418701,-0.0534289,-0.0428624,0.998927,-0.0175636,0.0526361,0.0198132,0.998417
47.2462,0.997686,0.0420409,-0.0534343,-0.0430365,0.998918,-0.0176207,0.0526357,0.0198795,0.998416
47.3103,0.997669,0.0421834,-0.0536333,-0.0432103,0.998901,-0.0181322,0.0528095,0.0204074,0.998396
47.3743,0.997653,0.042367,-0.0537998,-0.043384,0.998899,-0.0178771,0.0529832,0.0201692,0.998392
47.4381,0.997637,0.0427232,-0.0537993,-0.0437322,0.998886,-0.0177188,0.0529824,0.0200297,0.998395
47.5022,0.997621,0.0428929,-0.0539769,-0.043906,0.998878,-0.0177242,0.0531561,0.020052,0.998385
47.5664,0.997621,0.0429028,-0.053969,-0.043906,0.998882,-0.0175415,0.0531561,0.0198693,0.998389
47.6302,0.997604,0.0430729,-0.0541462,-0.0440797,0.998874,-0.0175386,0.0533298,0.0198834,0.998379
47.6943,0.997596,0.04327,-0.0541307,-0.0442538,0.998874,-0.0171098,0.0533294,0.0194642,0.998387
47.7583,0.997579,0.0434121,-0.0543302,-0.0444275,0.998857,-0.0176233,0.0535031,0.0199944,0.998367
47.8222,0.997571,0.0436259,-0.0543012,-0.0446016,0.998862,-0.0168877,0.0535027,0.0192686,0.998382
47.886,0.997562,0.0436322,-0.0544674,-0.0446012,0.998865,-0.016703,0.0536768,0.0190916,0.998376
47.95,0.997554,0.0437956,-0.0544786,-0.0447753,0.998854,-0.0168931,0.0536764,0.0192911,0.998372
48.0143,0.997545,0.0438036,-0.0546434,-0.0447749,0.998858,-0.0166772,0.0538505,0.019083,0.998367
48.0781,0.997537,0.0439735,-0.0546495,-0.044949,0.998849,-0.0167502,0.0538501,0.0191654,0.998365
48.1421,0.997527,0.0439785,-0.0548167,-0.0449485,0.998852,-0.0165904,0.0540242,0.0190133,0.998359
48.2063,0.99752,0.0441435,-0.0548267,-0.0451226,0.998841,-0.0167503,0.0540237,0.0191827,0.998355
48.2703,0.99751,0.0441266,-0.0550115,-0.0451222,0.998837,-0.0169893,0.0541978,0.0194292,0.998341
48.3341,0.99751,0.0441445,-0.0549971,-0.0451222,0.998842,-0.0166632,0.0541978,0.0191033,0.998347
48.398,0.997493,0.0443372,-0.0551561,-0.0452959,0.998841,-0.0162538,0.0543715,0.0187114,0.998345
48.462,0.997493,0.0443464,-0.0551487,-0.0452959,0.998844,-0.016088,0.0543715,0.0185456,0.998349
48.5262,0.997475,0.0445102,-0.0553308,-0.0454695,0.998834,-0.0162012,0.0545452,0.0186762,0.998337
48.5901,0.997475,0.0445074,-0.0553331,-0.0454695,0.998834,-0.0162521,0.0545452,0.0187271,0.998336
48.6539,0.997466,0.0445226,-0.0554921,-0.0454691,0.998839,-0.0159113,0.0547193,0.0183941,0.998332
48.7182,0.997458,0.0447184,-0.0554771,-0.0456432,0.998837,-0.0155152,0.0547188,0.0180079,0.998339
48.7821,0.997448,0.0446908,-0.0556707,-0.0456428,0.998831,-0.0159465,0.0548929,0.0184468,0.998322
48.8459,0.997448,0.044718,-0.0556489,-0.0456428,0.998838,-0.0154589,0.0548929,0.0179594,0.998331
48.9099,0.997439,0.044712,-0.055825,-0.0456423,0.998838,-0.0155024,0.055067,0.0180107,0.99832
48.9739,0.997431,0.0448857,-0.0558278,-0.0458164,0.99883,-0.0155045,0.0550666,0.0180225,0.99832
49.038,0.997421,0.0448827,-0.0560016,-0.045816,0.99883,-0.0154933,0.0552406,0.0180191,0.99831
49.1021,0.997421,0.044885,-0.0559997,-0.045816,0.99883,-0.0154524,0.0552406,0.0179783,0.998311
49.1658,0.997412,0.0449041,-0.0561558,-0.0458155,0.998837,-0.015049,0.0554147,0.0175829,0.998309
49.23,0.997412,0.0448659,-0.0561863,-0.0458155,0.998826,-0.0157279,0.0554147,0.0182614,0.998296
49.2938,0.997402,0.0448441,-0.056375,-0.0458151,0.998821,-0.0160502,0.0555888,0.0185913,0.998281
49.3579,0.997402,0.0448963,-0.0563335,-0.0458151,0.998835,-0.0151252,0.0555888,0.0176669,0.998297
49.4218,0.997402,0.0448799,-0.0563466,-0.0458151,0.998831,-0.0154165,0.0555888,0.0179579,0.998292
49.4857,0.997402,0.0448929,-0.0563362,-0.0458151,0.998835,-0.0151853,0.0555888,0.0177268,0.998296
49.5499,0.997392,0.0448756,-0.0565213,-0.0458146,0.998831,-0.0154277,0.0557629,0.017977,0.998282
49.614,0.997392,0.0448511,-0.0565408,-0.0458146,0.998824,-0.0158615,0.0557629,0.0184106,0.998274
49.6777,0.9974,0.0447117,-0.0565108,-0.0456406,0.998841,-0.0152532,0.0557633,0.0177927,0.998285
49.742,0.9974,0.0446893,-0.0565285,-0.0456406,0.998835,-0.0156491,0.0557633,0.0181884,0.998278
49.8059,0.9974,0.0446805,-0.0565355,-0.0456406,0.998833,-0.0158053,0.0557633,0.0183446,0.998275
49.8698,0.9974,0.044712,-0.0565106,-0.0456406,0.998842,-0.015248,0.0557633,0.0177876,0.998286
49.9338,0.997408,0.0445361,-0.0565096,-0.0454665,0.998849,-0.0152854,0.0557638,0.0178151,0.998285
49.9977,0.997408,0.0445403,-0.0565063,-0.0454665,0.99885,-0.0152115,0.0557638,0.0177412,0.998286
50.0617,0.997399,0.0445217,-0.0566923,-0.045466,0.998846,-0.0154764,0.0559379,0.0180137,0.998272
50.1256,0.997406,0.0443453,-0.0566917,-0.045292,0.998853,-0.0155226,0.0559383,0.01805,0.998271
50.1896,0.997406,0.0443647,-0.0566765,-0.045292,0.998858,-0.0151816,0.0559383,0.0177092,0.998277
50.254,0.997397,0.0443431,-0.0568648,-0.0452915,0.998854,-0.0154988,0.0561124,0.0180339,0.998262
50.3178,0.997397,0.0443735,-0.0568411,-0.0452915,0.998862,-0.0149643,0.0561124,0.0174997,0.998271
50.3815,0.997405,0.0442193,-0.0568233,-0.0451174,0.998875,-0.01462,0.0561128,0.0171458,0.998277
50.4458,0.997395,0.0442054,-0.0570057,-0.045117,0.998872,-0.0148048,0.0562869,0.0173382,0.998264
50.5097,0.997395,0.0442143,-0.0569987,-0.045117,0.998874,-0.0146476,0.0562869,0.017181,0.998267
50.5735,0.997393,0.0440333,-0.0571733,-0.0449425,0.998881,-0.0147149,0.0564614,0.017246,0.998256
50.6375,0.997393,0.0440613,-0.0571517,-0.0449425,0.998888,-0.0142249,0.0564614,0.0167563,0.998264
50.7016,0.997393,0.0440633,-0.0571502,-0.0449425,0.998889,-0.0141904,0.0564614,0.0167219,0.998265
50.7658,0.997391,0.0438542,-0.0573464,-0.0447679,0.998889,-0.0147477,0.0566359,0.0172765,0.998245
50.8298,0.997391,0.0438854,-0.0573225,-0.0447679,0.998896,-0.0142029,0.0566359,0.016732,0.998255
50.8935,0.997381,0.0438931,-0.0574883,-0.0447675,0.998899,-0.0140117,0.05681,0.0165486,0.998248
50.9575,0.997389,0.0437298,-0.0574779,-0.0445934,0.998909,-0.0138296,0.0568105,0.0163566,0.998251
51.0216,0.997389,0.0437354,-0.0574736,-0.0445934,0.998911,-0.013732,0.0568105,0.0162591,0.998253
51.0855,0.997379,0.0437116,-0.0576634,-0.044593,0.998906,-0.0140872,0.0569845,0.0166217,0.998237
51.1495,0.997379,0.0437416,-0.0576407,-0.044593,0.998913,-0.0135677,0.0569845,0.0161025,0.998245
51.2134,0.997386,0.0435523,-0.05765,-0.0444189,0.998917,-0.0138364,0.056985,0.0163609,0.998241
51.2774,0.997376,0.0435811,-0.0578,-0.0444185,0.998925,-0.0132812,0.0571591,0.0158137,0.99824
51.3416,0.997376,0.0436042,-0.0577827,-0.0444185,0.99893,-0.0128833,0.0571591,0.0154161,0.998246
51.4055,0.997376,0.0435842,-0.0577977,-0.0444185,0.998925,-0.0132285,0.0571591,0.0157611,0.998241
51.4695,0.997367,0.0435879,-0.0579667,-0.044418,0.998927,-0.0131087,0.0573331,0.015649,0.998232
51.5334,0.997367,0.043591,-0.0579644,-0.044418,0.998928,-0.0130566,0.0573331,0.0155969,0.998233
51.5973,0.997359,0.0437445,-0.057982,-0.0445921,0.998915,-0.0134049,0.0573327,0.015955,0.998228
51.6613,0.997359,0.0437472,-0.05798,-0.0445921,0.998916,-0.0133591,0.0573327,0.0159092,0.998228
51.7255,0.997349,0.0437344,-0.0581614,-0.0445916,0.998914,-0.0135234,0.0575068,0.0160811,0.998216
51.7894,0.997349,0.0437517,-0.0581484,-0.0445916,0.998918,-0.0132265,0.0575068,0.0157844,0.99822
51.8533,0.997349,0.0437445,-0.0581538,-0.0445916,0.998916,-0.0133498,0.0575068,0.0159075,0.998218
51.9174,0.997349,0.0437415,-0.0581561,-0.0445916,0.998915,-0.013402,0.0575068,0.0159598,0.998218
51.9813,0.997331,0.0439289,-0.0583199,-0.0447653,0.998911,-0.0131121,0.0576804,0.0156878,0.998212
52.0454,0.997331,0.0439083,-0.0583354,-0.0447653,0.998907,-0.0134658,0.0576804,0.0160412,0.998206
52.1092,0.997323,0.044087,-0.058334,-0.0449393,0.9989,-0.013381,0.0576799,0.0159666,0.998207
52.1733,0.997323,0.0441011,-0.0583233,-0.0449393,0.998903,-0.0131385,0.0576799,0.0157243,0.998211
52.2372,0.997305,0.0442583,-0.0585099,-0.0451129,0.998892,-0.0133663,0.0578535,0.0159698,0.998197
52.3012,0.997305,0.0442533,-0.0585138,-0.0451129,0.998891,-0.0134529,0.0578535,0.0160563,0.998196
52.3652,0.997287,0.0444234,-0.0586906,-0.0452866,0.998883,-0.0134596,0.0580272,0.016081,0.998185
52.4293,0.997279,0.0445978,-0.0586925,-0.0454606,0.998876,-0.0134485,0.0580267,0.0160801,0.998186
52.4933,0.997269,0.0445701,-0.0588851,-0.0454602,0.99887,-0.0138617,0.0582008,0.0165007,0.998169
52.5571,0.997251,0.0448148,-0.0590054,-0.0456337,0.998879,-0.0126057,0.0583743,0.0152637,0.998178
52.6211,0.997243,0.0449728,-0.0590196,-0.0458078,0.998867,-0.0128719,0.0583739,0.01554,0.998174
52.6852,0.997225,0.045118,-0.0592154,-0.0459814,0.998854,-0.013299,0.0585475,0.0159849,0.998157
52.7492,0.997207,0.0452565,-0.0594162,-0.046155,0.998838,-0.0138356,0.058721,0.0165393,0.998137
52.8132,0.997199,0.0454332,-0.0594163,-0.046329,0.998831,-0.0137857,0.0587206,0.0164998,0.998138
52.8772,0.997181,0.0455738,-0.0596157,-0.0465026,0.998816,-0.014285,0.0588941,0.017017,0.998119
52.9413,0.997162,0.0457455,-0.0597913,-0.0466761,0.998808,-0.0142606,0.0590677,0.0170109,0.998109
53.0051,0.997136,0.0461062,-0.0599576,-0.0470237,0.998796,-0.0139822,0.0592408,0.0167616,0.998103
53.0691,0.997117,0.0462332,-0.0601676,-0.0471973,0.998777,-0.0147016,0.0594143,0.017499,0.99808
53.1331,0.997109,0.0464111,-0.0601668,-0.0473713,0.99877,-0.0146304,0.0594138,0.0174383,0.998081
53.1971,0.99709,0.0465624,-0.0603581,-0.0475448,0.998757,-0.0149429,0.0595874,0.0177691,0.998065
53.2611,0.997072,0.0467138,-0.0605494,-0.0477184,0.998744,-0.0152517,0.0597609,0.0180963,0.998049
53.3251,0.997063,0.0469089,-0.0605355,-0.0478924,0.998741,-0.014899,0.0597604,0.0177544,0.998055
53.3889,0.997044,0.0470606,-0.0607264,-0.0480659,0.998729,-0.0152001,0.0599339,0.018074,0.998039
53.4531,0.997036,0.047253,-0.0607146,-0.0482399,0.998725,-0.0148933,0.0599334,0.0177781,0.998044
53.5171,0.997017,0.0474133,-0.060899,-0.0484134,0.998714,-0.0150532,0.0601069,0.0179566,0.99803
53.5809,0.997009,0.0475585,-0.0609238,-0.0485874,0.998698,-0.01552,0.0601064,0.0184337,0.998022
53.645,0.99699,0.0477419,-0.0610901,-0.0487609,0.998693,-0.015299,0.0602799,0.0182318,0.998015
53.709,0.99699,0.0477101,-0.061115,-0.0487609,0.998685,-0.015819,0.0602799,0.0187514,0.998005
53.773,0.996981,0.0479015,-0.0611038,-0.0489349,0.998681,-0.0155293,0.0602794,0.0184725,0.998011
53.837,0.996973,0.0480801,-0.0611027,-0.049109,0.998674,-0.0154482,0.0602789,0.0184022,0.998012
53.901,0.996964,0.0482217,-0.0611307,-0.049283,0.998657,-0.0159732,0.0602784,0.0189374,0.998002
53.9649,0.996956,0.0484027,-0.0611276,-0.049457,0.99865,-0.0158521,0.0602778,0.018827,0.998004
54.0289,0.996947,0.0485508,-0.0611507,-0.049631,0.998635,-0.0162704,0.0602773,0.0192557,0.997996
54.0929,0.996938,0.0487237,-0.0611542,-0.049805,0.998626,-0.0162827,0.0602768,0.0192787,0.997996
54.1569,0.996919,0.0488928,-0.0613317,-0.0499784,0.998617,-0.0162925,0.0604503,0.0193075,0.997984
54.2209,0.996911,0.0490532,-0.0613451,-0.0501524,0.998605,-0.0165089,0.0604497,0.0195345,0.99798
54.285,0.996902,0.0492151,-0.0613574,-0.0503264,0.998593,-0.0166997,0.0604492,0.0197359,0.997976
54.3491,0.996893,0.0493764,-0.0613702,-0.0505004,0.998581,-0.0169003,0.0604487,0.0199471,0.997972
54.4128,0.996884,0.0495703,-0.0613568,-0.0506744,0.998578,-0.0165699,0.0604481,0.0196275,0.997978
54.4768,0.996875,0.0497243,-0.0613757,-0.0508484,0.998564,-0.016891,0.0604476,0.019959,0.997972
54.5408,0.996858,0.050036,-0.0614105,-0.0511964,0.998536,-0.017469,0.0604465,0.0205581,0.99796
54.6048,0.996849,0.0502045,-0.0614177,-0.0513704,0.998525,-0.0175515,0.060446,0.0206512,0.997958
54.669,0.99684,0.0503363,-0.0614551,-0.0515443,0.998504,-0.0182327,0.0604455,0.0213428,0.997943
54.733,0.996831,0.0505082,-0.0614597,-0.0517183,0.998495,-0.0182605,0.0604449,0.0213812,0.997943
54.7967,0.996822,0.0507371,-0.0614173,-0.0518923,0.998502,-0.0173621,0.0604444,0.020494,0.997961
54.8608,0.996802,0.0508505,-0.0616408,-0.0520657,0.998477,-0.0182704,0.0606178,0.0214213,0.997931
54.9249,0.996793,0.0510251,-0.0616431,-0.0522397,0.998468,-0.0182543,0.0606172,0.0214159,0.997931
54.9887,0.996784,0.0511773,-0.0616641,-0.0524137,0.998452,-0.0186009,0.0606167,0.0217731,0.997924
55.0527,0.996766,0.0515221,-0.0616726,-0.0527616,0.998433,-0.0186413,0.0606156,0.021835,0.997922
55.1166,0.996757,0.0517007,-0.0616717,-0.0529356,0.998425,-0.01856,0.060615,0.0217645,0.997924
55.1806,0.996747,0.0518474,-0.0616975,-0.0531096,0.998408,-0.0189945,0.0606145,0.0222095,0.997914
55.2446,0.996738,0.0520083,-0.0617116,-0.0532835,0.998395,-0.0192014,0.0606139,0.0224269,0.997909
55.3086,0.996729,0.0521679,-0.0617268,-0.0534575,0.998381,-0.0194277,0.0606133,0.0226639,0.997904
55.3727,0.996709,0.0523012,-0.0619345,-0.0536309,0.99836,-0.0200036,0.0607867,0.0232594,0.99788
55.4368,0.9967,0.0525188,-0.0619007,-0.0538049,0.998365,-0.0192947,0.0607862,0.0225616,0.997896
55.5006,0.996681,0.052844,-0.0619262,-0.0541528,0.998339,-0.019649,0.060785,0.0229372,0.997887
55.5647,0.996671,0.0530057,-0.0619398,-0.0543267,0.998326,-0.0198405,0.0607844,0.0231395,0.997883
55.6288,0.996662,0.0531706,-0.0619506,-0.0545007,0.998314,-0.0199797,0.0607839,0.0232894,0.997879
55.6926,0.996662,0.0531664,-0.0619543,-0.0545007,0.998312,-0.0200479,0.0607839,0.0233575,0.997878
55.7566,0.996652,0.0533361,-0.0619612,-0.0546746,0.998302,-0.0201112,0.0607833,0.0234316,0.997876
55.8207,0.996632,0.0534718,-0.0621674,-0.054848,0.998281,-0.020644,0.0609566,0.0239842,0.997852
55.8844,0.996623,0.0536745,-0.0621459,-0.0550219,0.998281,-0.020177,0.0609561,0.0235283,0.997863
55.9484,0.996623,0.0536711,-0.0621488,-0.0550219,0.99828,-0.0202313,0.0609561,0.0235825,0.997862
56.0124,0.996613,0.0538379,-0.0621581,-0.0551959,0.998268,-0.0203391,0.0609555,0.0237011,0.997859
56.0767,0.996593,0.0540097,-0.0623333,-0.0553692,0.99826,-0.0202925,0.0611288,0.0236747,0.997849
56.1407,0.996593,0.0539943,-0.0623466,-0.0553692,0.998255,-0.020539,0.0611288,0.0239211,0.997843
56.2045,0.996583,0.0541907,-0.0623303,-0.0555432,0.998252,-0.0201725,0.0611282,0.0235656,0.997852
56.2687,0.996573,0.0541841,-0.0625061,-0.0555426,0.998252,-0.0202027,0.0613022,0.0236052,0.99784
56.3325,0.996563,0.0543578,-0.0625096,-0.0557165,0.998242,-0.020202,0.0613016,0.0236154,0.99784
56.3963,0.996563,0.0543929,-0.062479,-0.0557165,0.998253,-0.0196401,0.0613016,0.0230537,0.997853
56.4604,0.996552,0.0543883,-0.0626531,-0.0557159,0.998253,-0.0196395,0.0614755,0.0230626,0.997842
56.5246,0.996543,0.0545578,-0.0626601,-0.0558899,0.998242,-0.0197056,0.0614749,0.0231396,0.99784
56.5884,0.996543,0.0545963,-0.0626265,-0.0558899,0.998254,-0.0190912,0.0614749,0.0225254,0.997854
56.6524,0.996543,0.0545979,-0.0626252,-0.0558899,0.998255,-0.0190662,0.0614749,0.0225004,0.997855
56.7163,0.996532,0.0545986,-0.0627948,-0.0558893,0.998256,-0.0189831,0.0616488,0.0224268,0.997846
56.7804,0.996522,0.0547808,-0.0627905,-0.0560632,0.998249,-0.0188456,0.0616482,0.0223002,0.997849
56.8443,0.996522,0.0547616,-0.0628073,-0.0560632,0.998244,-0.0191509,0.0616482,0.0226055,0.997842
56.9083,0.996522,0.054805,-0.0627694,-0.0560632,0.998257,-0.0184612,0.0616482,0.0219161,0.997857
56.9724,0.996522,0.0547851,-0.0627868,-0.0560632,0.998251,-0.0187771,0.0616482,0.0222318,0.99785
57.0365,0.996522,0.0548145,-0.0627611,-0.0560632,0.998259,-0.018309,0.0616482,0.0217639,0.997861
57.1002,0.996522,0.0548411,-0.0627379,-0.0560632,0.998267,-0.0178865,0.0616482,0.0213416,0.99787
57.1642,0.996522,0.0548443,-0.0627351,-0.0560632,0.998268,-0.0178358,0.0616482,0.0212909,0.997871
57.2282,0.996522,0.0548698,-0.0627128,-0.0560632,0.998275,-0.01743,0.0616482,0.0208853,0.997879
57.2922,0.996523,0.0550497,-0.0625398,-0.0562377,0.998266,-0.0173953,0.0614737,0.0208519,0.997891
57.3562,0.996523,0.0550368,-0.0625512,-0.0562377,0.998262,-0.0176025,0.0614737,0.021059,0.997887
57.4203,0.996523,0.0550605,-0.0625303,-0.0562377,0.998269,-0.017224,0.0614737,0.0206807,0.997894
57.4842,0.996523,0.0550593,-0.0625313,-0.0562377,0.998269,-0.0172426,0.0614737,0.0206993,0.997894
57.5483,0.996523,0.055106,-0.0624902,-0.0562377,0.998281,-0.0164964,0.0614737,0.0199534,0.997909
57.6121,0.996523,0.0550883,-0.0625058,-0.0562377,0.998276,-0.0167791,0.0614737,0.0202359,0.997904
57.6761,0.996523,0.0551127,-0.0624843,-0.0562377,0.998283,-0.01639,0.0614737,0.019847,0.997911
57.7402,0.996513,0.0553057,-0.0624699,-0.0564116,0.998278,-0.0160788,0.0614731,0.0195467,0.997917
57.8042,0.996513,0.0553209,-0.0624565,-0.0564116,0.998282,-0.0158363,0.0614731,0.0193044,0.997922
57.8684,0.996503,0.0552895,-0.0626549,-0.056411,0.998275,-0.0162734,0.061647,0.0197509,0.997903
57.9322,0.996503,0.0553026,-0.0626433,-0.056411,0.998278,-0.0160652,0.061647,0.0195428,0.997907
57.996,0.996503,0.0553297,-0.0626194,-0.056411,0.998285,-0.0156329,0.061647,0.0191106,0.997915
58.0602,0.996503,0.0553367,-0.0626132,-0.056411,0.998287,-0.015522,0.061647,0.0189998,0.997917
58.1242,0.996503,0.0553408,-0.0626096,-0.056411,0.998288,-0.015456,0.061647,0.0189338,0.997918
58.188,0.996503,0.0553734,-0.0625807,-0.056411,0.998296,-0.0149361,0.061647,0.0184141,0.997928
58.252,0.996503,0.05537,-0.0625838,-0.056411,0.998295,-0.0149909,0.061647,0.0184689,0.997927
58.316,0.996492,0.0553991,-0.0627288,-0.0564104,0.998303,-0.0144656,0.061821,0.0179534,0.997926
58.3802,0.996492,0.0553778,-0.0627476,-0.0564104,0.998298,-0.0148045,0.061821,0.0182921,0.99792
58.4442,0.996482,0.0555779,-0.0627267,-0.0565844,0.998294,-0.0143823,0.0618203,0.017881,0.997927
58.5079,0.996482,0.055615,-0.0626939,-0.0565844,0.998303,-0.0137927,0.0618203,0.0172917,0.997937
58.572,0.996482,0.0555895,-0.0627164,-0.0565844,0.998297,-0.0141982,0.0618203,0.017697,0.99793
58.6361,0.996482,0.0556268,-0.0626834,-0.0565844,0.998305,-0.0136051,0.0618203,0.0171041,0.997941
58.6998,0.996472,0.0558099,-0.0626772,-0.0567583,0.998297,-0.0134519,0.0618197,0.0169619,0.997943
58.7638,0.996472,0.0558201,-0.0626681,-0.0567583,0.998299,-0.0132895,0.0618197,0.0167996,0.997946
58.8278,0.996472,0.0558358,-0.0626542,-0.0567583,0.998303,-0.0130404,0.0618197,0.0165505,0.99795
58.8921,0.996472,0.0558214,-0.062667,-0.0567583,0.9983,-0.0132698,0.0618197,0.0167799,0.997946
58.956,0.996462,0.0560176,-0.0626491,-0.0569322,0.998295,-0.0129094,0.0618191,0.0164305,0.997952
59.0198,0.996462,0.0560159,-0.0626506,-0.0569322,0.998294,-0.0129351,0.0618191,0.0164562,0.997952
59.0839,0.996462,0.0560194,-0.0626474,-0.0569322,0.998295,-0.0128793,0.0618191,0.0164004,0.997953
59.148,0.996452,0.0562224,-0.0626233,-0.0571061,0.998291,-0.0124109,0.0618185,0.015943,0.99796
59.2118,0.996452,0.056232,-0.0626146,-0.0571061,0.998293,-0.0122572,0.0618185,0.0157894,0.997963
59.2759,0.996442,0.0564112,-0.0626117,-0.05728,0.998284,-0.0121672,0.0618179,0.0157104,0.997964
59.34,0.996442,0.0564159,-0.0626075,-0.05728,0.998285,-0.0120923,0.0618179,0.0156354,0.997965
59.4038,0.996432,0.0565981,-0.0626018,-0.0574539,0.998277,-0.011955,0.0618173,0.0155091,0.997967
59.4678,0.996432,0.0566097,-0.0625913,-0.0574539,0.998279,-0.0117702,0.0618173,0.0153244,0.99797
59.5318,0.996422,0.0567787,-0.0625975,-0.0576278,0.998268,-0.0118432,0.0618167,0.0154082,0.997969
59.5959,0.996422,0.0568078,-0.0625711,-0.0576278,0.998273,-0.0113785,0.0618167,0.0149437,0.997976
59.66,0.996412,0.0569666,-0.0625865,-0.0578018,0.998261,-0.0116134,0.061816,0.0151893,0.997972
59.7238,0.996402,0.0571407,-0.062588,-0.0579757,0.998251,-0.0116055,0.0618154,0.0151923,0.997972
59.788,0.996402,0.0571602,-0.0625702,-0.0579757,0.998254,-0.0112943,0.0618154,0.0148812,0.997977
59.8519,0.996392,0.0573162,-0.0625883,-0.0581496,0.998241,-0.0115747,0.0618148,0.0151724,0.997972
59.9157,0.996392,0.0573473,-0.0625598,-0.0581496,0.998246,-0.011078,0.0618148,0.0146759,0.99798
59.9801,0.996382,0.0575415,-0.0625428,-0.0583235,0.99824,-0.0107494,0.0618141,0.0143583,0.997984
60.0438,0.996361,0.0576584,-0.0627679,-0.0584967,0.99822,-0.0115993,0.0619874,0.0152288,0.997961
60.1077,0.996351,0.0578556,-0.0627482,-0.0586706,0.998214,-0.011224,0.0619868,0.0148645,0.997966
60.1717,0.996341,0.0580436,-0.0627368,-0.0588445,0.998207,-0.0109945,0.0619862,0.014646,0.99797
60.2357,0.996331,0.0582128,-0.0627427,-0.0590184,0.998196,-0.011063,0.0619855,0.0147254,0.997968
60.2998,0.99632,0.0583455,-0.0627826,-0.0591923,0.998178,-0.0117123,0.0619849,0.0153854,0.997958
60.3638,0.996299,0.0585302,-0.0629454,-0.0593656,0.99817,-0.0114833,0.0621581,0.0151776,0.997951
60.4276,0.996289,0.0587017,-0.0629493,-0.0595395,0.99816,-0.0115146,0.0621575,0.0152198,0.99795
60.492,0.996268,0.0590425,-0.0629592,-0.0598872,0.998138,-0.0116142,0.0621562,0.0153413,0.997949
60.5558,0.996258,0.059224,-0.0629537,-0.0600611,0.998129,-0.0114879,0.0621555,0.015226,0.99795
60.6196,0.996247,0.059394,-0.062959,-0.060235,0.998117,-0.0115437,0.0621549,0.0152927,0.997949
60.6836,0.996237,0.0595711,-0.0629576,-0.0604089,0.998108,-0.0114867,0.0621542,0.0152467,0.99795
60.7477,0.996205,0.0599067,-0.0631435,-0.060756,0.998085,-0.0116153,0.0623268,0.0154076,0.997937
60.8119,0.996194,0.0600616,-0.0631632,-0.0609299,0.998071,-0.0119088,0.0623261,0.015712,0.997932
60.8756,0.996184,0.0602332,-0.0631672,-0.0611037,0.99806,-0.0119396,0.0623255,0.0157538,0.997932
60.9395,0.996173,0.0604351,-0.0631421,-0.0612776,0.998055,-0.0114906,0.0623248,0.0153159,0.997938
61.0037,0.996152,0.0607644,-0.0631631,-0.0616253,0.99803,-0.0117707,0.0623235,0.0156179,0.997934
61.0676,0.996141,0.0609167,-0.0631857,-0.0617992,0.998015,-0.0121063,0.0623228,0.0159644,0.997928
61.1315,0.996141,0.0611185,-0.0629895,-0.0619737,0.998009,-0.0117118,0.0621483,0.0155703,0.997945
61.1954,0.99613,0.0612654,-0.0630174,-0.0621476,0.997993,-0.0121336,0.0621476,0.016003,0.997939
61.2595,0.996119,0.0614356,-0.0630228,-0.0623214,0.997982,-0.0121862,0.0621469,0.0160665,0.997938
61.3235,0.996098,0.0617871,-0.0630226,-0.0626692,0.997961,-0.0121145,0.0621455,0.0160168,0.997939
61.3875,0.996087,0.0619322,-0.0630526,-0.062843,0.997944,-0.0125643,0.0621449,0.0164776,0.997931
61.4515,0.996087,0.0621365,-0.0628537,-0.0630175,0.997939,-0.0121321,0.0619703,0.0160456,0.997949
61.5156,0.996065,0.0624423,-0.0628989,-0.0633652,0.997908,-0.0127856,0.061969,0.0167209,0.997938
61.5797,0.996054,0.0626058,-0.062911,-0.0635391,0.997895,-0.0129435,0.0619683,0.0168897,0.997935
61.6434,0.996042,0.0629745,-0.0627232,-0.0638875,0.997877,-0.012656,0.0617931,0.0166131,0.997951
61.7074,0.996031,0.0631333,-0.0627402,-0.0640613,0.997863,-0.0128897,0.0617924,0.0168578,0.997947
61.7714,0.996031,0.0633097,-0.062569,-0.0642358,0.997851,-0.012901,0.0616178,0.016869,0.997957
61.8354,0.996019,0.0634723,-0.0625823,-0.0644097,0.997838,-0.0130743,0.0616171,0.0170531,0.997954
61.8994,0.996019,0.0636554,-0.0624044,-0.0645842,0.997828,-0.0129801,0.0614426,0.0169587,0.997967
61.9634,0.995996,0.0640175,-0.0623934,-0.0649319,0.997808,-0.012738,0.0614412,0.0167383,0.99797
62.0275,0.995985,0.06414,-0.0624481,-0.0651057,0.997786,-0.0135532,0.0614405,0.0175645,0.997956
62.0916,0.995984,0.0643755,-0.062216,-0.0652803,0.997787,-0.0126185,0.061266,0.0166294,0.997983
62.1554,0.995973,0.0645398,-0.0622278,-0.0654541,0.997774,-0.0127665,0.0612653,0.0167882,0.99798
62.2193,0.995962,0.0646906,-0.0622535,-0.0656279,0.997758,-0.0131295,0.0612646,0.0171621,0.997974
62.2833,0.995949,0.0650879,-0.062035,-0.0659763,0.997744,-0.012379,0.0610894,0.0164217,0.997997
62.3473,0.995938,0.065224,-0.0620765,-0.0661501,0.997725,-0.0129801,0.0610886,0.0170337,0.997987
62.4113,0.995926,0.065424,-0.0620508,-0.0663239,0.997719,-0.0125536,0.0610879,0.0166179,0.997994
62.4754,0.995915,0.06557,-0.062082,-0.0664978,0.997702,-0.0129951,0.0610872,0.0170703,0.997986
62.5394,0.995915,0.0655365,-0.0621174,-0.0664978,0.997695,-0.0135347,0.0610872,0.0176101,0.997977
62.6034,0.995902,0.0659208,-0.0619123,-0.0668461,0.997679,-0.0129939,0.060912,0.0170792,0.997997
62.6672,0.995902,0.065927,-0.0619057,-0.0668461,0.99768,-0.0128939,0.060912,0.0169792,0.997999
62.7314,0.995891,0.0661167,-0.0618905,-0.0670199,0.997672,-0.0126309,0.0609113,0.0167269,0.998003
62.7954,0.995879,0.0662771,-0.0619068,-0.0671938,0.997657,-0.0128425,0.0609106,0.0169494,0.997999
62.8592,0.995867,0.0664559,-0.0619032,-0.0673676,0.997647,-0.0127561,0.0609099,0.0168736,0.998001
62.9232,0.995867,0.0664555,-0.0619037,-0.0673676,0.997647,-0.0127623,0.0609099,0.0168799,0.998001
62.9873,0.995856,0.0666457,-0.061888,-0.0675414,0.997638,-0.0124939,0.0609091,0.0166221,0.998005
63.0514,0.995844,0.0668213,-0.0618878,-0.0677152,0.997627,-0.0124594,0.0609084,0.0165984,0.998005
63.1154,0.995844,0.0668325,-0.0618757,-0.0677152,0.997629,-0.0122784,0.0609084,0.0164173,0.998008
63.1792,0.995832,0.0670114,-0.061872,-0.067889,0.997618,-0.0121911,0.0609077,0.0163407,0.99801
63.2433,0.99582,0.0672051,-0.0618521,-0.0680628,0.99761,-0.0118636,0.060907,0.0160239,0.998015
63.3073,0.99582,0.067176,-0.0618837,-0.0680628,0.997605,-0.0123335,0.060907,0.016494,0.998007
63.3712,0.995808,0.0674211,-0.0618078,-0.0682366,0.997607,-0.0111774,0.0609062,0.0153481,0.998025
63.435,0.995808,0.0674341,-0.0617936,-0.0682366,0.997609,-0.0109684,0.0609062,0.015139,0.998029
63.499,0.995796,0.0675897,-0.061815,-0.0684104,0.997594,-0.0112559,0.0609055,0.0154373,0.998024
63.5633,0.995785,0.0677549,-0.0618261,-0.0685842,0.99758,-0.0113893,0.0609048,0.0155816,0.998022
63.6273,0.995773,0.0679041,-0.0618547,-0.068758,0.997564,-0.0117813,0.0609041,0.0159845,0.998016
63.6911,0.995773,0.0679123,-0.0618457,-0.068758,0.997565,-0.0116479,0.0609041,0.015851,0.998018
63.7555,0.995761,0.0680765,-0.0618579,-0.0689318,0.997552,-0.0117976,0.0609033,0.0160116,0.998015
63.8193,0.995749,0.0682465,-0.0618638,-0.0691056,0.997539,-0.0118529,0.0609026,0.0160777,0.998014
63.883,0.995749,0.0682737,-0.0618338,-0.0691056,0.997544,-0.0114147,0.0609026,0.0156392,0.998021
63.947,0.995737,0.0684477,-0.0618351,-0.0692794,0.997532,-0.0114052,0.0609019,0.0156405,0.998021
64.011,0.995714,0.0686036,-0.0620269,-0.0694525,0.997517,-0.0116321,0.0610749,0.0158902,0.998007
64.075,0.995714,0.0686226,-0.0620059,-0.0694525,0.997521,-0.0113262,0.0610749,0.0155841,0.998012
64.139,0.995702,0.0687819,-0.0620235,-0.0696263,0.997506,-0.011554,0.0610742,0.0158228,0.998008
64.2029,0.99569,0.0689768,-0.0620017,-0.0698,0.997498,-0.011209,0.0610734,0.0154884,0.998013
64.2671,0.9957,0.0689829,-0.0618245,-0.0698008,0.997498,-0.0111658,0.0608996,0.0154332,0.998025
64.3309,0.995688,0.0691546,-0.0618285,-0.0699746,0.997486,-0.0111943,0.0608989,0.0154725,0.998024
64.3949,0.995676,0.0693287,-0.0618296,-0.0701483,0.997474,-0.0111828,0.0608982,0.0154717,0.998024
64.459,0.995676,0.0693144,-0.0618457,-0.0701483,0.997471,-0.0114138,0.0608982,0.0157028,0.99802
64.5228,0.995664,0.0694988,-0.0618353,-0.0703221,0.997461,-0.0112366,0.0608974,0.0155362,0.998023
64.5868,0.995652,0.0696584,-0.0618529,-0.0704959,0.997446,-0.0114606,0.0608967,0.0157711,0.998019
64.6508,0.995639,0.0698274,-0.06186,-0.0706697,0.997433,-0.0115324,0.0608959,0.0158538,0.998018
64.7148,0.995627,0.0700034,-0.0618591,-0.0708435,0.997421,-0.0114906,0.0608952,0.0158227,0.998019
64.7788,0.995627,0.0700054,-0.0618567,-0.0708435,0.997422,-0.0114573,0.0608952,0.0157894,0.998019
64.8426,0.995602,0.0703348,-0.0618806,-0.071191,0.997394,-0.0117386,0.0608936,0.0160923,0.998015
64.9067,0.995602,0.0703471,-0.0618666,-0.071191,0.997396,-0.0115412,0.0608936,0.0158948,0.998018
64.9709,0.99559,0.0704962,-0.0618963,-0.0713648,0.997379,-0.0119327,0.0608929,0.0162973,0.998011
65.0349,0.995577,0.0706652,-0.0619035,-0.0715385,0.997366,-0.0120044,0.0608921,0.0163798,0.99801
65.0987,0.995565,0.0708509,-0.0618915,-0.0717123,0.997355,-0.0118061,0.0608914,0.0161922,0.998013
65.1627,0.99554,0.0711907,-0.0619037,-0.0720598,0.997329,-0.0119193,0.0608898,0.0163269,0.998011
65.2267,0.995527,0.0713596,-0.061911,-0.0722336,0.997316,-0.0119918,0.0608891,0.0164102,0.99801
65.2907,0.995527,0.0713383,-0.0619355,-0.0722336,0.997311,-0.0123347,0.0608891,0.0167534,0.998004
65.3546,0.995515,0.0715183,-0.0619301,-0.0724073,0.9973,-0.0122286,0.0608883,0.016658,0.998006
65.4186,0.995502,0.0716634,-0.061965,-0.0725811,0.997282,-0.0126852,0.0608875,0.0171256,0.997998
65.4829,0.99549,0.0718352,-0.0619691,-0.0727548,0.997269,-0.0127111,0.0608868,0.0171624,0.997997
65.5469,0.995477,0.0719812,-0.0620031,-0.0729286,0.99725,-0.0131518,0.060886,0.0176141,0.997989
65.6106,0.995464,0.0721587,-0.0620006,-0.0731023,0.997239,-0.0130849,0.0608852,0.017558,0.99799
65.6747,0.995462,0.0723364,-0.0618282,-0.0732768,0.997226,-0.0130782,0.0607107,0.0175494,0.998001
65.7387,0.995462,0.0723118,-0.061857,-0.0732768,0.997221,-0.0134749,0.0607107,0.0179465,0.997994
65.8025,0.995437,0.0726964,-0.0618172,-0.0736243,0.997203,-0.0128641,0.0607091,0.0173567,0.998005
65.8666,0.995424,0.0728349,-0.0618606,-0.0737981,0.997183,-0.0134278,0.0607083,0.0179315,0.997994
65.9305,0.995424,0.0728256,-0.0618715,-0.0737981,0.997181,-0.0135771,0.0607083,0.0180809,0.997992
65.9946,0.9954,0.0730127,-0.0620273,-0.073971,0.997172,-0.013294,0.0608813,0.0178211,0.997986
66.0586,0.995387,0.0731683,-0.0620507,-0.0741448,0.997155,-0.0135801,0.0608805,0.0181182,0.997981
66.1224,0.995362,0.0735003,-0.0620729,-0.0744922,0.997126,-0.0138173,0.0608789,0.0183771,0.997976
66.1867,0.995349,0.0736375,-0.0621182,-0.0746659,0.997105,-0.0143978,0.0608781,0.018969,0.997965
66.2507,0.995336,0.0737872,-0.0621488,-0.0748397,0.997086,-0.014777,0.0608773,0.0193592,0.997957
66.3144,0.995323,0.0739741,-0.0621353,-0.0750134,0.997076,-0.0145599,0.0608765,0.0191528,0.997962
66.3787,0.995299,0.074098,-0.0623659,-0.0751863,0.997052,-0.0152855,0.0610495,0.0199027,0.997936
66.4426,0.995286,0.0742884,-0.0623483,-0.07536,0.997043,-0.0150129,0.0610487,0.0196407,0.997942
66.5065,0.995273,0.0744597,-0.0623534,-0.0755337,0.99703,-0.0150457,0.0610478,0.0196844,0.997941
66.5707,0.995246,0.0747945,-0.0623729,-0.0758811,0.997,-0.0152361,0.0610462,0.0198966,0.997937
66.6345,0.995233,0.0749696,-0.0623734,-0.0760549,0.996988,-0.0152069,0.0610454,0.0198782,0.997937
66.6983,0.99522,0.0751028,-0.0624244,-0.0762286,0.996964,-0.0158486,0.0610446,0.0205314,0.997924
66.7624,0.995207,0.0752764,-0.0624269,-0.0764023,0.996951,-0.0158447,0.0610438,0.0205383,0.997924
66.8264,0.995193,0.0754434,-0.0624373,-0.076576,0.996936,-0.0159457,0.061043,0.0206502,0.997922
66.8904,0.99518,0.0756032,-0.0624564,-0.0767497,0.996919,-0.0161615,0.0610422,0.0208771,0.997917
66.9544,0.995153,0.0759743,-0.0624324,-0.077097,0.996899,-0.015772,0.0610405,0.0205089,0.997925
67.0183,0.99514,0.0761185,-0.0624707,-0.0772707,0.996878,-0.0162376,0.0610397,0.0209858,0.997915
67.0825,0.995126,0.0762831,-0.0624842,-0.0774444,0.996862,-0.0163762,0.0610389,0.0211354,0.997912
67.1465,0.995099,0.0766296,-0.06249,-0.0777918,0.996835,-0.016378,0.0610372,0.0211589,0.997911
67.2103,0.995086,0.076779,-0.0625223,-0.0779655,0.996815,-0.0167599,0.0610364,0.0215521,0.997903
67.2743,0.995072,0.0769636,-0.0625113,-0.0781391,0.996805,-0.0165798,0.0610356,0.0213827,0.997907
67.3385,0.995059,0.077118,-0.0625376,-0.0783128,0.996786,-0.0168819,0.0610347,0.021696,0.9979
67.4023,0.995031,0.0774615,-0.0625474,-0.0786602,0.996758,-0.0169316,0.061033,0.0217675,0.997898
67.4664,0.995004,0.0778174,-0.0625417,-0.0790075,0.996733,-0.0167834,0.0610314,0.0216408,0.997901
67.5305,0.99499,0.0779559,-0.062588,-0.0791812,0.996709,-0.0173374,0.0610305,0.0222063,0.997889
67.5942,0.994976,0.0781833,-0.0625235,-0.0793548,0.99671,-0.0164757,0.0610297,0.0213545,0.997907
67.6586,0.994949,0.0785044,-0.0625612,-0.0797021,0.996676,-0.0168816,0.061028,0.0217826,0.997898
67.7222,0.994921,0.0788258,-0.0625988,-0.0800494,0.996641,-0.0172821,0.0610263,0.0222053,0.997889
67.7864,0.994907,0.0789819,-0.0626235,-0.0802231,0.996622,-0.0175559,0.0610254,0.0224903,0.997883
67.8505,0.994879,0.0793146,-0.0626473,-0.0805704,0.99659,-0.0177767,0.0610237,0.0227332,0.997877
67.9142,0.994865,0.0794992,-0.0626359,-0.080744,0.99658,-0.0175954,0.0610228,0.0225625,0.997881
67.9783,0.994837,0.0797991,-0.0627015,-0.0810913,0.996538,-0.0183372,0.0610211,0.0233271,0.997864
68.0424,0.994798,0.0801339,-0.0628908,-0.0814377,0.996508,-0.0184457,0.061193,0.0234714,0.99785
68.1062,0.99477,0.0805056,-0.0628649,-0.081785,0.996487,-0.0180453,0.0611913,0.0230923,0.997859
68.1702,0.994756,0.0806558,-0.0628977,-0.0819586,0.996466,-0.0184112,0.0611904,0.0234697,0.99785
68.2343,0.994727,0.0809967,-0.0629113,-0.0823058,0.996435,-0.018499,0.0611886,0.0235794,0.997848
68.2981,0.994698,0.0813554,-0.062902,-0.0826531,0.99641,-0.0183064,0.0611869,0.0234084,0.997852
68.3622,0.994669,0.0816925,-0.0629205,-0.0830003,0.996379,-0.0184539,0.0611851,0.0235779,0.997848
68.426,0.994641,0.0820332,-0.0629345,-0.0833475,0.996348,-0.0185454,0.0611833,0.0236914,0.997845
68.4902,0.994626,0.0821749,-0.0629789,-0.0835211,0.996324,-0.0190441,0.0611824,0.0242018,0.997833
68.5542,0.994586,0.0825519,-0.0631131,-0.0838674,0.996306,-0.018482,0.0613542,0.023675,0.997835
68.618,0.994572,0.0827315,-0.063108,-0.084041,0.996293,-0.0183815,0.0613533,0.0235854,0.997837
68.6821,0.994542,0.0830448,-0.0631579,-0.0843881,0.996254,-0.0189029,0.0613515,0.0241295,0.997825
68.7462,0.994513,0.0834373,-0.0631038,-0.0847353,0.996238,-0.0181769,0.0613497,0.0234242,0.997841
68.8099,0.994498,0.0836363,-0.0630727,-0.0849089,0.99623,-0.0177684,0.0613488,0.0230261,0.997851
68.874,0.994469,0.0839323,-0.063146,-0.085256,0.996186,-0.0185651,0.061347,0.0238459,0.997832
68.9382,0.994454,0.0840952,-0.063163,-0.0854296,0.996168,-0.0187274,0.0613461,0.0240196,0.997828
69.002,0.994424,0.0844476,-0.0631614,-0.0857767,0.99614,-0.0186318,0.0613442,0.0239457,0.997829
69.066,0.994384,0.0848231,-0.0632963,-0.0861229,0.99612,-0.0180936,0.0615159,0.0234432,0.997831
69.1298,0.994369,0.0849586,-0.0633499,-0.0862965,0.996094,-0.0186855,0.061515,0.0240472,0.997816
69.1941,0.994338,0.0853037,-0.0633582,-0.0866436,0.996064,-0.018705,0.0615132,0.0240887,0.997816
69.2581,0.994323,0.0854793,-0.0633582,-0.0868172,0.996049,-0.0186669,0.0615122,0.0240615,0.997816
69.3218,0.994293,0.0858461,-0.0633371,-0.0871642,0.996025,-0.0183462,0.0615103,0.0237622,0.997824
69.386,0.994267,0.0859848,-0.0635541,-0.0873369,0.996001,-0.0188057,0.0616829,0.0242485,0.997801
69.4501,0.994237,0.0863104,-0.0635888,-0.0876839,0.995965,-0.0191307,0.0616811,0.0245962,0.997793
69.5138,0.994222,0.0865153,-0.063549,-0.0878575,0.995959,-0.0186335,0.0616801,0.024109,0.997805
69.5778,0.994206,0.0866727,-0.0635737,-0.088031,0.995939,-0.0188801,0.0616792,0.0243672,0.997799
69.642,0.994165,0.0870111,-0.0637581,-0.0883771,0.995907,-0.0189214,0.0618508,0.0244458,0.997786
69.7058,0.99415,0.0872002,-0.0637396,-0.0885506,0.995897,-0.0186722,0.0618498,0.0242071,0.997792
69.7699,0.994134,0.0873642,-0.0637553,-0.0887241,0.995879,-0.0188141,0.0618489,0.0243604,0.997788
69.8337,0.994093,0.0877278,-0.0639051,-0.0890702,0.995854,-0.0184628,0.0620205,0.0240457,0.997785
69.8979,0.994077,0.0878374,-0.0639956,-0.0892437,0.99582,-0.0194525,0.0620195,0.0250484,0.997761
69.9618,0.994062,0.08801,-0.0639997,-0.0894172,0.995804,-0.0194598,0.0620185,0.0250669,0.99776
70.0257,0.99403,0.0883825,-0.0639703,-0.0897642,0.995781,-0.0190511,0.0620166,0.0246796,0.99777
70.0898,0.994004,0.0885147,-0.0641969,-0.0899367,0.995755,-0.019604,0.0621891,0.0252601,0.997745
70.1537,0.993988,0.0886818,-0.0642086,-0.0901102,0.995737,-0.0196968,0.0621881,0.0253642,0.997742
70.2177,0.993973,0.0888497,-0.0642193,-0.0902837,0.99572,-0.0197785,0.0621871,0.0254572,0.99774
70.2818,0.993941,0.0891813,-0.0642464,-0.0906306,0.995684,-0.0200036,0.0621852,0.0257051,0.997734
70.3458,0.993925,0.0893661,-0.0642336,-0.0908041,0.995671,-0.0198221,0.0621842,0.0255343,0.997738
70.4096,0.99391,0.0895392,-0.064237,-0.0909776,0.995656,-0.0198214,0.0621832,0.0255448,0.997738
70.4736,0.993894,0.0897113,-0.0642419,-0.0911511,0.995639,-0.0198366,0.0621822,0.0255712,0.997737
70.5378,0.993867,0.089825,-0.0644947,-0.0913236,0.995607,-0.0206697,0.0623547,0.0264329,0.997704
70.6016,0.993835,0.0901962,-0.064467,-0.0916705,0.995583,-0.0202837,0.0623527,0.0260684,0.997714
70.6656,0.993819,0.0903934,-0.0644366,-0.091844,0.995574,-0.0199107,0.0623517,0.0257057,0.997723
70.7296,0.993787,0.0907337,-0.0644519,-0.0921909,0.99554,-0.020001,0.0623497,0.0258186,0.99772
70.7938,0.993771,0.0908808,-0.0644919,-0.0923643,0.995516,-0.0204008,0.0623487,0.0262305,0.99771
70.8577,0.993744,0.0910385,-0.0646833,-0.0925368,0.995497,-0.0205515,0.0625211,0.0264086,0.997694
70.9215,0.993712,0.0913852,-0.0646897,-0.0928837,0.995465,-0.0205426,0.0625191,0.0264221,0.997694
70.9856,0.993696,0.091592,-0.0646455,-0.0930571,0.995459,-0.0200224,0.0625181,0.0259119,0.997707
71.0497,0.99368,0.0917577,-0.0646595,-0.0932305,0.995441,-0.0201359,0.062517,0.0260369,0.997704
71.1135,0.993637,0.0921113,-0.0648219,-0.0935764,0.995413,-0.0199335,0.0626884,0.0258724,0.997698
71.1778,0.99362,0.0922758,-0.0648376,-0.0937498,0.995394,-0.0200655,0.0626874,0.026016,0.997694
71.2416,0.993588,0.0925963,-0.0648811,-0.0940966,0.995353,-0.0204573,0.0626853,0.0264312,0.997683
71.3054,0.993571,0.0928337,-0.0647926,-0.0942701,0.995356,-0.0194692,0.0626843,0.0254521,0.997709
71.3694,0.993544,0.0929738,-0.0650093,-0.0944425,0.995332,-0.0198885,0.0628567,0.0258998,0.997686
71.4334,0.993528,0.0931439,-0.0650169,-0.0946159,0.995314,-0.0199328,0.0628556,0.0259554,0.997685
71.4976,0.993495,0.093465,-0.0650597,-0.0949627,0.995274,-0.0203142,0.0628536,0.0263603,0.997675
71.5615,0.993478,0.0936477,-0.0650493,-0.0951361,0.99526,-0.0201655,0.0628525,0.0262225,0.997678
71.6253,0.993451,0.0938501,-0.0651765,-0.0953084,0.995254,-0.0196309,0.0630249,0.0257142,0.997681
71.6895,0.993434,0.0939895,-0.0652285,-0.0954818,0.995227,-0.020144,0.0630238,0.0262399,0.997667
71.7537,0.993417,0.0941705,-0.0652205,-0.0956552,0.995213,-0.0200225,0.0630228,0.0261294,0.99767
71.8174,0.993401,0.0943676,-0.065189,-0.0958286,0.995204,-0.0196534,0.0630217,0.0257707,0.997679
71.8814,0.993357,0.0946963,-0.065387,-0.0961743,0.995167,-0.0198323,0.063193,0.0259891,0.997663
71.9454,0.99334,0.0949004,-0.0653453,-0.0963477,0.995159,-0.019358,0.0631919,0.025525,0.997675
72.0094,0.993323,0.0950724,-0.0653501,-0.0965211,0.995142,-0.0193725,0.0631908,0.0255509,0.997674
72.0733,0.993306,0.095243,-0.065357,-0.0966944,0.995125,-0.019409,0.0631898,0.0255987,0.997673
72.1373,0.993289,0.0954306,-0.0653389,-0.0968678,0.995112,-0.0191856,0.0631887,0.0253861,0.997679
72.2015,0.993273,0.0955884,-0.0653646,-0.0970412,0.995091,-0.0194171,0.0631876,0.0256296,0.997673
72.2656,0.993256,0.0957897,-0.0653264,-0.0972145,0.995082,-0.0189856,0.0631865,0.0252083,0.997683
72.3292,0.993239,0.0960052,-0.0652673,-0.0973879,0.995078,-0.018338,0.0631855,0.0245702,0.997699
72.3934,0.993239,0.0959765,-0.0653094,-0.0973879,0.995069,-0.018775,0.0631855,0.0250084,0.997688
72.4575,0.993222,0.0961999,-0.0652383,-0.0975613,0.995067,-0.0180052,0.0631844,0.0242479,0.997707
72.5213,0.993205,0.0963546,-0.0652685,-0.0977346,0.995045,-0.0182837,0.0631833,0.0245384,0.9977
72.5854,0.993188,0.0965499,-0.0652386,-0.097908,0.995034,-0.0179428,0.0631822,0.0242079,0.997708
72.6494,0.993171,0.0967214,-0.065244,-0.0980813,0.995016,-0.0179657,0.0631811,0.0242422,0.997708
72.7132,0.993154,0.0969081,-0.0652267,-0.0982547,0.995003,-0.0177557,0.0631801,0.024043,0.997712
72.7772,0.993154,0.0969003,-0.0652383,-0.0982547,0.995001,-0.0178755,0.0631801,0.0241631,0.99771
72.8412,0.993126,0.0970661,-0.0654182,-0.0984269,0.994983,-0.0179023,0.0633523,0.0242182,0.997697
72.9051,0.993109,0.0972417,-0.0654174,-0.0986003,0.994967,-0.0178617,0.0633512,0.0241887,0.997698
72.9691,0.993109,0.0972617,-0.0653878,-0.0986003,0.994972,-0.0175585,0.0633512,0.0238848,0.997705
73.0331,0.993091,0.0974219,-0.0654098,-0.0987736,0.994952,-0.0177526,0.0633501,0.0240907,0.997701
73.0973,0.993091,0.0974278,-0.065401,-0.0987736,0.994953,-0.0176623,0.0633501,0.0240002,0.997703
73.1613,0.993074,0.0975911,-0.0654184,-0.0989469,0.994933,-0.017808,0.063349,0.0241576,0.997699
73.2251,0.993046,0.0977677,-0.0655823,-0.0991192,0.994919,-0.0176724,0.0635213,0.0240499,0.997691
73.2892,0.993046,0.097784,-0.065558,-0.0991192,0.994923,-0.0174252,0.0635213,0.0238021,0.997697
73.3532,0.993046,0.0977899,-0.0655492,-0.0991192,0.994925,-0.0173355,0.0635213,0.0237121,0.997699
73.417,0.993029,0.0979894,-0.0655125,-0.0992925,0.994914,-0.0169316,0.0635202,0.0233185,0.997708
73.481,0.993029,0.0979929,-0.0655072,-0.0992925,0.994915,-0.0168784,0.0635202,0.0232651,0.997709
73.5452,0.993012,0.0981742,-0.0654976,-0.0994658,0.9949,-0.0167512,0.0635191,0.0231489,0.997712
73.609,0.993012,0.0981873,-0.065478,-0.0994658,0.994903,-0.0165527,0.0635191,0.0229498,0.997717
73.673,0.993001,0.0981977,-0.065629,-0.0994647,0.994907,-0.0163178,0.0636924,0.0227313,0.997711
73.737,0.992983,0.0983698,-0.065633,-0.099638,0.99489,-0.0163294,0.0636913,0.0227543,0.99771
73.8011,0.992983,0.0983228,-0.0657034,-0.099638,0.994878,-0.0170419,0.0636913,0.0234688,0.997694
73.8652,0.992983,0.0983503,-0.0656623,-0.099638,0.994885,-0.0166262,0.0636913,0.023052,0.997703
73.9289,0.992983,0.0983535,-0.0656575,-0.099638,0.994886,-0.0165772,0.0636913,0.0230029,0.997705
73.993,0.992966,0.0985376,-0.0656436,-0.0998113,0.994871,-0.0164079,0.0636902,0.0228445,0.997708
74.0571,0.992966,0.0985346,-0.0656482,-0.0998113,0.99487,-0.0164537,0.0636902,0.0228904,0.997707
74.1209,0.992966,0.0985295,-0.0656557,-0.0998113,0.994869,-0.0165298,0.0636902,0.0229668,0.997705
74.185,0.992966,0.098539,-0.0656416,-0.0998113,0.994871,-0.0163871,0.0636902,0.0228236,0.997709
74.249,0.992966,0.0985191,-0.0656713,-0.0998113,0.994866,-0.0166875,0.0636902,0.0231249,0.997702
74.3129,0.992955,0.0985202,-0.0658361,-0.0998102,0.994868,-0.0165934,0.0638635,0.0230476,0.997692
74.3768,0.992955,0.0985495,-0.0657923,-0.0998102,0.994875,-0.0161511,0.0638635,0.022604,0.997703
74.4409,0.992955,0.0985263,-0.065827,-0.0998102,0.99487,-0.0165014,0.0638635,0.0229553,0.997695
74.5051,0.992955,0.0985497,-0.0657919,-0.0998102,0.994875,-0.0161472,0.0638635,0.0226002,0.997703
74.569,0.992972,0.0983571,-0.0658185,-0.0996369,0.994888,-0.0164448,0.0638646,0.0228872,0.997696
74.6329,0.992972,0.0983426,-0.0658402,-0.0996369,0.994884,-0.0166647,0.0638646,0.0231077,0.997691
74.697,0.992972,0.0983431,-0.0658394,-0.0996369,0.994884,-0.0166564,0.0638646,0.0230994,0.997691
74.7611,0.99299,0.0981409,-0.0658803,-0.0994636,0.994894,-0.0171,0.0638657,0.0235328,0.997681
74.8249,0.99299,0.0982322,-0.065744,-0.0994636,0.994917,-0.0157191,0.0638657,0.0221481,0.997713
74.8889,0.993007,0.0980282,-0.0657875,-0.0992903,0.994927,-0.0161888,0.0638668,0.0226077,0.997702
74.9529,0.993024,0.097832,-0.0658193,-0.099117,0.994938,-0.016541,0.0638679,0.0229494,0.997694
75.0168,0.993041,0.0976855,-0.0657772,-0.0989437,0.994962,-0.0161419,0.063869,0.0225378,0.997704
75.0807,0.993058,0.0975054,-0.065785,-0.0987703,0.994978,-0.0162504,0.0638701,0.0226352,0.997701
75.1448,0.993093,0.0971116,-0.06585,-0.0984237,0.995,-0.0169744,0.0638723,0.0233384,0.997685
75.2086,0.99311,0.0969309,-0.0658584,-0.0982503,0.995015,-0.0170915,0.0638734,0.0234443,0.997683
75.2726,0.993155,0.0965462,-0.0657431,-0.0979047,0.995037,-0.0177587,0.0637023,0.0240737,0.997679
75.3367,0.993189,0.0962441,-0.0656726,-0.097558,0.995083,-0.0170945,0.0637045,0.0233849,0.997695
75.4009,0.993206,0.0960464,-0.0657059,-0.0973847,0.995093,-0.0174708,0.0637055,0.0237508,0.997686
75.4649,0.993256,0.0955272,-0.0656972,-0.0968646,0.995144,-0.0174755,0.0637088,0.0237214,0.997687
75.5286,0.993301,0.0951963,-0.0655026,-0.0965189,0.99518,-0.0173259,0.0635376,0.023532,0.997702
75.5929,0.993335,0.0947946,-0.0655771,-0.0961722,0.995199,-0.0181717,0.0635397,0.0243573,0.997682
75.6569,0.993368,0.0944535,-0.0655638,-0.0958254,0.995234,-0.0180983,0.0635419,0.024261,0.997684
75.7206,0.993429,0.0939248,-0.0654018,-0.0953063,0.995279,-0.0183274,0.0633717,0.0244401,0.997691
75.7847,0.993478,0.0933841,-0.0654231,-0.0947861,0.995323,-0.0186572,0.0633748,0.0247368,0.997683
75.8487,0.993511,0.0930134,-0.0654518,-0.0944393,0.995349,-0.0190342,0.0633769,0.0250919,0.997674
75.9126,0.993571,0.0924988,-0.065269,-0.0939201,0.995397,-0.0190481,0.0632066,0.0250557,0.997686
75.9766,0.99362,0.0919816,-0.0652564,-0.0933999,0.995447,-0.019021,0.0632097,0.0249946,0.997687
76.0405,0.993663,0.091591,-0.0651458,-0.093054,0.995465,-0.0197829,0.0630384,0.0257196,0.99768
76.1047,0.993712,0.0910249,-0.065201,-0.0925337,0.995498,-0.0205008,0.0630414,0.0264052,0.997662
76.1687,0.993776,0.090344,-0.0651711,-0.0918399,0.995566,-0.0203299,0.0630455,0.0261887,0.997667
76.2325,0.993835,0.0898411,-0.0649715,-0.0913206,0.995617,-0.020165,0.0628751,0.0259739,0.997683
76.2966,0.993882,0.089298,-0.0649937,-0.0908002,0.995657,-0.0205314,0.0628781,0.0263073,0.997674
76.3606,0.993945,0.0885939,-0.0649954,-0.0901063,0.995717,-0.0207123,0.0628821,0.0264434,0.997671
76.4244,0.994018,0.0879006,-0.0648157,-0.0894133,0.995777,-0.0208132,0.0627125,0.0264841,0.99768
76.4885,0.994065,0.0873378,-0.0648634,-0.0888928,0.99581,-0.0214819,0.0627154,0.0271203,0.997663
76.5525,0.994126,0.0866028,-0.0649052,-0.0881988,0.995857,-0.0221352,0.0627193,0.0277298,0.997646
76.6164,0.994172,0.0860955,-0.0648777,-0.0876782,0.995907,-0.021951,0.0627222,0.0275115,0.997652
76.6803,0.994218,0.0855496,-0.0649012,-0.0871576,0.995944,-0.0223593,0.0627251,0.0278867,0.997641
76.7446,0.994289,0.084849,-0.0647296,-0.0864645,0.995999,-0.0225723,0.0625554,0.0280402,0.997648
76.8083,0.994349,0.0841387,-0.0647369,-0.0857703,0.996053,-0.0228464,0.0625591,0.0282698,0.997641
76.8723,0.994408,0.0834584,-0.064705,-0.085076,0.996117,-0.0226561,0.0625629,0.0280343,0.997647
76.9363,0.994453,0.0829312,-0.0647031,-0.0845553,0.996158,-0.0227761,0.0625657,0.0281207,0.997645
77.0006,0.994511,0.0821514,-0.0647977,-0.083861,0.996186,-0.0241161,0.0625693,0.0294177,0.997607
77.0645,0.994594,0.0812918,-0.0646022,-0.082994,0.996258,-0.024113,0.0624003,0.0293442,0.99762
77.1284,0.994638,0.0807412,-0.0646284,-0.0824732,0.99629,-0.0245926,0.062403,0.0297909,0.997606
77.1923,0.994695,0.0800314,-0.0646323,-0.0817788,0.996341,-0.0248551,0.0624066,0.0300087,0.9976
77.2565,0.994751,0.0793514,-0.0645992,-0.0810843,0.996402,-0.0246576,0.0624101,0.0297662,0.997607
77.3203,0.994794,0.0787971,-0.0646286,-0.0805635,0.996431,-0.0251926,0.0624128,0.0302681,0.997591
77.3842,0.994863,0.0779323,-0.064605,-0.0796953,0.996501,-0.0251726,0.0624172,0.030192,0.997593
77.4483,0.994918,0.077223,-0.0646069,-0.0790007,0.99655,-0.0254248,0.0624206,0.0303996,0.997587
77.5123,0.99497,0.0766911,-0.0644413,-0.0784806,0.996584,-0.0257093,0.0622495,0.0306374,0.99759
77.5762,0.995025,0.0759838,-0.0644402,-0.0777859,0.996633,-0.0259306,0.0622529,0.0308141,0.997585
77.6403,0.995065,0.0754806,-0.0644072,-0.0772649,0.99668,-0.0256745,0.0622555,0.0305242,0.997593
77.7043,0.995119,0.074744,-0.0644398,-0.0765702,0.996716,-0.0263483,0.0622588,0.0311538,0.997574
77.7684,0.995185,0.0738514,-0.0644468,-0.0757017,0.996772,-0.0267539,0.062263,0.0315038,0.997562
77.8322,0.995224,0.0733472,-0.0644151,-0.0751806,0.996817,-0.0265128,0.0622654,0.0312289,0.997571
77.8963,0.995276,0.0726273,-0.0644267,-0.0744858,0.996858,-0.0269275,0.0622687,0.0315992,0.997559
77.9604,0.995315,0.072082,-0.064441,-0.0739647,0.996887,-0.02732,0.0622711,0.0319583,0.997547
78.0241,0.995379,0.0712413,-0.0643887,-0.073096,0.996961,-0.0269214,0.0622751,0.0315035,0.997562
78.0881,0.995417,0.0706835,-0.0644161,-0.0725748,0.996984,-0.0275073,0.0622775,0.0320562,0.997544
78.1523,0.995467,0.0699261,-0.0644665,-0.0718799,0.997006,-0.0284998,0.0622806,0.0330044,0.997513
78.216,0.995504,0.0695132,-0.0643361,-0.0713586,0.997089,-0.0268425,0.062283,0.0313127,0.997567
78.2801,0.995541,0.0689348,-0.0643846,-0.0708374,0.997102,-0.027747,0.0622853,0.0321841,0.997539
78.3441,0.99559,0.068236,-0.064371,-0.0701423,0.997149,-0.0278319,0.0622883,0.0322243,0.997538
78.4083,0.995616,0.0676685,-0.0645737,-0.0696203,0.997167,-0.0284675,0.0624644,0.0328383,0.997507
78.4722,0.995652,0.0671327,-0.0645751,-0.0690989,0.997197,-0.0287102,0.0624667,0.0330475,0.9975
78.536,0.995688,0.0665763,-0.0645976,-0.0685776,0.997216,-0.0292723,0.0624689,0.033576,0.997482
78.6001,0.995724,0.0659977,-0.0646421,-0.0680562,0.997225,-0.0301758,0.0624712,0.0344461,0.997452
78.6641,0.995759,0.0654614,-0.0646428,-0.0675349,0.997253,-0.0304274,0.0624734,0.034664,0.997444
78.7279,0.995782,0.0651551,-0.0645914,-0.0671873,0.997295,-0.0298036,0.0624748,0.0340176,0.997467
78.792,0.995817,0.0646104,-0.0646004,-0.0666658,0.997319,-0.0301836,0.062477,0.034364,0.997455
78.8561,0.99583,0.0642649,-0.064756,-0.0663175,0.997346,-0.0300607,0.0626523,0.0342298,0.997448
78.9199,0.995853,0.0639391,-0.0647249,-0.0659699,0.997378,-0.0297385,0.0626537,0.0338851,0.99746
78.9842,0.995876,0.0635821,-0.0647246,-0.0656223,0.997397,-0.0298969,0.0626552,0.0340209,0.997455
79.0479,0.995898,0.0632175,-0.0647316,-0.0652746,0.997411,-0.0301715,0.0626566,0.0342731,0.997446
79.1119,0.99591,0.0630793,-0.064692,-0.0651008,0.997439,-0.0296286,0.0626573,0.033719,0.997465
79.1759,0.995921,0.0629515,-0.0646424,-0.064927,0.997471,-0.0289254,0.062658,0.0330045,0.997489
79.2399,0.995943,0.0625887,-0.0646479,-0.0645793,0.997486,-0.0291734,0.0626594,0.03323,0.997482
79.3041,0.995943,0.0625617,-0.064674,-0.0645793,0.997474,-0.0295902,0.0626594,0.0336468,0.997468
79.3681,0.995955,0.0624004,-0.0646572,-0.0644055,0.997491,-0.029403,0.0626602,0.0334483,0.997474
79.4318,0.995966,0.0622106,-0.0646679,-0.0642317,0.997494,-0.0296573,0.0626609,0.0336914,0.997466
79.4959,0.995966,0.0621688,-0.064708,-0.0642317,0.997475,-0.0303011,0.0626609,0.0343352,0.997444
79.5601,0.995977,0.0619869,-0.0647109,-0.0640578,0.997482,-0.030433,0.0626616,0.0344558,0.99744
79.6239,0.995977,0.0619911,-0.0647069,-0.0640578,0.997484,-0.0303681,0.0626616,0.0343909,0.997442
79.6879,0.995977,0.0619938,-0.0647043,-0.0640578,0.997485,-0.0303257,0.0626616,0.0343485,0.997444
79.7517,0.995966,0.061976,-0.0648889,-0.0640571,0.99748,-0.030496,0.0628354,0.0345296,0.997426
79.816,0.995966,0.0619788,-0.0648863,-0.0640571,0.997481,-0.0304534,0.0628354,0.034487,0.997428
79.8798,0.995966,0.061993,-0.0648727,-0.0640571,0.997488,-0.0302356,0.0628354,0.0342692,0.997435
79.9438,0.995966,0.0619567,-0.0649074,-0.0640571,0.997471,-0.0307932,0.0628354,0.0348267,0.997416
80.0078,0.995944,0.0621396,-0.0650713,-0.0642303,0.997468,-0.0305435,0.0630085,0.0345992,0.997413
80.0717,0.995944,0.0621383,-0.0650725,-0.0642303,0.997467,-0.0305632,0.0630085,0.0346189,0.997412
80.1357,0.995944,0.0621334,-0.0650771,-0.0642303,0.997465,-0.0306378,0.0630085,0.0346934,0.99741
80.1997,0.995922,0.0623085,-0.0652484,-0.0644034,0.997457,-0.0305082,0.0631816,0.034586,0.997403
80.2637,0.995911,0.0624829,-0.0652528,-0.0645772,0.997447,-0.0304928,0.0631809,0.034582,0.997403
80.3277,0.995888,0.0626418,-0.0654396,-0.0647503,0.997432,-0.030611,0.063354,0.0347223,0.997387
80.3917,0.995877,0.0628107,-0.0654492,-0.0649241,0.997419,-0.0306788,0.0633533,0.0348016,0.997384
80.4557,0.995877,0.0627705,-0.0654878,-0.0649241,0.997399,-0.0312914,0.0633533,0.0354141,0.997363
80.5197,0.995855,0.0629441,-0.0656604,-0.0650972,0.997392,-0.031182,0.0635264,0.035327,0.997355
80.5836,0.995832,0.0632762,-0.0656854,-0.0654448,0.997362,-0.0314037,0.063525,0.0355716,0.997346
80.6476,0.99581,0.0634367,-0.0658706,-0.0656179,0.997348,-0.031494,0.063698,0.0356843,0.997331
80.7116,0.995798,0.0636066,-0.0658794,-0.0657917,0.997335,-0.031546,0.0636973,0.0357477,0.997329
80.7755,0.995776,0.063765,-0.0660667,-0.0659648,0.997319,-0.0316666,0.0638704,0.0358909,0.997313
80.8396,0.995764,0.0639457,-0.0660651,-0.0661386,0.997311,-0.0315547,0.0638696,0.0357905,0.997316
80.9037,0.99573,0.0642721,-0.066263,-0.0664854,0.997282,-0.0317541,0.064042,0.036024,0.997297
80.9677,0.995718,0.0644217,-0.0662916,-0.0666592,0.997259,-0.0321115,0.0640412,0.036393,0.997283
81.0315,0.995696,0.0646243,-0.0664359,-0.0668323,0.997265,-0.0315657,0.0642142,0.0358699,0.997291
81.0955,0.995672,0.064939,-0.0664781,-0.0671798,0.997226,-0.0320443,0.0642127,0.0363716,0.997273
81.1595,0.99565,0.0651161,-0.066647,-0.0673529,0.99722,-0.0318807,0.0643858,0.0362308,0.997267
81.2235,0.995615,0.0654285,-0.0668587,-0.0676996,0.997183,-0.0322852,0.064558,0.0366699,0.99724
81.2876,0.995591,0.0657782,-0.0668669,-0.0680472,0.997161,-0.0322385,0.0645565,0.0366465,0.997241
81.3516,0.995568,0.0659578,-0.0670333,-0.0682202,0.997156,-0.0320382,0.0647295,0.0364693,0.997236
81.4157,0.995544,0.0663027,-0.0670462,-0.0685677,0.997131,-0.0320633,0.0647279,0.0365177,0.997235
81.4796,0.995509,0.0666426,-0.0672308,-0.0689144,0.997107,-0.0320549,0.0649001,0.0365441,0.997222
81.5434,0.995485,0.0669786,-0.0672525,-0.0692619,0.997078,-0.0322111,0.0648986,0.0367237,0.997216
81.6074,0.99545,0.0673055,-0.0674503,-0.0696086,0.997048,-0.0323958,0.0650707,0.0369435,0.997197
81.6714,0.995438,0.0674775,-0.0674572,-0.0697824,0.997035,-0.032414,0.06507,0.0369735,0.997195
81.7355,0.995402,0.0678023,-0.0676569,-0.0701291,0.997004,-0.0326265,0.0652421,0.0372212,0.997175
81.7995,0.99539,0.0679739,-0.0676643,-0.0703028,0.996991,-0.0326506,0.0652413,0.0372571,0.997174
81.8633,0.995354,0.0683059,-0.0678569,-0.0706494,0.996963,-0.0327556,0.0654134,0.0373974,0.997157
81.9275,0.995329,0.0686625,-0.0678581,-0.0709969,0.996943,-0.0326073,0.0654118,0.0372727,0.997162
81.9916,0.995306,0.0688173,-0.068049,-0.0711698,0.996926,-0.0327699,0.0655847,0.0374591,0.997144
82.0554,0.995293,0.0690285,-0.0680162,-0.0713435,0.996931,-0.0322134,0.0655839,0.0369143,0.997164
82.1193,0.995268,0.069371,-0.0680315,-0.0716909,0.996905,-0.0322706,0.0655823,0.0369952,0.997161
82.1834,0.995245,0.0695161,-0.0682324,-0.0718638,0.996882,-0.0325763,0.0657551,0.0373249,0.997137
82.2474,0.995232,0.0696914,-0.068236,-0.0720375,0.996871,-0.0325451,0.0657543,0.0373055,0.997138
82.3116,0.99522,0.0698255,-0.0682817,-0.0722112,0.996839,-0.0331166,0.0657535,0.037889,0.997116
82.3753,0.995207,0.0700167,-0.068269,-0.0723849,0.996836,-0.0328533,0.0657527,0.0376374,0.997126
82.4395,0.995194,0.0702022,-0.0682621,-0.0725586,0.996829,-0.0326744,0.0657518,0.0374704,0.997132
82.5035,0.995182,0.0703595,-0.0682842,-0.0727323,0.996809,-0.0329057,0.065751,0.0377136,0.997123
82.5673,0.995182,0.0703851,-0.0682578,-0.0727323,0.996821,-0.0325325,0.065751,0.0373403,0.997137
82.6313,0.995158,0.0705373,-0.0684515,-0.0729052,0.996802,-0.032731,0.0659239,0.037563,0.997117
82.6953,0.995158,0.0705333,-0.0684557,-0.0729052,0.9968,-0.0327892,0.0659239,0.0376212,0.997115
82.7595,0.995145,0.0706768,-0.0684921,-0.0730789,0.996773,-0.0332218,0.065923,0.0380658,0.997098
82.8235,0.995145,0.0706856,-0.0684829,-0.0730789,0.996777,-0.0330927,0.065923,0.0379367,0.997103
82.8873,0.995145,0.0706837,-0.0684849,-0.0730789,0.996776,-0.0331204,0.065923,0.0379644,0.997102
82.9514,0.995145,0.0706884,-0.0684801,-0.0730789,0.996778,-0.0330529,0.065923,0.0378969,0.997105
83.0154,0.995158,0.0705164,-0.0684731,-0.0729052,0.996792,-0.0330353,0.0659239,0.0378674,0.997106
83.0792,0.995158,0.0705516,-0.0684368,-0.0729052,0.996808,-0.0325227,0.0659239,0.0373547,0.997125
83.1432,0.995158,0.070543,-0.0684457,-0.0729052,0.996804,-0.0326484,0.0659239,0.0374803,0.99712
83.2071,0.99517,0.0703539,-0.0684563,-0.0727315,0.996809,-0.0328789,0.0659247,0.037699,0.997112
83.2711,0.995172,0.0701753,-0.0686225,-0.072557,0.996823,-0.03285,0.0660992,0.0376705,0.997102
83.3351,0.995172,0.0701887,-0.0686088,-0.072557,0.99683,-0.0326559,0.0660992,0.0374763,0.997109
83.3991,0.995184,0.0699943,-0.0686248,-0.0723833,0.996832,-0.0329642,0.0661001,0.0377727,0.997098
83.4634,0.995197,0.0698161,-0.0686241,-0.0722096,0.996842,-0.0330363,0.0661009,0.037833,0.997095
83.5272,0.995209,0.0696107,-0.0686509,-0.0720359,0.996839,-0.0335038,0.0661017,0.0382886,0.997078
83.5911,0.995222,0.0694704,-0.0686119,-0.0718622,0.996868,-0.033027,0.0661026,0.0377997,0.997097
83.655,0.995234,0.069295,-0.0686083,-0.0716885,0.996879,-0.0330582,0.0661034,0.0378191,0.997096
83.719,0.995258,0.0691284,-0.0684293,-0.0715156,0.996891,-0.0330696,0.0659305,0.0378066,0.997108
83.783,0.995271,0.0689569,-0.0684219,-0.0713419,0.996904,-0.0330459,0.0659313,0.0377709,0.997109
83.847,0.995283,0.0687802,-0.0684196,-0.0711682,0.996915,-0.0330965,0.0659321,0.0378097,0.997108
83.911,0.995295,0.0685864,-0.0684345,-0.0709945,0.996917,-0.0333969,0.065933,0.0380983,0.997096
83.9752,0.995308,0.0683982,-0.0684436,-0.0708207,0.996922,-0.0336148,0.0659338,0.0383043,0.997089
84.0392,0.995332,0.0680175,-0.0684659,-0.0704733,0.99693,-0.0341136,0.0659354,0.0387794,0.99707
84.1031,0.995356,0.0678959,-0.0682422,-0.0703004,0.996964,-0.0334704,0.0657625,0.0381124,0.997107
84.1673,0.99538,0.067576,-0.0682042,-0.0699529,0.997002,-0.0330821,0.0657641,0.0377004,0.997123
84.2312,0.995392,0.0673391,-0.0682613,-0.0697792,0.996982,-0.034013,0.0657649,0.0386195,0.997088
84.2949,0.995404,0.0672122,-0.0682097,-0.0696055,0.997017,-0.0333355,0.0657657,0.0379301,0.997114
84.3589,0.99544,0.066834,-0.0680626,-0.0692588,0.997022,-0.0339101,0.0655936,0.0384694,0.997105
84.4228,0.995452,0.0666389,-0.0680781,-0.069085,0.997023,-0.0342302,0.0655943,0.0387777,0.997093
84.4871,0.995487,0.0662436,-0.067947,-0.0687383,0.997019,-0.0350568,0.0654222,0.0395692,0.997073
84.5511,0.995499,0.0660366,-0.0679738,-0.0685646,0.997013,-0.0355533,0.065423,0.0400539,0.997053
84.615,0.995522,0.0658907,-0.0677746,-0.0683916,0.997035,-0.035265,0.06525,0.0397423,0.997077
84.6791,0.995534,0.0656642,-0.06782,-0.0682179,0.997019,-0.0360483,0.0652508,0.0405139,0.997046
84.7432,0.995569,0.0652908,-0.067667,-0.0678711,0.997024,-0.0365605,0.0650786,0.0409912,0.997038
84.8069,0.995581,0.0651359,-0.0676429,-0.0676973,0.997046,-0.0362895,0.0650793,0.0407084,0.997049
84.8709,0.995593,0.0649472,-0.0676514,-0.0675236,0.997049,-0.0365165,0.0650801,0.0409237,0.997041
84.9347,0.995616,0.0647696,-0.0674828,-0.0673506,0.997054,-0.0366975,0.0649071,0.0410816,0.997045
84.9989,0.995628,0.0645663,-0.0675052,-0.0671768,0.99705,-0.0371422,0.0649079,0.0415146,0.997027
85.063,0.99565,0.0643653,-0.0673589,-0.0670038,0.997041,-0.0376714,0.0647348,0.0420209,0.997017
85.1267,0.995662,0.0642257,-0.0673201,-0.06683,0.997072,-0.0371722,0.0647356,0.0415099,0.997039
85.191,0.995674,0.0639939,-0.0673693,-0.0666562,0.997051,-0.038039,0.0647363,0.042365,0.997003
85.255,0.995685,0.0638142,-0.0673688,-0.0664824,0.997059,-0.0381351,0.0647371,0.0424494,0.996999
85.3188,0.995708,0.0636491,-0.0671881,-0.0663094,0.99707,-0.0381343,0.0645641,0.0424258,0.997011
85.3828,0.99572,0.0634504,-0.0672055,-0.0661356,0.997067,-0.038512,0.0645648,0.0427919,0.996996
85.4467,0.995731,0.0632978,-0.0671793,-0.0659618,0.99709,-0.0382047,0.0645656,0.0424729,0.997009
85.5107,0.995754,0.0630948,-0.0670344,-0.0657888,0.99708,-0.0387691,0.0643925,0.0430146,0.996997
85.5747,0.995754,0.0631055,-0.0670243,-0.0657888,0.997086,-0.0386095,0.0643925,0.042855,0.997004
85.6387,0.995765,0.0629215,-0.0670276,-0.065615,0.997092,-0.0387692,0.0643932,0.043003,0.996998
85.7029,0.995788,0.0627266,-0.0668749,-0.0654419,0.997086,-0.039215,0.0642202,0.0434262,0.99699
85.7668,0.995788,0.0627227,-0.0668785,-0.0654419,0.997083,-0.0392722,0.0642202,0.0434834,0.996988
85.8307,0.995799,0.0625328,-0.0668872,-0.0652681,0.997085,-0.0395205,0.0642209,0.0437201,0.996978
85.8948,0.995799,0.0625182,-0.0669009,-0.0652681,0.997076,-0.0397379,0.0642209,0.0439374,0.996968
85.9589,0.995799,0.0625093,-0.0669092,-0.0652681,0.997071,-0.0398704,0.0642209,0.04407,0.996962
86.0226,0.995799,0.0625552,-0.0668662,-0.0652681,0.997098,-0.039186,0.0642209,0.0433856,0.996992
86.0868,0.99581,0.0625611,-0.0666946,-0.0652688,0.997097,-0.0392226,0.0640471,0.0434113,0.997002
86.1508,0.99581,0.0625323,-0.0667215,-0.0652688,0.99708,-0.0396526,0.0640471,0.0438413,0.996983
86.2146,0.99581,0.0625463,-0.0667084,-0.0652688,0.997088,-0.0394436,0.0640471,0.0436323,0.996993
86.2785,0.99581,0.0625286,-0.066725,-0.0652688,0.997077,-0.0397083,0.0640471,0.043897,0.996981
86.3425,0.99581,0.0625231,-0.0667301,-0.0652688,0.997074,-0.0397899,0.0640471,0.0439786,0.996977
86.4065,0.995799,0.0626938,-0.0667395,-0.0654427,0.997061,-0.0398284,0.0640464,0.0440287,0.996975
86.4705,0.995799,0.0626799,-0.0667526,-0.0654427,0.997053,-0.0400367,0.0640464,0.044237,0.996966
86.5345,0.995799,0.0627013,-0.0667325,-0.0654427,0.997066,-0.0397169,0.0640464,0.0439172,0.99698
86.5986,0.995799,0.0626618,-0.0667696,-0.0654427,0.997042,-0.0403074,0.0640464,0.0445077,0.996954
86.6627,0.995787,0.0628455,-0.0667668,-0.0656165,0.997037,-0.0401505,0.0640456,0.0443623,0.99696
86.7264,0.995787,0.0628631,-0.0667503,-0.0656165,0.997047,-0.0398888,0.0640456,0.0441007,0.996972
86.7905,0.995787,0.0630166,-0.0666099,-0.065791,0.997019,-0.0403103,0.0638711,0.0445229,0.996964
86.8547,0.995787,0.0630232,-0.0666036,-0.065791,0.997023,-0.0402113,0.0638711,0.0444239,0.996969
86.9184,0.995776,0.0632372,-0.066572,-0.0659648,0.997036,-0.0396013,0.0638704,0.0438254,0.996995
86.9824,0.995787,0.0632237,-0.0664189,-0.0659655,0.997023,-0.0399305,0.0636966,0.0441437,0.996993
87.0465,0.995775,0.0634296,-0.0663947,-0.0661393,0.997031,-0.0394404,0.0636958,0.0436651,0.997014
87.1105,0.995786,0.0634223,-0.0662357,-0.0661401,0.997021,-0.0396759,0.063522,0.0438896,0.997015
87.1745,0.995775,0.0636251,-0.0662142,-0.0663139,0.997027,-0.0392311,0.0635213,0.0434563,0.997034
87.2383,0.995775,0.0636487,-0.0661916,-0.0663139,0.997041,-0.0388768,0.0635213,0.0431019,0.997049
87.3027,0.995774,0.0638036,-0.0660501,-0.0664884,0.997014,-0.0392785,0.0633468,0.0435041,0.997043
87.3666,0.995774,0.0638069,-0.0660469,-0.0664884,0.997016,-0.0392285,0.0633468,0.0434541,0.997045
87.4303,0.995763,0.0639692,-0.0660644,-0.0666622,0.996998,-0.0393948,0.063346,0.0436319,0.997037
87.4943,0.995774,0.0639787,-0.0658894,-0.0666629,0.996998,-0.0393778,0.0631722,0.0436038,0.99705
87.5586,0.995762,0.0641248,-0.0659227,-0.0668367,0.99697,-0.0397887,0.0631715,0.0440261,0.997031
87.6223,0.995762,0.0641331,-0.0659145,-0.0668367,0.996975,-0.0396623,0.0631715,0.0438998,0.997037
87.6863,0.99575,0.0642728,-0.0659543,-0.0670105,0.996943,-0.0401708,0.0631708,0.0444197,0.997014
87.7503,0.995739,0.0644608,-0.0659468,-0.0671843,0.996941,-0.0399474,0.06317,0.0442078,0.997023
87.8143,0.995739,0.0644539,-0.0659536,-0.0671843,0.996936,-0.0400524,0.06317,0.0443128,0.997019
87.8781,0.995738,0.0645911,-0.0658303,-0.0673588,0.996897,-0.0407268,0.0629955,0.0449875,0.996999
87.9422,0.995726,0.0647881,-0.0658141,-0.0675326,0.9969,-0.0403674,0.0629948,0.0446395,0.997015
88.0064,0.995726,0.0647517,-0.0658499,-0.0675326,0.996878,-0.0409188,0.0629948,0.0451909,0.99699
88.0703,0.995715,0.0649375,-0.0658447,-0.0677064,0.996874,-0.0407283,0.062994,0.0450119,0.996998
88.1342,0.995703,0.0650992,-0.0658632,-0.0678802,0.996855,-0.0409039,0.0629933,0.0451989,0.99699
88.1983,0.995703,0.0650454,-0.0659164,-0.0678802,0.996821,-0.041718,0.0629933,0.0460132,0.996953
88.2623,0.995691,0.0652233,-0.0659191,-0.068054,0.996812,-0.0416478,0.0629925,0.0459544,0.996955
88.3262,0.99569,0.0653903,-0.0657673,-0.0682285,0.996791,-0.0418749,0.062818,0.0461816,0.996956
88.3903,0.99569,0.0653999,-0.0657577,-0.0682285,0.996797,-0.0417296,0.062818,0.0460363,0.996963
88.4543,0.995678,0.0655446,-0.0657935,-0.0684023,0.996767,-0.0421622,0.0628172,0.0464804,0.996942
88.5181,0.995666,0.0656953,-0.0658234,-0.0685761,0.99674,-0.0425037,0.0628165,0.0468335,0.996926
88.5821,0.995665,0.0658815,-0.0656528,-0.0687506,0.996731,-0.042443,0.0626419,0.0467727,0.996939
88.6461,0.995653,0.0660218,-0.0656934,-0.0689244,0.996697,-0.0429436,0.0626412,0.0472849,0.996915
88.7103,0.995653,0.0660069,-0.0657083,-0.0689244,0.996687,-0.0431685,0.0626412,0.0475098,0.996905
88.7742,0.995652,0.066162,-0.0655693,-0.0690989,0.996657,-0.043582,0.0624667,0.0479233,0.996896
88.8381,0.99564,0.0663424,-0.0655697,-0.0692727,0.99665,-0.0434728,0.0624659,0.0478255,0.996901
88.9023,0.99564,0.0663141,-0.0655983,-0.0692727,0.996631,-0.043903,0.0624659,0.0482557,0.99688
88.9663,0.995628,0.0664726,-0.065621,-0.0694465,0.996609,-0.0441278,0.0624652,0.048492,0.996868
89.0301,0.995639,0.0664875,-0.0654411,-0.0694472,0.996613,-0.0440401,0.0622914,0.0483928,0.996884
89.0941,0.995627,0.0666545,-0.0654552,-0.069621,0.996597,-0.0441352,0.0622906,0.0484993,0.996879
89.1582,0.995627,0.0666509,-0.0654589,-0.069621,0.996594,-0.0441903,0.0622906,0.0485544,0.996876
89.2219,0.995626,0.0668191,-0.0653072,-0.0697955,0.996572,-0.0444077,0.0621161,0.0487716,0.996877
89.2859,0.995626,0.0668108,-0.0653157,-0.0697955,0.996567,-0.0445338,0.0621161,0.0488978,0.99687
89.3499,0.995624,0.0669943,-0.0651485,-0.0699701,0.996555,-0.0445194,0.0619416,0.0488831,0.996882
89.4142,0.995635,0.0669671,-0.0650122,-0.0699708,0.99653,-0.0450793,0.0617678,0.0494315,0.996866
89.478,0.995635,0.0669685,-0.0650107,-0.0699708,0.996531,-0.0450568,0.0617678,0.0494089,0.996867
89.5419,0.995633,0.0671386,-0.0648576,-0.0701454,0.99651,-0.0452497,0.0615933,0.0496016,0.996868
89.6061,0.995644,0.067125,-0.0647075,-0.0701461,0.996494,-0.0456033,0.0614195,0.0499436,0.996862
89.6702,0.995644,0.0671203,-0.0647124,-0.0701461,0.99649,-0.0456756,0.0614195,0.050016,0.996858
89.7338,0.995643,0.0673106,-0.0645385,-0.0703206,0.996483,-0.0455593,0.061245,0.0498992,0.996875
89.7979,0.995653,0.0673168,-0.064368,-0.0703214,0.996481,-0.0456098,0.0610712,0.049938,0.996883
89.8621,0.995653,0.0672876,-0.0643985,-0.0703214,0.99646,-0.0460615,0.0610712,0.0503898,0.996861
89.9259,0.995664,0.0673098,-0.0642113,-0.0703221,0.996469,-0.0458652,0.0608974,0.0501818,0.996882
89.9899,0.995674,0.0673458,-0.0640095,-0.0703229,0.996488,-0.0454526,0.0607236,0.0497574,0.996914
90.0537,0.995674,0.0673546,-0.0640002,-0.0703229,0.996494,-0.0453157,0.0607236,0.0496203,0.99692
90.118,0.995685,0.0673235,-0.063869,-0.0703236,0.996465,-0.0459482,0.0605498,0.0502414,0.9969
90.182,0.995685,0.0673139,-0.0638791,-0.0703236,0.996459,-0.0460972,0.0605498,0.0503905,0.996892
90.2458,0.995685,0.0673213,-0.0638713,-0.0703236,0.996464,-0.0459821,0.0605498,0.0502754,0.996898
90.31,0.995695,0.0673252,-0.0637032,-0.0703244,0.99646,-0.0460691,0.0603761,0.0503507,0.996905
90.374,0.995695,0.0672848,-0.0637459,-0.0703244,0.99643,-0.0467021,0.0603761,0.050984,0.996873
90.4378,0.995706,0.0672867,-0.0635801,-0.0703251,0.996425,-0.0468219,0.0602023,0.0510921,0.996878
90.5019,0.995718,0.0671065,-0.0635793,-0.0701513,0.996432,-0.0469321,0.060203,0.0511913,0.996873
90.566,0.995728,0.0670797,-0.063444,-0.070152,0.996405,-0.047505,0.0600292,0.0517528,0.996854
90.6298,0.995728,0.0670794,-0.0634442,-0.070152,0.996404,-0.0475087,0.0600292,0.0517565,0.996854
90.6937,0.995739,0.0670786,-0.0632815,-0.0701528,0.996396,-0.047676,0.0598554,0.0519122,0.996856
90.7577,0.995739,0.0670781,-0.063282,-0.0701528,0.996396,-0.0476838,0.0598554,0.05192,0.996856
90.8217,0.995739,0.0670847,-0.063275,-0.0701528,0.996401,-0.0475797,0.0598554,0.0518159,0.996861
90.8857,0.995749,0.0670495,-0.0631488,-0.0701535,0.996367,-0.048289,0.0596816,0.0525138,0.996835
90.9496,0.995749,0.0670397,-0.0631592,-0.0701535,0.996359,-0.0484436,0.0596816,0.0526685,0.996827
91.0139,0.99576,0.0670124,-0.0630249,-0.0701542,0.99633,-0.0490326,0.0595078,0.0532461,0.996807
91.0778,0.99576,0.0670085,-0.063029,-0.0701542,0.996327,-0.0490938,0.0595078,0.0533074,0.996803
91.1416,0.995772,0.0668603,-0.0629939,-0.0699804,0.996359,-0.0486978,0.0595086,0.0529002,0.996825
91.2057,0.995782,0.0668162,-0.0628775,-0.0699812,0.996317,-0.0495558,0.0593348,0.053747,0.99679
91.2698,0.995782,0.0668077,-0.0628865,-0.0699812,0.99631,-0.04969,0.0593348,0.0538813,0.996783
91.3336,0.995782,0.0668252,-0.0628678,-0.0699812,0.996324,-0.0494118,0.0593348,0.053603,0.996798
91.3977,0.995792,0.0668258,-0.0627041,-0.0699819,0.996316,-0.0495637,0.059161,0.0537433,0.996801
91.4618,0.995792,0.066809,-0.062722,-0.0699819,0.996303,-0.0498301,0.059161,0.0540098,0.996786
91.5255,0.995805,0.066655,-0.0626928,-0.0698081,0.99633,-0.0495242,0.0591617,0.0536929,0.996803
91.5895,0.995815,0.0666602,-0.062524,-0.0698088,0.996326,-0.0496018,0.0589879,0.0537589,0.99681
91.6535,0.995815,0.0666643,-0.0625197,-0.0698088,0.99633,-0.0495373,0.0589879,0.0536944,0.996814
91.7177,0.995815,0.0666414,-0.0625441,-0.0698088,0.996311,-0.0499012,0.0589879,0.0540584,0.996794
91.7818,0.995825,0.0666699,-0.0623506,-0.0698095,0.996326,-0.0496091,0.0588141,0.0537546,0.996821
91.8456,0.995825,0.0666797,-0.0623401,-0.0698095,0.996334,-0.0494518,0.0588141,0.0535973,0.996829
91.9096,0.995825,0.0666566,-0.0623648,-0.0698095,0.996315,-0.0498217,0.0588141,0.0539673,0.996809
91.9737,0.995835,0.0666954,-0.0621601,-0.0698102,0.996338,-0.0493623,0.0586403,0.0534961,0.996845
92.0374,0.995835,0.0666917,-0.062164,-0.0698102,0.996335,-0.0494203,0.0586403,0.0535541,0.996842
92.1014,0.995835,0.0666979,-0.0621574,-0.0698102,0.99634,-0.049322,0.0586403,0.0534559,0.996847
92.1654,0.995835,0.066656,-0.0622023,-0.0698102,0.996307,-0.0499932,0.0586403,0.0541273,0.996811
92.2295,0.995835,0.0666739,-0.0621832,-0.0698102,0.996321,-0.0497068,0.0586403,0.0538408,0.996826
92.2935,0.995845,0.0667118,-0.0619793,-0.069811,0.996343,-0.0492591,0.0584665,0.0533813,0.996861
92.3574,0.995845,0.0666772,-0.0620165,-0.069811,0.996316,-0.0498148,0.0584665,0.0539372,0.996831
92.4216,0.995845,0.0666463,-0.0620497,-0.069811,0.996291,-0.0503116,0.0584665,0.0544344,0.996804
92.4855,0.995845,0.0666501,-0.0620456,-0.069811,0.996294,-0.0502507,0.0584665,0.0543734,0.996808
92.5494,0.995845,0.0666694,-0.0620249,-0.069811,0.996309,-0.0499405,0.0584665,0.054063,0.996824
92.6133,0.995845,0.0666327,-0.0620643,-0.069811,0.99628,-0.05053,0.0584665,0.0546528,0.996792
92.6772,0.995845,0.0666307,-0.0620665,-0.069811,0.996278,-0.0505622,0.0584665,0.054685,0.99679
92.7415,0.995856,0.0666446,-0.0618886,-0.0698117,0.996281,-0.050503,0.0582927,0.0546142,0.996805
92.8055,0.995856,0.0666495,-0.0618833,-0.0698117,0.996285,-0.0504248,0.0582927,0.054536,0.996809
92.8694,0.995843,0.0668384,-0.0618753,-0.0699855,0.996285,-0.0501735,0.0582919,0.0542954,0.996822
92.9334,0.995843,0.0667747,-0.0619439,-0.0699855,0.996233,-0.0511971,0.0582919,0.0553195,0.996766
92.9975,0.995843,0.0667786,-0.0619397,-0.0699855,0.996237,-0.0511346,0.0582919,0.0552569,0.996769
93.0613,0.995854,0.0668127,-0.0617402,-0.0699862,0.996256,-0.0507523,0.0581181,0.0548628,0.996801
93.1252,0.995854,0.0667622,-0.0617948,-0.0699862,0.996214,-0.0515666,0.0581181,0.0556775,0.996756
93.1894,0.995854,0.0667708,-0.0617855,-0.0699862,0.996221,-0.0514284,0.0581181,0.0555393,0.996764
93.2532,0.995841,0.0669558,-0.0617817,-0.07016,0.996219,-0.051238,0.0581174,0.0553595,0.996774
93.3172,0.995841,0.0670265,-0.061705,-0.07016,0.996277,-0.0500974,0.0581174,0.0542183,0.996836
93.3812,0.995841,0.0670004,-0.0617334,-0.07016,0.996256,-0.050519,0.0581174,0.0546401,0.996813
93.4454,0.995841,0.06697,-0.0617664,-0.07016,0.996231,-0.0510099,0.0581174,0.0551313,0.996786
93.5094,0.995829,0.0671525,-0.0617652,-0.0703338,0.996226,-0.0508608,0.0581167,0.0549929,0.996794
93.5731,0.995829,0.0671483,-0.0617698,-0.0703338,0.996223,-0.0509279,0.0581167,0.05506,0.99679
93.6373,0.995829,0.0671044,-0.0618175,-0.0703338,0.996186,-0.0516363,0.0581167,0.0557688,0.996751
93.7014,0.995817,0.0672805,-0.0618234,-0.0705076,0.996176,-0.0515897,0.058116,0.0557329,0.996753
93.7651,0.995827,0.0673325,-0.061604,-0.0705083,0.996211,-0.0509178,0.0579422,0.0550489,0.996801
93.8292,0.995827,0.0672771,-0.0616645,-0.0705083,0.996165,-0.0518127,0.0579422,0.0559444,0.996751
93.8932,0.995827,0.0672916,-0.0616487,-0.0705083,0.996177,-0.0515794,0.0579422,0.0557109,0.996764
93.9571,0.995827,0.0673464,-0.0615889,-0.0705083,0.996222,-0.0506935,0.0579422,0.0548245,0.996813
94.021,0.995815,0.0674614,-0.0616615,-0.0706821,0.996162,-0.0516347,0.0579415,0.055777,0.996761
94.085,0.995815,0.0674741,-0.0616476,-0.0706821,0.996172,-0.0514288,0.0579415,0.0555709,0.996772
94.1491,0.995825,0.0674424,-0.0615199,-0.0706828,0.996137,-0.0521119,0.0577677,0.0562427,0.996745
94.2131,0.995825,0.0674695,-0.0614901,-0.0706828,0.99616,-0.0516726,0.0577677,0.0558031,0.996769
94.2769,0.995825,0.0674619,-0.0614985,-0.0706828,0.996153,-0.0517962,0.0577677,0.0559269,0.996762
94.3411,0.995825,0.0674414,-0.0615209,-0.0706828,0.996136,-0.0521276,0.0577677,0.0562585,0.996744
94.4051,0.995835,0.0674515,-0.0613475,-0.0706836,0.996135,-0.0521351,0.0575939,0.0562542,0.996754
94.4689,0.995835,0.0674136,-0.0613892,-0.0706836,0.996103,-0.0527502,0.0575939,0.0568697,0.996719
94.5331,0.995835,0.0673475,-0.0614616,-0.0706836,0.996046,-0.053821,0.0575939,0.0579411,0.996657
94.597,0.995845,0.0673572,-0.0612889,-0.0706843,0.996045,-0.0538388,0.05742,0.0579472,0.996667
94.6609,0.995845,0.0673583,-0.0612877,-0.0706843,0.996046,-0.0538211,0.05742,0.0579295,0.996668
94.725,0.995845,0.0673201,-0.0613297,-0.0706843,0.996012,-0.0544422,0.05742,0.058551,0.996632
94.7889,0.995845,0.0673223,-0.0613273,-0.0706843,0.996014,-0.0544069,0.05742,0.0585157,0.996634
94.8528,0.995845,0.0673229,-0.0613266,-0.0706843,0.996014,-0.0543962,0.05742,0.058505,0.996634
94.9168,0.995855,0.0673205,-0.0611674,-0.070685,0.996002,-0.0546138,0.0572462,0.058711,0.996632
94.9809,0.995855,0.0672931,-0.0611976,-0.070685,0.995978,-0.0550605,0.0572462,0.059158,0.996606
95.045,0.995855,0.0672637,-0.0612299,-0.070685,0.995951,-0.0555385,0.0572462,0.0596363,0.996577
95.1089,0.995855,0.067225,-0.0612723,-0.070685,0.995916,-0.0561677,0.0572462,0.0602659,0.996539
95.1727,0.995855,0.0672039,-0.0612955,-0.070685,0.995897,-0.0565109,0.0572462,0.0606093,0.996519
95.2371,0.995867,0.06702,-0.0612972,-0.0705112,0.995899,-0.0566832,0.0572469,0.060771,0.996509
95.301,0.995877,0.0669685,-0.0611922,-0.0705119,0.99584,-0.0577072,0.0570731,0.0617841,0.996456
95.3648,0.995877,0.0669565,-0.0612054,-0.0705119,0.995829,-0.0579026,0.0570731,0.0619796,0.996444
95.4288,0.995877,0.0669781,-0.0611817,-0.0705119,0.995849,-0.0575502,0.0570731,0.0616269,0.996466
95.4928,0.995889,0.0668153,-0.0611603,-0.070338,0.995871,-0.0573812,0.0570738,0.0614472,0.996477
95.5567,0.995889,0.0668209,-0.0611542,-0.070338,0.995877,-0.0572902,0.0570738,0.0613561,0.996483
95.6208,0.995889,0.0667787,-0.0612002,-0.070338,0.995837,-0.0579764,0.0570738,0.0620428,0.99644
95.6847,0.995901,0.0665483,-0.0612523,-0.0701642,0.995795,-0.0589078,0.0570745,0.0629641,0.996382
95.7488,0.995911,0.0665711,-0.0610663,-0.0701649,0.995805,-0.0587264,0.0569007,0.062771,0.996405
95.8129,0.995911,0.066514,-0.0611285,-0.0701649,0.99575,-0.059656,0.0569007,0.0637012,0.996346
95.8767,0.995911,0.0665311,-0.0611099,-0.0701649,0.995767,-0.059378,0.0569007,0.0634229,0.996363
95.9407,0.995923,0.0663361,-0.0611232,-0.0699911,0.995758,-0.0597328,0.0569014,0.0637674,0.996341
96.0047,0.995923,0.0662866,-0.0611769,-0.0699911,0.995709,-0.0605397,0.0569014,0.0645747,0.996289
96.0688,0.995933,0.0662695,-0.0610346,-0.0699918,0.99568,-0.0610132,0.0567276,0.065037,0.996269
96.1329,0.995933,0.0662294,-0.0610781,-0.0699918,0.99564,-0.0616676,0.0567276,0.0656918,0.996226
96.1967,0.995945,0.0660481,-0.0610762,-0.069818,0.995644,-0.0618008,0.0567283,0.0658145,0.996218
96.2609,0.995945,0.066008,-0.0611194,-0.069818,0.995603,-0.0624529,0.0567283,0.066467,0.996175
96.3249,0.995945,0.0659908,-0.0611381,-0.069818,0.995585,-0.0627344,0.0567283,0.0667486,0.996156
96.3886,0.995945,0.0659602,-0.061171,-0.069818,0.995554,-0.0632313,0.0567283,0.0672458,0.996122
96.4526,0.995945,0.0659778,-0.0611521,-0.069818,0.995572,-0.0629461,0.0567283,0.0669604,0.996142
96.5165,0.995955,0.0659527,-0.0610188,-0.0698187,0.995533,-0.0635574,0.0565544,0.0675606,0.996111
96.5808,0.995967,0.0657522,-0.0610371,-0.0696448,0.995517,-0.0640026,0.0565551,0.0679954,0.996081
96.6447,0.995967,0.0657226,-0.061069,-0.0696448,0.995485,-0.0644851,0.0565551,0.0684782,0.996048
96.7085,0.995967,0.0657219,-0.0610698,-0.0696448,0.995485,-0.0644977,0.0565551,0.0684908,0.996047
96.7728,0.995977,0.0656897,-0.0609443,-0.0696455,0.995437,-0.0652296,0.0563813,0.0692117,0.996007
96.8366,0.995977,0.065667,-0.0609688,-0.0696455,0.995413,-0.0656004,0.0563813,0.0695827,0.995982
96.9005,0.995977,0.0656947,-0.060939,-0.0696455,0.995442,-0.0651485,0.0563813,0.0691305,0.996013
96.9644,0.995977,0.0656665,-0.0609693,-0.0696455,0.995412,-0.0656084,0.0563813,0.0695907,0.995981
97.0285,0.995987,0.0656988,-0.0607745,-0.0696462,0.995433,-0.0652906,0.0562075,0.0692613,0.996014
97.0924,0.995987,0.0656636,-0.0608125,-0.0696462,0.995395,-0.0658664,0.0562075,0.0698375,0.995974
97.1564,0.995987,0.0656507,-0.0608265,-0.0696462,0.995381,-0.0660779,0.0562075,0.0700491,0.995959
97.2204,0.995987,0.0656455,-0.0608321,-0.0696462,0.995375,-0.0661627,0.0562075,0.0701339,0.995953
97.2847,0.995987,0.0656257,-0.0608534,-0.0696462,0.995354,-0.066486,0.0562075,0.0704574,0.99593
97.3485,0.995997,0.0656476,-0.06067,-0.0696469,0.995363,-0.0663396,0.0560336,0.0702995,0.995951
97.4125,0.995997,0.0656388,-0.0606795,-0.0696469,0.995354,-0.0664841,0.0560336,0.0704441,0.995941
97.4766,0.995997,0.0656405,-0.0606777,-0.0696469,0.995356,-0.0664562,0.0560336,0.0704161,0.995943
97.5405,0.995997,0.0656296,-0.0606894,-0.0696469,0.995344,-0.0666348,0.0560336,0.0705949,0.99593
97.6044,0.996006,0.0656695,-0.0604865,-0.0696476,0.995373,-0.0661926,0.0558598,0.070141,0.995972
97.6684,0.996006,0.0656713,-0.0604845,-0.0696476,0.995375,-0.0661628,0.0558598,0.0701111,0.995974
97.7324,0.996006,0.0656782,-0.060477,-0.0696476,0.995383,-0.0660494,0.0558598,0.0699977,0.995982
97.7966,0.996006,0.0656366,-0.0605222,-0.0696476,0.995337,-0.066734,0.0558598,0.0706827,0.995934
97.8605,0.996016,0.0656663,-0.0603302,-0.0696482,0.995355,-0.0664579,0.0556859,0.070395,0.995964
97.9242,0.996016,0.0656879,-0.0603067,-0.0696482,0.995379,-0.066102,0.0556859,0.0700389,0.995989
97.9884,0.996016,0.0656898,-0.0603046,-0.0696482,0.995381,-0.0660701,0.0556859,0.070007,0.995991
98.0526,0.996004,0.0658733,-0.0603049,-0.0698221,0.99538,-0.0658993,0.0556853,0.0698466,0.996002
98.1162,0.996014,0.0658801,-0.0601377,-0.0698228,0.995374,-0.0659993,0.0555114,0.0699352,0.996006
98.1803,0.996014,0.065894,-0.0601225,-0.0698228,0.995389,-0.0657698,0.0555114,0.0697055,0.996022
98.2443,0.996014,0.0659047,-0.0601108,-0.0698228,0.995401,-0.065593,0.0555114,0.0695287,0.996034
98.3085,0.996002,0.0660322,-0.0601724,-0.0699966,0.995338,-0.0663481,0.0555108,0.0702947,0.995981
98.3724,0.996011,0.0660642,-0.0599776,-0.0699973,0.995359,-0.0660324,0.0553369,0.0699673,0.996013
98.4362,0.996011,0.066085,-0.0599546,-0.0699973,0.995382,-0.0656861,0.0553369,0.0696207,0.996038
98.5005,0.995999,0.0662302,-0.059997,-0.0701711,0.995339,-0.0661502,0.0553362,0.0700956,0.996004
98.5643,0.996009,0.0662238,-0.0598446,-0.0701718,0.995318,-0.0664718,0.0551624,0.0704059,0.995992
98.6282,0.995996,0.0663924,-0.0598613,-0.0703456,0.9953,-0.0665479,0.0551617,0.0704924,0.995986
98.6922,0.995996,0.0663899,-0.059864,-0.0703456,0.995298,-0.066588,0.0551617,0.0705326,0.995983
98.7562,0.995984,0.0665644,-0.0598741,-0.0705195,0.995287,-0.0665656,0.055161,0.0705206,0.995984
98.8201,0.995981,0.066753,-0.0597093,-0.070694,0.995277,-0.066525,0.0549865,0.0704787,0.995997
98.8841,0.995981,0.0667575,-0.0597042,-0.070694,0.995282,-0.0664493,0.0549865,0.070403,0.996002
98.9481,0.995969,0.0669278,-0.059719,-0.0708678,0.995267,-0.0664963,0.0549858,0.0704604,0.995998
99.0123,0.995957,0.0670474,-0.0597907,-0.0710416,0.995194,-0.0673875,0.0549852,0.0713627,0.995934
99.0762,0.995954,0.0672558,-0.0596037,-0.0712161,0.995207,-0.0670182,0.0548107,0.0709918,0.99597
99.1401,0.995941,0.0674301,-0.0596141,-0.07139,0.995196,-0.066999,0.05481,0.0709829,0.995971
99.2042,0.995941,0.0673878,-0.059662,-0.07139,0.995148,-0.0677054,0.05481,0.0716899,0.99592
99.2682,0.995929,0.0675684,-0.0596653,-0.0715638,0.995144,-0.0675801,0.0548093,0.0715749,0.995928
99.332,0.995917,0.0677275,-0.059693,-0.0717376,0.995116,-0.0678128,0.0548086,0.0718182,0.995911
99.396,0.995914,0.0678852,-0.0595637,-0.0719121,0.99507,-0.0682919,0.0546341,0.0722962,0.995886
99.46,0.995901,0.0681016,-0.0595261,-0.0720859,0.995107,-0.0675676,0.0546334,0.0715816,0.995937
99.524,0.995888,0.0682908,-0.0595196,-0.0722598,0.995113,-0.0673,0.0546327,0.0713242,0.995956
99.5881,0.995888,0.0682537,-0.059562,-0.0722598,0.995071,-0.0679188,0.0546327,0.0719435,0.995911
99.6519,0.995873,0.068569,-0.059463,-0.0726081,0.994995,-0.0686585,0.0544575,0.0726926,0.995867
99.7161,0.995873,0.0685398,-0.0594967,-0.0726081,0.994961,-0.0691469,0.0544575,0.0731815,0.995831
99.7801,0.99586,0.0686816,-0.0595449,-0.0727819,0.994911,-0.06967,0.0544568,0.0737153,0.995791
99.8439,0.995847,0.0687872,-0.059635,-0.0729557,0.994819,-0.0707968,0.0544561,0.0748535,0.995707
99.908,0.995835,0.0689327,-0.0596791,-0.0731295,0.994774,-0.0712549,0.0544554,0.0753224,0.995671
99.9721,0.995831,0.0691056,-0.0595341,-0.073304,0.994744,-0.0714889,0.0542809,0.0755549,0.995663
100.036,0.995819,0.0692255,-0.0596084,-0.0734778,0.994667,-0.0723763,0.0542802,0.0764536,0.995595
100.1,0.995806,0.0693998,-0.0596197,-0.0736516,0.994656,-0.0723564,0.0542795,0.076444,0.995595
100.164,0.995793,0.0695327,-0.0596791,-0.0738254,0.994594,-0.0730245,0.0542788,0.0771231,0.995543
100.228,0.99578,0.0696993,-0.0596993,-0.0739992,0.994573,-0.0731316,0.0542781,0.0772407,0.995534
100.292,0.995777,0.069847,-0.0595848,-0.0741737,0.994511,-0.073792,0.0541036,0.0778999,0.995492
100.356,0.995777,0.0698197,-0.0596167,-0.0741737,0.994478,-0.0742459,0.0541036,0.0783544,0.995456
100.42,0.995764,0.0699544,-0.0596746,-0.0743475,0.994417,-0.0748845,0.0541029,0.0790039,0.995405
100.484,0.995751,0.0700551,-0.0597726,-0.0745213,0.994312,-0.0760882,0.0541022,0.0802192,0.995308
100.548,0.995738,0.0702302,-0.0597834,-0.0746951,0.994302,-0.0760535,0.0541015,0.0801948,0.99531
100.612,0.995725,0.0703642,-0.0598425,-0.0748689,0.994239,-0.0767002,0.0541008,0.0808527,0.995257
100.676,0.995712,0.0704889,-0.0599128,-0.0750427,0.994164,-0.0775015,0.0541001,0.0816652,0.99519
100.74,0.995699,0.0706586,-0.0599302,-0.0752165,0.994147,-0.0775565,0.0540994,0.0817306,0.995185
100.804,0.995686,0.0707926,-0.0599898,-0.0753903,0.994083,-0.0782022,0.0540987,0.0823874,0.995131
100.868,0.995672,0.0709321,-0.0600429,-0.0755641,0.994026,-0.0787551,0.054098,0.0829513,0.995084
100.932,0.995659,0.071119,-0.0600402,-0.0757378,0.994031,-0.0785238,0.0540973,0.0827303,0.995103
100.996,0.995646,0.0712744,-0.0600747,-0.0759116,0.993995,-0.0788138,0.0540965,0.083031,0.995078
101.06,0.995646,0.0712864,-0.0600605,-0.0759116,0.994011,-0.0786151,0.0540965,0.0828321,0.995094
101.124,0.995633,0.0714377,-0.0601,-0.0760854,0.993969,-0.0789734,0.0540958,0.0832012,0.995063
101.188,0.99562,0.0716038,-0.0601218,-0.0762592,0.993947,-0.0790847,0.0540951,0.0833231,0.995053
101.252,0.99562,0.0715881,-0.0601406,-0.0762592,0.993926,-0.0793452,0.0540951,0.0835839,0.995031
101.316,0.995606,0.0717494,-0.0601683,-0.0764329,0.993897,-0.0795371,0.0540944,0.0837865,0.995014
101.38,0.995616,0.0717648,-0.0599946,-0.0764337,0.993897,-0.0795361,0.0539206,0.083773,0.995025
101.444,0.995616,0.0718111,-0.0599391,-0.0764337,0.993959,-0.0787672,0.0539206,0.0830032,0.995089
101.508,0.995616,0.0717665,-0.0599925,-0.0764337,0.9939,-0.0795065,0.0539206,0.0837433,0.995027
101.572,0.995616,0.0717935,-0.0599602,-0.0764337,0.993935,-0.0790591,0.0539206,0.0832955,0.995065
101.636,0.995625,0.0717966,-0.0598012,-0.0764344,0.993919,-0.0792612,0.0537468,0.0834853,0.995059
101.7,0.995625,0.0718142,-0.0597801,-0.0764344,0.993942,-0.0789699,0.0537468,0.0831937,0.995083
101.764,0.995625,0.0718495,-0.0597376,-0.0764344,0.993989,-0.0783813,0.0537468,0.0826044,0.995132
101.828,0.995634,0.0718346,-0.0596002,-0.0764351,0.993949,-0.0788826,0.0535731,0.0830938,0.995101
101.892,0.995634,0.0718345,-0.0596003,-0.0764351,0.993949,-0.078884,0.0535731,0.0830952,0.995101
101.956,0.995648,0.0716646,-0.0595829,-0.0762613,0.993966,-0.0788343,0.0535738,0.0830351,0.995106
102.02,0.995648,0.0716654,-0.059582,-0.0762613,0.993968,-0.078821,0.0535738,0.0830218,0.995107
102.084,0.995657,0.0716925,-0.059394,-0.076262,0.993983,-0.078622,0.0534,0.0828101,0.995134
102.148,0.99567,0.0715027,-0.0594005,-0.0760882,0.993974,-0.0789044,0.0534007,0.0830825,0.995111
102.211,0.99567,0.0715447,-0.0593499,-0.0760882,0.99403,-0.0782004,0.0534007,0.0823776,0.995169
102.275,0.99567,0.0715122,-0.059389,-0.0760882,0.993987,-0.0787446,0.0534007,0.0829225,0.995124
102.34,0.995683,0.0713246,-0.0593929,-0.0759145,0.993981,-0.0789911,0.0534014,0.0831589,0.995104
102.403,0.995674,0.0713394,-0.0595306,-0.0759138,0.99402,-0.0784896,0.0535752,0.0826693,0.995136
102.467,0.995687,0.0711651,-0.0595184,-0.07574,0.994032,-0.0785118,0.0535759,0.0826811,0.995135
102.531,0.995687,0.0711745,-0.0595073,-0.07574,0.994044,-0.0783559,0.0535759,0.082525,0.995148
102.596,0.9957,0.0709998,-0.0594956,-0.0755662,0.994055,-0.0783849,0.0535766,0.0825438,0.995146
102.66,0.995714,0.0708689,-0.0594318,-0.0753924,0.994123,-0.0776818,0.0535773,0.0818295,0.995205
102.723,0.995704,0.0708702,-0.0595861,-0.0753917,0.994145,-0.0774109,0.0537511,0.0815707,0.995217
102.788,0.995717,0.0706903,-0.0595808,-0.0752179,0.994149,-0.077526,0.0537518,0.0816756,0.995208
102.852,0.99573,0.0705285,-0.059554,-0.0750441,0.994176,-0.0773399,0.0537525,0.0814789,0.995225
102.915,0.99573,0.0705571,-0.0595202,-0.0750441,0.994213,-0.0768633,0.0537525,0.0810018,0.995263
102.979,0.995743,0.0704288,-0.0594538,-0.0748703,0.994284,-0.0761161,0.0537532,0.0802434,0.995325
103.043,0.995756,0.07022,-0.0594828,-0.0746965,0.994251,-0.0767145,0.0537539,0.0808321,0.995277
103.108,0.99576,0.0700532,-0.0596184,-0.074522,0.994291,-0.0763656,0.0539284,0.0804847,0.995296
103.171,0.99576,0.070082,-0.0595846,-0.074522,0.994328,-0.0758846,0.0539284,0.0800033,0.995335
103.235,0.995773,0.069899,-0.059583,-0.0743482,0.994328,-0.0760519,0.0539291,0.0801604,0.995322
103.299,0.995786,0.0696993,-0.059601,-0.0741744,0.994307,-0.076498,0.0539298,0.0805965,0.995287
103.363,0.995799,0.0695271,-0.0595868,-0.0740006,0.994321,-0.0764859,0.0539305,0.080574,0.995289
103.428,0.995812,0.0693722,-0.0595523,-0.0738268,0.994357,-0.0761834,0.0539312,0.0802609,0.995314
103.491,0.995825,0.0692037,-0.0595337,-0.073653,0.994376,-0.0761079,0.0539319,0.080175,0.995321
103.555,0.995837,0.0690314,-0.0595196,-0.0734792,0.994389,-0.0760964,0.0539326,0.080153,0.995322
103.619,0.995837,0.0690618,-0.0594844,-0.0734792,0.994428,-0.0755895,0.0539326,0.0796457,0.995363
103.683,0.99585,0.0688703,-0.0594926,-0.0733054,0.994417,-0.0758987,0.0539333,0.0799449,0.995339
103.747,0.995863,0.0687215,-0.0594514,-0.0731316,0.994461,-0.0754941,0.053934,0.0795295,0.995372
103.811,0.995866,0.0685484,-0.0595952,-0.0729571,0.994492,-0.0752522,0.0541085,0.079289,0.995382
103.875,0.995879,0.0683681,-0.0595904,-0.0727833,0.994496,-0.0753737,0.0541092,0.0794003,0.995373
103.939,0.995892,0.0682076,-0.0595629,-0.0726095,0.994524,-0.0751657,0.0541099,0.0791817,0.995391
104.003,0.995904,0.0680279,-0.0595574,-0.0724356,0.994528,-0.0752774,0.0541106,0.0792832,0.995382
104.067,0.995907,0.0678284,-0.0597315,-0.0722611,0.994526,-0.0754762,0.0542851,0.0794836,0.995357
104.131,0.99592,0.0676615,-0.0597113,-0.0720873,0.994546,-0.0753742,0.0542858,0.0793711,0.995366
104.195,0.995932,0.0674778,-0.0597102,-0.0719135,0.994545,-0.0755517,0.0542864,0.0795383,0.995353
104.259,0.995945,0.0673456,-0.059651,-0.0717397,0.994609,-0.0748717,0.0542871,0.0788475,0.995407
104.323,0.995936,0.0673337,-0.0598218,-0.071739,0.994612,-0.0748303,0.054461,0.0788177,0.9954
104.387,0.995948,0.0671581,-0.0598116,-0.0715652,0.994622,-0.074872,0.0544616,0.078849,0.995398
104.451,0.99596,0.0669916,-0.0597912,-0.0713913,0.994642,-0.0747643,0.0544623,0.0787308,0.995407
104.515,0.995973,0.0668173,-0.0597796,-0.0712175,0.994653,-0.0747853,0.054463,0.0787415,0.995406
104.579,0.995985,0.066681,-0.0597255,-0.0710437,0.994712,-0.0741741,0.0544637,0.0781194,0.995455
104.643,0.995985,0.0666702,-0.0597376,-0.0710437,0.994698,-0.0743539,0.0544637,0.0782994,0.995441
104.707,0.995998,0.0664973,-0.0597244,-0.0708698,0.994711,-0.0743518,0.0544643,0.0782869,0.995442
104.771,0.99601,0.0663771,-0.0596527,-0.070696,0.994788,-0.0734715,0.054465,0.0773955,0.995512
104.835,0.99601,0.0663866,-0.0596421,-0.070696,0.9948,-0.0733125,0.054465,0.0772364,0.995524
104.899,0.996022,0.0662438,-0.0595957,-0.0705222,0.99485,-0.0728073,0.0544657,0.0767205,0.995564
104.963,0.996022,0.0662096,-0.0596337,-0.0705222,0.994808,-0.0733787,0.0544657,0.0772923,0.99552
105.027,0.996022,0.0662335,-0.0596071,-0.0705222,0.994837,-0.0729786,0.0544657,0.076892,0.995551
105.091,0.996022,0.066242,-0.0595977,-0.0705222,0.994847,-0.0728381,0.0544657,0.0767514,0.995562
105.155,0.996013,0.0662409,-0.059757,-0.0705215,0.994863,-0.072621,0.0546395,0.0765455,0.995568
105.219,0.996013,0.0662028,-0.0597993,-0.0705215,0.994817,-0.0732563,0.0546395,0.0771814,0.995519
105.283,0.996013,0.066205,-0.0597968,-0.0705215,0.994819,-0.0732191,0.0546395,0.0771441,0.995522
105.347,0.996003,0.0662071,-0.0599526,-0.0705208,0.994839,-0.0729497,0.0548134,0.076886,0.995532
105.411,0.996003,0.0662008,-0.0599595,-0.0705208,0.994832,-0.0730543,0.0548134,0.0769907,0.995524
105.475,0.995981,0.0663895,-0.0601132,-0.070694,0.994855,-0.0725624,0.0549865,0.0765204,0.995551
105.539,0.995981,0.0664149,-0.0600851,-0.070694,0.994886,-0.0721411,0.0549865,0.0760988,0.995583
105.603,0.995972,0.066397,-0.0602631,-0.0706933,0.994881,-0.0722063,0.0551604,0.0761756,0.995567
105.667,0.995959,0.0665637,-0.0602827,-0.0708671,0.994861,-0.0723108,0.0551597,0.0762907,0.995559
105.731,0.99595,0.0665234,-0.0604854,-0.0708664,0.99483,-0.0727441,0.0553335,0.0767359,0.995515
105.795,0.995938,0.0667408,-0.0604492,-0.0710403,0.99487,-0.0720145,0.0553328,0.0760162,0.99557
105.859,0.995928,0.0667405,-0.0606079,-0.0710396,0.994887,-0.0717904,0.0555067,0.0758036,0.995577
105.923,0.995916,0.066889,-0.0606476,-0.0712134,0.994845,-0.0721939,0.055506,0.0762179,0.995545
105.987,0.995893,0.067082,-0.0607964,-0.0713865,0.994873,-0.0716383,0.0556791,0.0756842,0.995576
106.051,0.995881,0.0672316,-0.0608349,-0.0715603,0.994833,-0.0720216,0.0556784,0.0760783,0.995546
106.115,0.995881,0.0672383,-0.0608275,-0.0715603,0.994841,-0.0719118,0.0556784,0.0759684,0.995554
106.179,0.995859,0.0673443,-0.0610723,-0.0717335,0.994765,-0.0727763,0.0558515,0.0768558,0.995477
106.243,0.995846,0.0675465,-0.0610528,-0.0719073,0.994787,-0.0723016,0.0558508,0.0763914,0.995512
106.307,0.995824,0.0676877,-0.0612588,-0.0720804,0.994754,-0.0725905,0.0560239,0.0767029,0.995479
106.371,0.995802,0.067864,-0.0614259,-0.0722535,0.994762,-0.0723089,0.056197,0.0764435,0.995489
106.435,0.995789,0.0680247,-0.0614523,-0.0724273,0.994735,-0.0725089,0.0561963,0.0766544,0.995473
106.499,0.995767,0.0682046,-0.0616154,-0.0726004,0.994747,-0.0721695,0.0563694,0.0763373,0.995487
106.563,0.995754,0.0683461,-0.0616629,-0.0727742,0.994697,-0.0726777,0.0563687,0.0768566,0.995447
106.627,0.995732,0.0685201,-0.0618326,-0.0729472,0.994702,-0.0724347,0.0565417,0.0766361,0.995455
106.691,0.995696,0.0688907,-0.0619885,-0.0732941,0.994722,-0.0718128,0.0567141,0.0760472,0.99549
106.755,0.995684,0.0690386,-0.0620291,-0.0734679,0.994679,-0.0722161,0.0567134,0.0764616,0.995458
106.819,0.995661,0.0692549,-0.0621515,-0.0736409,0.994733,-0.0712981,0.0568864,0.0755656,0.995517
106.883,0.995661,0.069265,-0.0621402,-0.0736409,0.994745,-0.0711361,0.0568864,0.0754035,0.995529
106.947,0.995625,0.0696227,-0.0623103,-0.0739878,0.994748,-0.0707284,0.0570587,0.0750292,0.995548
107.011,0.995613,0.0697884,-0.0623308,-0.0741615,0.994727,-0.0708441,0.057058,0.0751558,0.995538
107.075,0.995603,0.0698196,-0.0624541,-0.0741608,0.994778,-0.0701263,0.0572317,0.0744495,0.995581
107.139,0.99559,0.070104,-0.0623413,-0.0743346,0.994888,-0.0683503,0.057231,0.072683,0.995712
107.203,0.995567,0.0702928,-0.0624942,-0.0745076,0.994907,-0.0678858,0.057404,0.0722412,0.995734
107.267,0.995554,0.0704832,-0.0624865,-0.0746813,0.994913,-0.0676097,0.0574033,0.0719757,0.995753
107.331,0.995544,0.0704595,-0.0626719,-0.0746806,0.994902,-0.0677747,0.057577,0.0721531,0.99573
107.395,0.995531,0.0707132,-0.0625927,-0.0748543,0.994975,-0.0664919,0.0575763,0.0708801,0.995822
107.459,0.995521,0.070781,-0.0626751,-0.0748536,0.99506,-0.065208,0.05775,0.0696074,0.995901
107.523,0.995508,0.0709551,-0.0626853,-0.0750273,0.995048,-0.0651913,0.0577493,0.0696016,0.995902
107.586,0.995498,0.0710145,-0.0627774,-0.0750266,0.995123,-0.0640462,0.057923,0.0684678,0.99597
107.65,0.995498,0.0710117,-0.0627806,-0.0750266,0.99512,-0.0640905,0.057923,0.0685121,0.995967
107.715,0.995488,0.0710579,-0.0628879,-0.0750258,0.995179,-0.0631593,0.0580968,0.0675926,0.99602
107.778,0.995488,0.0711066,-0.0628328,-0.0750258,0.995228,-0.0623875,0.0580968,0.06682,0.996072
107.842,0.995478,0.071118,-0.0629798,-0.0750251,0.995252,-0.0620124,0.0582705,0.066457,0.996086
107.906,0.995491,0.0710124,-0.0628928,-0.0748513,0.995331,-0.0609449,0.0582713,0.0653777,0.996158
107.971,0.995481,0.0710015,-0.0630651,-0.0748506,0.995332,-0.060924,0.058445,0.0653691,0.996148
108.035,0.995494,0.0708532,-0.0630267,-0.0746768,0.995369,-0.0605332,0.0584458,0.0649671,0.996174
108.098,0.995483,0.0709289,-0.063102,-0.074676,0.995452,-0.0591501,0.0586196,0.0635951,0.996253
108.163,0.995496,0.0707473,-0.0631011,-0.0745023,0.995457,-0.059283,0.0586203,0.0637172,0.996245
108.227,0.995499,0.0706298,-0.0631893,-0.0743278,0.995533,-0.0582217,0.0587948,0.0626563,0.996302
108.29,0.995512,0.0704839,-0.0631487,-0.074154,0.995571,-0.057792,0.0587956,0.0622153,0.996329
108.354,0.995525,0.0703435,-0.0631022,-0.0739803,0.995613,-0.0572772,0.0587964,0.0616892,0.996362
108.418,0.99554,0.0700648,-0.0631684,-0.073632,0.99571,-0.0560309,0.0589716,0.0604323,0.996429
108.482,0.995553,0.0699015,-0.0631478,-0.0734583,0.995732,-0.0558767,0.0589724,0.060267,0.996439
108.546,0.995566,0.069783,-0.0630776,-0.0732845,0.995793,-0.0550146,0.0589731,0.0593933,0.996491
108.61,0.995591,0.06948,-0.0630106,-0.072937,0.995856,-0.0543297,0.0589747,0.0586859,0.996533
108.675,0.995594,0.0693028,-0.0631674,-0.0727624,0.995874,-0.0542198,0.0591492,0.0585771,0.996529
108.738,0.995619,0.0689932,-0.0631083,-0.0724149,0.995931,-0.053641,0.0591507,0.057976,0.996564
108.802,0.995632,0.068831,-0.063087,-0.0722411,0.995953,-0.0534676,0.0591514,0.0577916,0.996575
108.866,0.995657,0.0685392,-0.063009,-0.0718936,0.996024,-0.0526062,0.0591529,0.0569076,0.996626
108.93,0.995671,0.0682108,-0.0631335,-0.0715453,0.996073,-0.0521533,0.0593282,0.0564444,0.996641
108.994,0.995684,0.0680693,-0.0630903,-0.0713715,0.996111,-0.0516536,0.0593289,0.0559335,0.99667
109.058,0.995709,0.0678201,-0.0629677,-0.0710239,0.996215,-0.0501173,0.0593304,0.0543744,0.996756
109.122,0.995723,0.0674665,-0.0631208,-0.0706756,0.996242,-0.050069,0.0595056,0.0543159,0.996749
109.186,0.995747,0.0671581,-0.0630628,-0.070328,0.996297,-0.0494677,0.0595071,0.0536925,0.996783
109.25,0.995761,0.0668241,-0.0631956,-0.0699797,0.996339,-0.0491118,0.0596824,0.053326,0.996792
109.314,0.995786,0.0665107,-0.0631436,-0.0696321,0.996389,-0.0485903,0.0596838,0.0527824,0.996821
109.378,0.9958,0.0661934,-0.0632597,-0.0692838,0.996443,-0.0479743,0.0598591,0.0521557,0.996843
109.442,0.995824,0.0658403,-0.0632498,-0.0689362,0.996462,-0.0480785,0.0598605,0.0522379,0.996839
109.506,0.995847,0.065566,-0.0631581,-0.0685886,0.99654,-0.0469395,0.059862,0.0510765,0.996899
109.57,0.995861,0.0652351,-0.0632897,-0.0682402,0.996583,-0.0465422,0.0600372,0.0506684,0.996909
109.634,0.995885,0.0649034,-0.0632582,-0.0678926,0.996617,-0.046308,0.0600386,0.0504121,0.996922
109.698,0.995908,0.0645558,-0.063243,-0.067545,0.99664,-0.0463239,0.06004,0.0504061,0.996922
109.762,0.995933,0.0640509,-0.0633679,-0.0670228,0.996693,-0.0459387,0.060216,0.0499989,0.996932
109.826,0.995968,0.0635581,-0.0633167,-0.0665013,0.996748,-0.0455128,0.0602181,0.0495399,0.996955
109.89,0.995991,0.0632142,-0.0632982,-0.0661536,0.996773,-0.045471,0.0602195,0.0494761,0.996958
109.954,0.996025,0.0626883,-0.0632802,-0.0656321,0.996803,-0.0455647,0.0602216,0.0495368,0.996955
110.018,0.996037,0.0623925,-0.0633791,-0.0652837,0.996869,-0.0446182,0.0603968,0.048579,0.996992
110.082,0.996071,0.0618769,-0.0633515,-0.0647622,0.996906,-0.0445496,0.0603988,0.0484773,0.996996
110.146,0.996105,0.0613662,-0.0633191,-0.0642406,0.996946,-0.0444032,0.0604009,0.0482979,0.997005
110.21,0.996138,0.06087,-0.0632731,-0.0637191,0.996996,-0.0440296,0.0604029,0.0478912,0.997025
110.274,0.99616,0.0605241,-0.0632569,-0.0633713,0.997019,-0.0440161,0.0604043,0.0478558,0.997026
110.338,0.996193,0.060057,-0.0631836,-0.0628497,0.997088,-0.0431815,0.0604062,0.0469882,0.997067
110.402,0.996215,0.0597166,-0.0631625,-0.062502,0.997115,-0.0430814,0.0604076,0.0468662,0.997073
110.466,0.996258,0.0590202,-0.0631351,-0.0618065,0.997156,-0.0431272,0.0604102,0.046868,0.997073
110.53,0.99628,0.0587076,-0.0630883,-0.0614587,0.997201,-0.0425878,0.0604115,0.0463067,0.997099
110.594,0.996312,0.058193,-0.0630609,-0.060937,0.997236,-0.0425,0.0604134,0.046186,0.997104
110.658,0.996333,0.0578695,-0.0630247,-0.0605892,0.997273,-0.0421319,0.0604147,0.045796,0.997122
110.722,0.996364,0.057363,-0.0629902,-0.0600676,0.997314,-0.0419154,0.0604166,0.0455466,0.997134
110.786,0.996395,0.0568452,-0.0629661,-0.0595458,0.997347,-0.0418766,0.0604185,0.045475,0.997137
110.85,0.996416,0.0565244,-0.0629281,-0.059198,0.997385,-0.0414639,0.0604198,0.0450405,0.997156
110.914,0.996437,0.0561552,-0.0629336,-0.0588502,0.99739,-0.0418199,0.060421,0.0453745,0.997141
110.978,0.996447,0.0557819,-0.0631089,-0.0585018,0.997399,-0.0421025,0.0605962,0.0456448,0.997118
111.042,0.996467,0.0554691,-0.0630642,-0.0581539,0.997442,-0.041564,0.0605974,0.0450846,0.997144
111.106,0.996487,0.05514,-0.0630343,-0.0578061,0.997474,-0.0412843,0.0605986,0.044783,0.997157
111.17,0.996496,0.0548005,-0.0631802,-0.0574576,0.997504,-0.0410345,0.0607738,0.0445209,0.997158
111.234,0.996506,0.0546253,-0.0631745,-0.0572837,0.997513,-0.0410621,0.0607744,0.0445375,0.997157
111.298,0.996516,0.0543032,-0.0633058,-0.0569352,0.997554,-0.0405401,0.0609495,0.0440032,0.99717
111.362,0.996526,0.0541284,-0.0632999,-0.0567613,0.997563,-0.0405623,0.0609501,0.0440144,0.99717
111.426,0.996525,0.0539654,-0.0634509,-0.0565868,0.997585,-0.0402672,0.0611246,0.0437178,0.997172
111.49,0.996524,0.053777,-0.0636236,-0.0564122,0.997591,-0.0403729,0.0612992,0.0438217,0.997157
111.554,0.996534,0.0536094,-0.0636116,-0.0562383,0.997604,-0.0402814,0.0612998,0.0437192,0.997161
111.618,0.996523,0.0536172,-0.0637722,-0.0562377,0.997615,-0.0400318,0.0614737,0.043479,0.997161
111.682,0.996522,0.0534301,-0.0639438,-0.0560632,0.997621,-0.0401172,0.0616482,0.0435626,0.997147
111.746,0.996511,0.0534522,-0.0640926,-0.0560626,0.99764,-0.039645,0.0618222,0.0430999,0.997156
111.81,0.99651,0.0532672,-0.0642625,-0.055888,0.997647,-0.039699,0.0619967,0.043152,0.997143
111.874,0.9965,0.0532451,-0.0644481,-0.0558874,0.997639,-0.0399151,0.0621706,0.0433772,0.997122
111.938,0.9965,0.0532628,-0.0644335,-0.0558874,0.99765,-0.0396413,0.0621706,0.0431036,0.997134
112.002,0.996489,0.0532605,-0.0646026,-0.0558868,0.997653,-0.0395501,0.0623445,0.0430217,0.997127
112.066,0.996478,0.0532479,-0.0647803,-0.0558862,0.997651,-0.0396202,0.0625185,0.0431009,0.997113
112.13,0.996467,0.0532579,-0.0649394,-0.0558856,0.997662,-0.0393405,0.0626924,0.0428307,0.997113
112.194,0.996456,0.0532314,-0.0651285,-0.055885,0.997651,-0.0396237,0.0628663,0.043123,0.99709
112.258,0.996445,0.0532376,-0.0652908,-0.0558844,0.997659,-0.0394046,0.0630402,0.0429132,0.997088
112.322,0.996424,0.0533741,-0.0654952,-0.0560577,0.997632,-0.0398429,0.0632135,0.0433719,0.997057
112.386,0.996424,0.053381,-0.0654895,-0.0560577,0.997636,-0.0397378,0.0632135,0.0432669,0.997062
112.45,0.996404,0.0535932,-0.0656321,-0.056231,0.997655,-0.0390238,0.0633868,0.042574,0.997081
112.514,0.996383,0.053755,-0.0658158,-0.0564043,0.997643,-0.0390771,0.0635601,0.042648,0.997066
112.578,0.996362,0.05395,-0.0659724,-0.0565775,0.997651,-0.0386294,0.0637334,0.0422215,0.997073
112.642,0.996341,0.0540884,-0.0661752,-0.0567508,0.997625,-0.0390356,0.0639066,0.0426483,0.997044
112.706,0.99632,0.0542523,-0.0663571,-0.0569241,0.997614,-0.0390564,0.0640799,0.04269,0.997031
112.77,0.996299,0.0544213,-0.0665349,-0.0570973,0.997607,-0.0390017,0.0642531,0.0426563,0.997022
112.834,0.996289,0.054585,-0.0665497,-0.0572712,0.997591,-0.0391467,0.0642525,0.0428128,0.997015
112.898,0.996268,0.0547376,-0.0667408,-0.0574444,0.997574,-0.0393349,0.0644257,0.0430219,0.996995
112.962,0.996237,0.0550987,-0.06691,-0.0577916,0.997567,-0.0389997,0.0645983,0.0427198,0.996997
113.026,0.996215,0.0552291,-0.0671195,-0.0579648,0.997536,-0.0395177,0.0647716,0.0432587,0.996962
113.09,0.996194,0.0554151,-0.0672831,-0.058138,0.997538,-0.0392076,0.0649448,0.0429701,0.996963
113.153,0.996162,0.0557699,-0.0674573,-0.0584851,0.997527,-0.038967,0.0651173,0.0427627,0.996961
113.218,0.996141,0.0559325,-0.0676402,-0.0586583,0.997516,-0.0390048,0.0652905,0.0428219,0.996947
113.282,0.996119,0.0560869,-0.0678299,-0.0588315,0.997499,-0.0391634,0.0654637,0.0430019,0.996928
113.346,0.996098,0.0562565,-0.068007,-0.0590046,0.997492,-0.039099,0.0656369,0.0429592,0.996918
113.41,0.996054,0.05661,-0.0683493,-0.059351,0.997484,-0.0387594,0.0659832,0.0426631,0.996908
113.473,0.996032,0.0567548,-0.0685469,-0.0595241,0.997463,-0.0390556,0.0661564,0.0429808,0.996883
113.538,0.99601,0.0569037,-0.0687411,-0.0596973,0.997443,-0.0392909,0.0663295,0.0432378,0.996861
113.602,0.995978,0.0572462,-0.0689253,-0.0600443,0.997424,-0.0392313,0.066502,0.0432121,0.99685
113.665,0.995956,0.0574081,-0.0691087,-0.0602174,0.997412,-0.0392758,0.0666751,0.0432785,0.996836
113.73,0.995912,0.057692,-0.0695087,-0.0605636,0.997365,-0.0399385,0.0670214,0.043985,0.996782
113.794,0.99589,0.0578184,-0.0697215,-0.0607367,0.997332,-0.0404888,0.0671945,0.044557,0.996744
113.857,0.995867,0.0580081,-0.0698818,-0.0609099,0.997336,-0.0401327,0.0673676,0.0442233,0.996748
113.921,0.995823,0.0583514,-0.0702323,-0.061256,0.997323,-0.0399386,0.0677138,0.0440739,0.996731
113.985,0.9958,0.0585111,-0.0704174,-0.0614291,0.997309,-0.0400113,0.0678868,0.044169,0.996715
114.049,0.995755,0.0588541,-0.070768,-0.0617752,0.997295,-0.0398216,0.068233,0.0440243,0.996698
114.113,0.995732,0.0589918,-0.0709715,-0.0619483,0.997269,-0.0402027,0.068406,0.0444277,0.996668
114.177,0.995698,0.0591093,-0.0713584,-0.0621206,0.997237,-0.0407438,0.0687529,0.0450013,0.996618
114.241,0.995675,0.0592862,-0.0715292,-0.0622936,0.997233,-0.0405724,0.0689259,0.0448528,0.996613
114.305,0.99564,0.0593887,-0.0719283,-0.0624659,0.997192,-0.0413146,0.0692727,0.0456275,0.996554
114.369,0.995605,0.0595354,-0.0722907,-0.0626382,0.997176,-0.0414383,0.0696195,0.0457844,0.996522
114.433,0.995582,0.0596782,-0.0724897,-0.0628112,0.997152,-0.0417364,0.0697925,0.0461052,0.996496
114.497,0.995547,0.059795,-0.0728765,-0.0629834,0.997119,-0.0422658,0.0701393,0.0466676,0.996445
114.561,0.995511,0.0599418,-0.0732385,-0.0631556,0.997103,-0.0423809,0.070486,0.0468161,0.996414
114.625,0.995488,0.0600553,-0.0734613,-0.0633286,0.997063,-0.0430701,0.070659,0.047528,0.996368
114.689,0.995453,0.0602077,-0.0738186,-0.0635008,0.997051,-0.0431039,0.0710057,0.0475954,0.99634
114.753,0.995417,0.0603596,-0.0741763,-0.0636729,0.997038,-0.0431447,0.0713524,0.04767,0.996311
114.817,0.995392,0.0602995,-0.0745579,-0.0636713,0.997013,-0.0437048,0.0716998,0.0482507,0.996259
114.881,0.995368,0.0604627,-0.0747398,-0.0638443,0.997002,-0.0437125,0.0718728,0.0482818,0.996245
114.945,0.995332,0.0606325,-0.0750829,-0.0640164,0.997,-0.043511,0.0722194,0.0481144,0.996228
115.009,0.995307,0.0605807,-0.0754573,-0.0640147,0.996981,-0.0439522,0.0725669,0.0485763,0.99618
115.073,0.995283,0.0606906,-0.0756821,-0.0641877,0.996938,-0.0446622,0.0727398,0.0493094,0.996131
115.137,0.995258,0.060659,-0.0760399,-0.064186,0.996931,-0.0448301,0.0730872,0.0494982,0.996096
115.201,0.995234,0.0607843,-0.076252,-0.0643589,0.996897,-0.0453297,0.0732601,0.0500212,0.996058
115.265,0.995221,0.0607675,-0.0764316,-0.0643581,0.996893,-0.0454243,0.0734338,0.0501262,0.99604
115.329,0.995185,0.0608739,-0.0768247,-0.0645301,0.996853,-0.0460399,0.0737803,0.0507757,0.995981
115.393,0.995148,0.0610287,-0.0771794,-0.0647021,0.996843,-0.0460248,0.0741269,0.0507952,0.995954
115.457,0.995135,0.0609886,-0.0773772,-0.0647013,0.996825,-0.0464168,0.0743006,0.0511974,0.995921
115.521,0.995109,0.0609609,-0.0777311,-0.0646996,0.99682,-0.0465211,0.074648,0.0513227,0.995888
115.585,0.995085,0.0611596,-0.0778851,-0.0648725,0.99683,-0.0460667,0.0748208,0.0508929,0.995897
115.649,0.995072,0.0611153,-0.0780859,-0.0648716,0.996809,-0.0465076,0.0749945,0.051344,0.995861
115.713,0.995032,0.0610832,-0.0786093,-0.0648691,0.996808,-0.0465412,0.0755155,0.0514093,0.995819
115.777,0.995019,0.0610343,-0.0788134,-0.0648682,0.996785,-0.0470362,0.0756892,0.0519144,0.995779
115.841,0.994982,0.0611767,-0.0791773,-0.0650401,0.996767,-0.0471698,0.0760356,0.0520828,0.995744
115.905,0.994968,0.0611679,-0.0793501,-0.0650393,0.996768,-0.0471552,0.0762093,0.0520788,0.995731
115.969,0.994942,0.0611231,-0.0797168,-0.0650375,0.996753,-0.0474675,0.0765566,0.052412,0.995687
116.033,0.994915,0.0611076,-0.0800607,-0.0650358,0.996756,-0.04741,0.0769039,0.0523758,0.995662
116.097,0.994902,0.0611131,-0.0802227,-0.0650349,0.996765,-0.0472173,0.0770776,0.0521939,0.995658
116.161,0.994875,0.0610764,-0.0805828,-0.0650332,0.996756,-0.0474245,0.0774248,0.052422,0.995619
116.225,0.994861,0.0610917,-0.0807374,-0.0650323,0.99677,-0.047112,0.0775985,0.0521205,0.995621
116.289,0.994846,0.0608778,-0.0810925,-0.0648569,0.99677,-0.0473713,0.0779466,0.0523865,0.99558
116.353,0.994819,0.060874,-0.0814277,-0.0648551,0.996779,-0.0471719,0.0782939,0.0522085,0.995562
116.417,0.994791,0.0608509,-0.0817775,-0.0648533,0.996777,-0.0472103,0.0786412,0.052268,0.995532
116.481,0.994778,0.0608255,-0.0819626,-0.0648524,0.996769,-0.0473973,0.0788148,0.0524652,0.995508
116.545,0.99475,0.0608528,-0.082275,-0.0648506,0.996796,-0.0468226,0.0791621,0.0519124,0.995509
116.609,0.994734,0.0606821,-0.0825981,-0.0646752,0.99682,-0.0465573,0.0795102,0.0516541,0.995495
116.673,0.994706,0.0606544,-0.0829512,-0.0646734,0.996815,-0.0466515,0.0798574,0.0517692,0.995461
116.737,0.994692,0.0606173,-0.0831447,-0.0646725,0.9968,-0.0469771,0.080031,0.052105,0.99543
116.801,0.994675,0.0604218,-0.0834859,-0.0644971,0.99681,-0.0470095,0.0803792,0.0521438,0.9954
116.865,0.994647,0.0604606,-0.0837909,-0.0644953,0.996843,-0.0463107,0.0807264,0.0514669,0.995407
116.929,0.994631,0.0602527,-0.0841411,-0.0643199,0.996846,-0.0464911,0.0810745,0.0516534,0.995369
116.993,0.994602,0.0602212,-0.0844968,-0.064318,0.996839,-0.0466287,0.0814217,0.0518117,0.995332
117.057,0.994585,0.0600462,-0.0848235,-0.0641426,0.99686,-0.0464215,0.0817698,0.051611,0.995314
117.121,0.994557,0.059996,-0.0851922,-0.0641408,0.996844,-0.0467763,0.082117,0.051986,0.995266
117.185,0.994539,0.0598291,-0.0855133,-0.0639654,0.996869,-0.0464749,0.082465,0.051691,0.995253
117.249,0.994507,0.0595684,-0.0860665,-0.063789,0.996849,-0.0471484,0.0829867,0.0523795,0.995173
117.313,0.994489,0.0593528,-0.0864212,-0.0636136,0.996848,-0.0474112,0.0833348,0.0526475,0.99513
117.377,0.99446,0.0593522,-0.086755,-0.0636117,0.996859,-0.0471848,0.0836819,0.052442,0.995112
117.441,0.994442,0.0591222,-0.0871193,-0.0634363,0.99685,-0.0476101,0.08403,0.052872,0.99506
117.505,0.994424,0.0589563,-0.08744,-0.0632609,0.996875,-0.047301,0.0843781,0.0525687,0.995046
117.569,0.99439,0.0587596,-0.0879484,-0.0630845,0.99689,-0.0472295,0.0848997,0.0525128,0.995005
117.633,0.994372,0.0585246,-0.0883153,-0.0629091,0.996878,-0.047705,0.0852477,0.0529924,0.99495
117.697,0.994353,0.0583384,-0.0886497,-0.0627336,0.996893,-0.0476278,0.0855958,0.0529202,0.994924
117.761,0.994334,0.0580821,-0.08903,-0.0625582,0.99687,-0.0483369,0.0859438,0.0536326,0.994855
117.825,0.994315,0.0579207,-0.0893481,-0.0623828,0.996898,-0.0479811,0.0862918,0.0532821,0.994844
117.889,0.994281,0.0576924,-0.0898765,-0.0622064,0.996896,-0.0482581,0.0868134,0.0535729,0.994783
117.952,0.994261,0.0574442,-0.0902503,-0.062031,0.996877,-0.0488654,0.0871614,0.0541832,0.99472
118.017,0.994267,0.0570861,-0.0904084,-0.0616829,0.996898,-0.0488927,0.0873369,0.054189,0.994704
118.08,0.994232,0.056864,-0.0909321,-0.0615066,0.996899,-0.0490937,0.0878584,0.0544035,0.994646
118.144,0.994212,0.0566359,-0.0912921,-0.0613312,0.996891,-0.0494715,0.0882064,0.0547842,0.994595
118.208,0.994187,0.0562327,-0.0918118,-0.0609813,0.996898,-0.0497605,0.0887289,0.05507,0.994532
118.272,0.994167,0.0560077,-0.0921692,-0.0608059,0.996892,-0.0500983,0.0890768,0.0554105,0.994482
118.337,0.994136,0.0559653,-0.0925291,-0.060804,0.99688,-0.0503271,0.0894239,0.0556581,0.994437
118.401,0.994115,0.0557707,-0.0928679,-0.0606285,0.99689,-0.0503353,0.0897719,0.0556695,0.994405
118.465,0.994094,0.0555716,-0.0932092,-0.0604531,0.996898,-0.0503908,0.0901198,0.055728,0.994371
118.528,0.994058,0.0553401,-0.0937369,-0.0602768,0.996894,-0.0506778,0.0906413,0.0560269,0.994306
118.592,0.994037,0.0551571,-0.0940686,-0.0601013,0.996911,-0.0505612,0.0909892,0.0559134,0.994281
118.656,0.994015,0.054909,-0.0944383,-0.0599259,0.996892,-0.0511335,0.0913372,0.0564868,0.994217
118.72,0.993968,0.0548744,-0.09496,-0.0599231,0.996891,-0.0511563,0.0918576,0.056538,0.994166
118.784,0.993946,0.054675,-0.0953011,-0.0597476,0.996899,-0.0512116,0.0922056,0.0565956,0.99413
118.848,0.993924,0.0544525,-0.0956553,-0.0595722,0.996894,-0.0515071,0.0925535,0.0568926,0.994081
118.912,0.993902,0.0542656,-0.0959891,-0.0593968,0.996909,-0.0514312,0.0929014,0.056819,0.994053
118.976,0.99387,0.0542162,-0.0963515,-0.0593949,0.996894,-0.0517166,0.0932483,0.0571223,0.994003
119.04,0.993831,0.0539981,-0.09687,-0.0592185,0.996898,-0.0518489,0.0937697,0.0572656,0.993946
119.104,0.993809,0.0538288,-0.097194,-0.0590431,0.996921,-0.0515926,0.0941176,0.0570119,0.993927
119.168,0.993759,0.0538232,-0.0976993,-0.0590402,0.996936,-0.0513157,0.0946379,0.0567637,0.993892
119.232,0.993737,0.0536181,-0.0980432,-0.0588648,0.99694,-0.0514271,0.0949858,0.0568763,0.993852
119.296,0.993704,0.0535642,-0.0984075,-0.0588628,0.996924,-0.0517517,0.0953327,0.0572184,0.9938
119.36,0.993681,0.0533931,-0.0987328,-0.0586874,0.996946,-0.0515183,0.0956806,0.0569871,0.99378
119.424,0.99363,0.0533832,-0.0992407,-0.0586845,0.996958,-0.0512884,0.0962008,0.0567856,0.993741
119.488,0.99359,0.0532023,-0.0997391,-0.0585081,0.996981,-0.0510473,0.0967221,0.0565557,0.993703
119.552,0.99354,0.0531599,-0.100264,-0.0585051,0.996976,-0.0511444,0.0972423,0.05668,0.993645
119.616,0.993506,0.0531321,-0.100614,-0.0585031,0.996973,-0.0512039,0.0975892,0.0567576,0.993607
119.68,0.993465,0.0529543,-0.101111,-0.0583267,0.996997,-0.0509365,0.0981104,0.0565011,0.99357
119.744,0.993431,0.0529077,-0.101471,-0.0583247,0.996985,-0.0511806,0.0984572,0.0567627,0.993521
119.808,0.993379,0.0527955,-0.102032,-0.0583217,0.996945,-0.051957,0.0989773,0.0575636,0.993423
119.872,0.99331,0.0527522,-0.102725,-0.0583176,0.996946,-0.051948,0.0996708,0.0575911,0.993352
119.936,0.993275,0.0527695,-0.103051,-0.0583156,0.996965,-0.0515672,0.100018,0.0572299,0.993338
120,0.993213,0.0529153,-0.103577,-0.0584859,0.996959,-0.0515028,0.100537,0.057211,0.993287
120.064,0.99316,0.0529152,-0.10408,-0.0584828,0.996975,-0.051188,0.101057,0.0569248,0.993251
120.128,0.99309,0.052916,-0.104751,-0.0584786,0.996997,-0.0507622,0.10175,0.0565371,0.993202
120.192,0.993036,0.0528424,-0.105291,-0.0584755,0.996978,-0.0511491,0.10227,0.0569498,0.993125
120.256,0.992973,0.0529887,-0.105816,-0.0586456,0.996971,-0.0510819,0.102789,0.0569286,0.993073
120.32,0.992919,0.0529452,-0.106341,-0.0586425,0.996966,-0.0511811,0.103309,0.0570548,0.993012
120.384,0.992855,0.0531611,-0.106832,-0.0588126,0.996993,-0.0504631,0.103828,0.0563856,0.992996
120.448,0.992782,0.0531657,-0.107501,-0.0588083,0.997016,-0.0500163,0.104521,0.0559772,0.992946
120.512,0.992728,0.0530996,-0.108037,-0.058805,0.997,-0.0503256,0.105041,0.0563127,0.992872
120.576,0.992663,0.0532442,-0.108563,-0.058975,0.996993,-0.0502773,0.105559,0.0563109,0.992817
120.64,0.992626,0.0532071,-0.108917,-0.0589728,0.996986,-0.0504174,0.105906,0.0564688,0.992771
120.704,0.99256,0.0533746,-0.109431,-0.0591428,0.996989,-0.0501584,0.106425,0.0562573,0.992728
120.768,0.992486,0.0533298,-0.110125,-0.0591384,0.996988,-0.0501688,0.107117,0.0563044,0.992651
120.832,0.99242,0.0534658,-0.110654,-0.0593082,0.996977,-0.0501967,0.107636,0.056379,0.99259
120.896,0.992363,0.0534129,-0.111184,-0.0593049,0.996968,-0.0503767,0.108156,0.0565857,0.992522
120.96,0.992297,0.0535426,-0.111716,-0.0594747,0.996954,-0.0504584,0.108674,0.056714,0.992458
121.024,0.99224,0.0535084,-0.112236,-0.0594713,0.996953,-0.0504684,0.109194,0.0567516,0.992399
121.088,0.992153,0.0536874,-0.112913,-0.0596399,0.996966,-0.0500151,0.109885,0.0563567,0.992345
121.152,0.992086,0.0537678,-0.113469,-0.0598096,0.99693,-0.0505298,0.110404,0.0569164,0.992256
121.216,0.992018,0.0539385,-0.113982,-0.0599793,0.996934,-0.0502483,0.110922,0.0566838,0.992211
121.28,0.991979,0.0538609,-0.114354,-0.0599769,0.99691,-0.0507318,0.111268,0.0571835,0.992144
121.344,0.99191,0.0540265,-0.114869,-0.0601465,0.996912,-0.050495,0.111787,0.0569956,0.992096
121.408,0.991822,0.0542017,-0.115548,-0.0603149,0.996922,-0.0500817,0.112478,0.0566414,0.992039
121.472,0.991763,0.0541102,-0.116094,-0.0603114,0.996897,-0.0505821,0.112997,0.0571673,0.991949
121.536,0.991713,0.0542604,-0.116449,-0.0604821,0.996887,-0.0505751,0.113342,0.0571991,0.991908
121.6,0.991644,0.0544505,-0.116953,-0.0606515,0.996899,-0.0501319,0.11386,0.0568063,0.991871
121.664,0.991574,0.0546054,-0.117473,-0.060821,0.996896,-0.0499908,0.114378,0.0567144,0.991817
121.728,0.991503,0.0547543,-0.117995,-0.0609903,0.99689,-0.0499011,0.114896,0.0566737,0.99176
121.792,0.991443,0.0547257,-0.118512,-0.0609867,0.996892,-0.049861,0.115415,0.0566621,0.9917
121.856,0.991393,0.0548412,-0.118883,-0.0611572,0.996868,-0.050145,0.11576,0.0569839,0.991641
121.92,0.991322,0.0549676,-0.119416,-0.0613265,0.996852,-0.0502421,0.116278,0.0571294,0.991572
121.984,0.991281,0.0549638,-0.119753,-0.061324,0.99686,-0.0500872,0.116624,0.0569942,0.991539
122.048,0.991189,0.0550838,-0.120457,-0.061492,0.996847,-0.0501429,0.117315,0.0571082,0.991451
122.112,0.991138,0.0552913,-0.120785,-0.0616624,0.996861,-0.0496606,0.11766,0.0566684,0.991436
122.176,0.991076,0.0552607,-0.121302,-0.0616586,0.996862,-0.0496374,0.118179,0.0566738,0.991374
122.24,0.991024,0.0553588,-0.12168,-0.061829,0.996831,-0.0500553,0.118523,0.0571294,0.991306
122.304,0.990962,0.0553829,-0.122173,-0.0618252,0.996855,-0.0495833,0.119042,0.0566886,0.99127
122.368,0.9909,0.0553479,-0.122692,-0.0618213,0.996854,-0.0495955,0.119561,0.0567291,0.991205
122.432,0.990827,0.0555041,-0.123211,-0.0619903,0.996851,-0.0494465,0.120079,0.0566309,0.991148
122.496,0.990785,0.0554757,-0.12356,-0.0619877,0.996849,-0.0494955,0.120425,0.0566986,0.991102
122.56,0.990712,0.0556139,-0.124087,-0.0621567,0.996839,-0.0494921,0.120942,0.0567452,0.991036
122.624,0.99067,0.0555887,-0.124434,-0.0621541,0.996838,-0.0495143,0.121288,0.0567864,0.990992
122.688,0.990585,0.0555313,-0.125131,-0.0621487,0.996833,-0.0496133,0.12198,0.0569229,0.990899
122.752,0.990532,0.0556958,-0.125478,-0.062319,0.996829,-0.0494886,0.122324,0.0568397,0.990861
122.816,0.990489,0.05564,-0.125839,-0.0623163,0.996816,-0.0497522,0.12267,0.0571208,0.990802
122.88,0.990414,0.0557585,-0.126374,-0.0624851,0.996798,-0.0499012,0.123187,0.0573194,0.990727
122.944,0.990371,0.0557053,-0.126733,-0.0624824,0.996786,-0.0501409,0.123533,0.0575767,0.990669
123.008,0.990307,0.0557206,-0.12723,-0.0624784,0.996805,-0.0497534,0.124051,0.0572202,0.990625
123.072,0.990242,0.0557144,-0.127736,-0.0624743,0.996817,-0.0495361,0.12457,0.057033,0.99057
123.136,0.990188,0.055852,-0.128095,-0.0626444,0.996802,-0.049622,0.124914,0.0571596,0.99052
123.2,0.990123,0.0558532,-0.128599,-0.0626402,0.996815,-0.0493488,0.125433,0.0569168,0.990468
123.263,0.990079,0.055825,-0.128947,-0.0626375,0.996813,-0.0493916,0.125778,0.0569785,0.990421
123.328,0.989991,0.0558714,-0.129598,-0.0626319,0.996848,-0.0486869,0.12647,0.0563166,0.990371
123.392,0.989947,0.0558452,-0.129945,-0.0626291,0.996847,-0.048716,0.126815,0.0563647,0.990324
123.456,0.989903,0.0557715,-0.130313,-0.0626263,0.996828,-0.0491079,0.127161,0.0567731,0.990256
123.52,0.989837,0.055768,-0.130818,-0.0626221,0.99684,-0.0488763,0.127679,0.0565717,0.990201
123.584,0.989792,0.0556725,-0.131195,-0.0626193,0.996813,-0.0494311,0.128025,0.0571419,0.990123
123.648,0.989703,0.055622,-0.131888,-0.0626137,0.996811,-0.0494684,0.128716,0.0572169,0.99003
123.711,0.989658,0.0556632,-0.132206,-0.0626108,0.996835,-0.0489859,0.129061,0.0567569,0.990011
123.775,0.989591,0.0556403,-0.13272,-0.0626066,0.996839,-0.0489031,0.129579,0.0567032,0.989946
123.839,0.989556,0.0554057,-0.133074,-0.062431,0.996835,-0.0492103,0.129926,0.0570043,0.989884
123.903,0.989488,0.0554326,-0.133567,-0.0624267,0.996858,-0.0487551,0.130444,0.0565807,0.98984
123.968,0.98942,0.0556532,-0.133979,-0.0624224,0.996949,-0.0468627,0.130962,0.0547302,0.989875
124.031,0.989375,0.0555565,-0.134356,-0.0624195,0.996923,-0.0474171,0.131308,0.0552997,0.989798
124.095,0.989306,0.0555465,-0.134864,-0.0624152,0.996931,-0.0472454,0.131826,0.0551577,0.989737
124.159,0.98926,0.0555491,-0.135199,-0.0624123,0.99694,-0.0470633,0.132171,0.0549959,0.9897
124.223,0.989202,0.0553103,-0.135723,-0.0622353,0.996939,-0.0473191,0.132691,0.0552549,0.989616
124.288,0.989132,0.0552678,-0.136245,-0.0622309,0.996936,-0.0473865,0.133209,0.0553502,0.989541
124.351,0.989086,0.0552609,-0.136584,-0.062228,0.996942,-0.0472746,0.133554,0.055258,0.9895
124.415,0.98905,0.0551274,-0.136897,-0.0620525,0.996973,-0.0468416,0.133901,0.0548235,0.989477
124.479,0.98898,0.0551073,-0.13741,-0.0620481,0.996978,-0.046747,0.134418,0.0547579,0.989411
124.543,0.988933,0.0550813,-0.137757,-0.0620451,0.996977,-0.0467758,0.134764,0.0548053,0.989361
124.607,0.988874,0.054989,-0.138222,-0.0618681,0.997025,-0.045972,0.135283,0.0540121,0.989334
124.671,0.988803,0.0549558,-0.13874,-0.0618637,0.997025,-0.0459756,0.135801,0.0540437,0.989261
124.735,0.988756,0.0549995,-0.139059,-0.0618607,0.997047,-0.0455059,0.136146,0.0535965,0.989238
124.799,0.988719,0.0547852,-0.139405,-0.0616852,0.997051,-0.0456631,0.136493,0.0537472,0.989182
124.863,0.988647,0.0547053,-0.139942,-0.0616807,0.997035,-0.0460004,0.13701,0.0541099,0.989091
124.927,0.988576,0.0547193,-0.140441,-0.0616763,0.997051,-0.0456684,0.137528,0.0538085,0.989035
124.991,0.988538,0.0544771,-0.140798,-0.0615007,0.997045,-0.0460213,0.137875,0.054153,0.988968
125.055,0.988466,0.0544696,-0.141305,-0.0614963,0.997054,-0.045843,0.138392,0.054004,0.988904
125.119,0.98837,0.0545317,-0.141955,-0.0614903,0.997088,-0.0451005,0.139082,0.0533048,0.988845
125.183,0.988332,0.0543392,-0.142292,-0.0613147,0.997099,-0.0451024,0.139429,0.0533007,0.988797
125.247,0.988259,0.0542897,-0.142816,-0.0613102,0.997094,-0.0452217,0.139946,0.0534469,0.988716
125.311,0.98821,0.0543455,-0.143132,-0.0613072,0.997118,-0.0446823,0.140291,0.0529305,0.988694
125.375,0.988137,0.0542817,-0.143661,-0.0613026,0.997109,-0.0449016,0.140809,0.0531758,0.988608
125.439,0.988088,0.0542912,-0.143995,-0.0612996,0.997119,-0.0446868,0.141154,0.0529813,0.988569
125.503,0.988039,0.0542158,-0.14436,-0.0612965,0.997102,-0.0450588,0.141499,0.0533686,0.988499
125.567,0.988,0.0540757,-0.144678,-0.061121,0.997129,-0.0447005,0.141845,0.053007,0.988469
125.631,0.987926,0.0541023,-0.145173,-0.0611165,0.997147,-0.0442958,0.142362,0.0526334,0.988414
125.695,0.987876,0.0540172,-0.145541,-0.0611134,0.997128,-0.0447323,0.142707,0.0530845,0.98834
125.759,0.987827,0.0540621,-0.145862,-0.0611103,0.997148,-0.0442781,0.143052,0.0526528,0.988314
125.823,0.987777,0.0540704,-0.146196,-0.0611072,0.997158,-0.0440754,0.143397,0.0524703,0.988273
125.887,0.987727,0.0540945,-0.146524,-0.0611041,0.997171,-0.0437661,0.143742,0.0521822,0.988239
125.951,0.987677,0.054032,-0.146884,-0.061101,0.997159,-0.0440457,0.144086,0.0524776,0.988173
126.015,0.987637,0.0538823,-0.147205,-0.0609256,0.997183,-0.0437611,0.144433,0.0521886,0.988137
126.079,0.987587,0.0539129,-0.147531,-0.0609225,0.997198,-0.0434101,0.144778,0.0518592,0.988104
126.143,0.987537,0.0538695,-0.147884,-0.0609193,0.997192,-0.0435605,0.145122,0.0520266,0.988045
126.207,0.987486,0.0538485,-0.148229,-0.0609162,0.997192,-0.0435588,0.145467,0.0520433,0.987993
126.271,0.987435,0.0538691,-0.148558,-0.0609131,0.997204,-0.0432774,0.145812,0.0517828,0.987956
126.335,0.987395,0.0537364,-0.148875,-0.0607376,0.997232,-0.0428842,0.146158,0.051386,0.987926
126.399,0.987344,0.0537896,-0.149192,-0.0607345,0.997254,-0.0423878,0.146503,0.0509125,0.987899
126.463,0.987293,0.0537165,-0.149556,-0.0607314,0.997239,-0.0427366,0.146847,0.0512763,0.987829
126.527,0.987242,0.0537126,-0.149894,-0.0607282,0.997244,-0.0426226,0.147192,0.0511817,0.987783
126.591,0.987191,0.0537677,-0.150212,-0.0607251,0.997266,-0.0421173,0.147537,0.0506995,0.987756
126.655,0.98715,0.0535507,-0.150559,-0.0605496,0.997269,-0.0422898,0.147883,0.0508627,0.987696
126.719,0.987098,0.0534997,-0.150914,-0.0605464,0.997261,-0.0424884,0.148227,0.0510775,0.987633
126.783,0.987047,0.0534778,-0.151259,-0.0605433,0.997261,-0.0424946,0.148572,0.0511019,0.98758
126.847,0.986995,0.0535134,-0.151584,-0.0605401,0.997277,-0.0421228,0.148917,0.0507519,0.987547
126.911,0.986943,0.0534543,-0.151942,-0.0605369,0.997266,-0.0423739,0.149261,0.0510187,0.987481
126.975,0.986875,0.0531855,-0.152475,-0.0603599,0.997258,-0.0428135,0.149779,0.0514549,0.98738
127.039,0.986849,0.0531431,-0.152658,-0.0603583,0.997249,-0.0430215,0.149952,0.0516699,0.987342
127.103,0.986797,0.0530835,-0.153016,-0.0603551,0.997239,-0.043272,0.150296,0.0519359,0.987276
127.167,0.986745,0.0530547,-0.153363,-0.0603519,0.997237,-0.0433211,0.150641,0.0520026,0.98722
127.231,0.986692,0.0529971,-0.15372,-0.0603487,0.997227,-0.0435564,0.150985,0.0522536,0.987154
127.295,0.98664,0.0530245,-0.154047,-0.0603455,0.997241,-0.0432403,0.15133,0.0519587,0.987117
127.359,0.986597,0.0527518,-0.154412,-0.06017,0.997228,-0.0437658,0.151676,0.0524702,0.987037
127.423,0.986544,0.0527005,-0.154767,-0.0601668,0.99722,-0.0439577,0.15202,0.0526781,0.986973
127.487,0.986491,0.0526553,-0.155119,-0.0601636,0.997213,-0.04411,0.152364,0.0528467,0.98691
127.551,0.986438,0.052659,-0.155455,-0.0601604,0.997221,-0.0439472,0.152709,0.0527034,0.986865
127.615,0.986385,0.0526001,-0.155812,-0.0601571,0.99721,-0.0441861,0.153053,0.0529577,0.986798
127.679,0.986359,0.0525489,-0.155998,-0.0601555,0.997199,-0.0444443,0.153225,0.0532221,0.986757
127.743,0.986305,0.0525231,-0.156343,-0.0601522,0.997198,-0.0444699,0.15357,0.0532653,0.986701
127.807,0.986252,0.0525018,-0.156687,-0.060149,0.997198,-0.0444664,0.153914,0.0532797,0.986647
127.871,0.986198,0.0524676,-0.157036,-0.0601457,0.997195,-0.0445446,0.154258,0.0533749,0.986588
127.935,0.986171,0.0523958,-0.157228,-0.0601441,0.997178,-0.044931,0.15443,0.053766,0.98654
127.999,0.986118,0.0522657,-0.157608,-0.0601408,0.997147,-0.0456149,0.154775,0.0544604,0.986448
128.063,0.986064,0.0523126,-0.15793,-0.0601375,0.997167,-0.0451781,0.155119,0.054046,0.986416
128.127,0.986037,0.0522356,-0.158123,-0.0601359,0.997148,-0.0455944,0.155291,0.0544667,0.986366
128.191,0.985972,0.0523003,-0.158503,-0.0603047,0.997114,-0.0461152,0.155634,0.0550267,0.986281
128.255,0.985918,0.0523212,-0.158833,-0.0603013,0.997127,-0.0458428,0.155978,0.0547751,0.986241
128.319,0.985891,0.052262,-0.15902,-0.0602997,0.997113,-0.0461438,0.15615,0.0550817,0.986196
128.383,0.985826,0.0524328,-0.159365,-0.0604684,0.99711,-0.045996,0.156492,0.0549806,0.986148
128.447,0.985799,0.0523251,-0.159568,-0.0604668,0.997082,-0.0465985,0.156664,0.0555854,0.986086
128.511,0.985734,0.0524445,-0.159929,-0.0606355,0.997064,-0.0467703,0.157007,0.0558005,0.98602
128.574,0.98568,0.0524593,-0.160261,-0.0606321,0.997075,-0.0465368,0.157351,0.0555873,0.985977
128.639,0.985652,0.0523375,-0.160469,-0.0606304,0.997043,-0.0472229,0.157523,0.0562747,0.985911
128.703,0.985587,0.0524885,-0.16082,-0.0607991,0.997034,-0.0471955,0.157865,0.0562929,0.985855
128.766,0.98556,0.05254,-0.160971,-0.0607974,0.997052,-0.0468057,0.158038,0.0559164,0.985849
128.83,0.985494,0.0526526,-0.161334,-0.060966,0.997032,-0.0470164,0.15838,0.0561703,0.985779
128.895,0.985439,0.0526112,-0.161684,-0.0609626,0.997027,-0.0471299,0.158724,0.0563004,0.985716
128.958,0.985401,0.0527283,-0.161878,-0.0611329,0.997004,-0.0473818,0.158894,0.0565861,0.985673
129.022,0.985346,0.0527209,-0.162216,-0.0611295,0.997009,-0.0472851,0.159238,0.0565083,0.985622
129.086,0.985308,0.0528516,-0.162405,-0.0612997,0.996991,-0.0474528,0.159409,0.056711,0.985582
129.15,0.985252,0.0527804,-0.162765,-0.0612963,0.996977,-0.0477467,0.159753,0.0570194,0.985509
129.214,0.985186,0.0529764,-0.1631,-0.0614648,0.996981,-0.0474417,0.160095,0.0567638,0.985468
129.278,0.985158,0.0529379,-0.163281,-0.0614631,0.996973,-0.0476062,0.160267,0.0569354,0.98543
129.343,0.985092,0.0530829,-0.163633,-0.0616315,0.996963,-0.0476126,0.160609,0.0569877,0.985372
129.407,0.985064,0.0530575,-0.16381,-0.0616298,0.996959,-0.0476963,0.160781,0.0570795,0.985338
129.47,0.984998,0.0532102,-0.164159,-0.0617982,0.99695,-0.0476561,0.161123,0.0570859,0.985282
129.534,0.984942,0.0531998,-0.164499,-0.0617947,0.996954,-0.0475769,0.161467,0.0570257,0.985229
129.598,0.984903,0.0533111,-0.164694,-0.0619648,0.99693,-0.0478579,0.161637,0.0573406,0.985183
129.662,0.984847,0.0532795,-0.16504,-0.0619613,0.996928,-0.0479066,0.161981,0.0574068,0.985123
129.726,0.984808,0.0534503,-0.165216,-0.0621314,0.996921,-0.0478271,0.162151,0.0573656,0.985097
129.79,0.984752,0.0534104,-0.165565,-0.0621279,0.996917,-0.0479257,0.162495,0.0574811,0.985034
129.854,0.984684,0.0536081,-0.1659,-0.0622962,0.996921,-0.0476133,0.162837,0.057219,0.984992
129.918,0.984656,0.0535108,-0.166099,-0.0622944,0.996897,-0.0481268,0.163009,0.0577355,0.984934
129.982,0.984589,0.0537099,-0.166434,-0.0624627,0.996902,-0.0478058,0.163351,0.057465,0.984893
130.046,0.98456,0.0537018,-0.166605,-0.0624609,0.996903,-0.0477836,0.163523,0.0574521,0.984865
130.11,0.984493,0.0538483,-0.166956,-0.0626291,0.996893,-0.0477788,0.163865,0.0574941,0.984806
130.174,0.984464,0.0538434,-0.167126,-0.0626273,0.996895,-0.0477374,0.164036,0.0574624,0.984779
130.238,0.984397,0.0540397,-0.167461,-0.0627955,0.996899,-0.047435,0.164378,0.0572107,0.984737
130.302,0.984368,0.0541556,-0.167592,-0.0627937,0.996934,-0.0466758,0.16455,0.0564699,0.984751
130.366,0.9843,0.0541856,-0.167981,-0.0629618,0.996891,-0.0473634,0.164892,0.0571961,0.984652
130.43,0.984232,0.0543949,-0.168312,-0.0631299,0.996899,-0.0469863,0.165234,0.0568709,0.984613
130.494,0.984203,0.0543767,-0.168485,-0.0631281,0.996897,-0.0470243,0.165406,0.0569176,0.984582
130.558,0.984164,0.0545642,-0.168655,-0.063298,0.996895,-0.0468462,0.165576,0.0567799,0.984561
130.622,0.984106,0.0544597,-0.169025,-0.0632943,0.996872,-0.0473241,0.165919,0.0572702,0.984475
130.686,0.984077,0.0545325,-0.16917,-0.0632925,0.996896,-0.0468254,0.166091,0.0567869,0.984474
130.75,0.984009,0.0546569,-0.169528,-0.0634605,0.996879,-0.0469499,0.166433,0.0569575,0.984406
130.814,0.98398,0.0547,-0.169682,-0.0634587,0.996895,-0.0466276,0.166604,0.0566483,0.984395
130.878,0.983911,0.0548138,-0.170043,-0.0636267,0.996875,-0.0468142,0.166946,0.0568803,0.984324
130.942,0.983882,0.0547426,-0.170234,-0.0636248,0.996859,-0.0471623,0.167118,0.0572332,0.984274
131.006,0.983824,0.0547948,-0.170553,-0.063621,0.99688,-0.0467187,0.167461,0.0568137,0.98424
131.07,0.983755,0.0548515,-0.170933,-0.063789,0.996845,-0.0472366,0.167803,0.0573728,0.98415
131.134,0.983725,0.0547973,-0.171118,-0.0637871,0.996833,-0.0474828,0.167975,0.0576252,0.984106
131.198,0.983696,0.0548016,-0.171285,-0.0637852,0.996838,-0.0473883,0.168146,0.0575412,0.984081
131.262,0.983627,0.0549183,-0.171645,-0.0639531,0.996819,-0.0475538,0.168488,0.0577524,0.98401
131.326,0.983598,0.0549372,-0.171807,-0.0639512,0.996828,-0.0473745,0.16866,0.0575847,0.983991
131.39,0.983539,0.0548604,-0.172167,-0.0639474,0.996814,-0.0476814,0.169003,0.0579062,0.983913
131.454,0.98348,0.0549014,-0.17249,-0.0639435,0.996832,-0.0473059,0.169346,0.0575541,0.983875
131.518,0.983451,0.054985,-0.172631,-0.0639416,0.996858,-0.0467539,0.169518,0.0570185,0.983876
131.582,0.983392,0.0548688,-0.173004,-0.0639378,0.996833,-0.047287,0.169861,0.0575631,0.983785
131.646,0.983362,0.0548912,-0.173164,-0.0639359,0.996842,-0.0470896,0.170033,0.0573776,0.983767
131.71,0.983303,0.0548558,-0.173511,-0.063932,0.996839,-0.0471563,0.170376,0.0574619,0.983702
131.774,0.983244,0.0547994,-0.173865,-0.0639282,0.996831,-0.0473428,0.170719,0.0576644,0.983631
131.838,0.983184,0.0547296,-0.174222,-0.0639243,0.996819,-0.0476049,0.171063,0.0579415,0.983555
131.902,0.983154,0.0548078,-0.174366,-0.0639224,0.996843,-0.0470895,0.171234,0.0574421,0.983554
131.966,0.983095,0.0547767,-0.174711,-0.0639185,0.996842,-0.0471309,0.171578,0.0575014,0.983491
132.03,0.983035,0.0547367,-0.175059,-0.0639146,0.996837,-0.0472224,0.171921,0.0576101,0.983425
132.094,0.982975,0.0546393,-0.175425,-0.0639107,0.996818,-0.0476401,0.172264,0.0580406,0.983339
132.158,0.982945,0.0546478,-0.17559,-0.0639088,0.996824,-0.0475234,0.172435,0.0579346,0.983316
132.222,0.982896,0.0544107,-0.175939,-0.0637333,0.996823,-0.0477748,0.172781,0.0581708,0.983241
132.286,0.982836,0.0543643,-0.176289,-0.0637294,0.996817,-0.0479002,0.173124,0.0583128,0.983172
132.35,0.982776,0.0543225,-0.176637,-0.0637255,0.996812,-0.0479997,0.173467,0.0584292,0.983105
132.414,0.982746,0.0542473,-0.176828,-0.0637236,0.996795,-0.0483555,0.173638,0.0587893,0.983053
132.478,0.982696,0.0541393,-0.177137,-0.0635481,0.99683,-0.0478769,0.173983,0.0583052,0.983021
132.542,0.982635,0.0541331,-0.177474,-0.0635442,0.996835,-0.0477759,0.174326,0.0582238,0.982965
132.606,0.982616,0.0539318,-0.177644,-0.0633707,0.99684,-0.0478915,0.1745,0.0583164,0.982929
132.67,0.982525,0.053884,-0.178162,-0.0633648,0.996838,-0.0479561,0.175014,0.0584073,0.982832
132.734,0.982505,0.053646,-0.178342,-0.0631914,0.996833,-0.0482762,0.175188,0.0587013,0.982784
132.798,0.982444,0.0535984,-0.178692,-0.0631874,0.996827,-0.048406,0.175531,0.0588473,0.982714
132.862,0.982383,0.0535586,-0.17904,-0.0631835,0.996823,-0.048492,0.175874,0.05895,0.982646
132.926,0.982363,0.053307,-0.179224,-0.0630101,0.996815,-0.0488859,0.176047,0.0593166,0.982593
132.991,0.982271,0.0533268,-0.179721,-0.0630042,0.996831,-0.0485717,0.176561,0.0590338,0.982518
133.054,0.98222,0.053144,-0.180053,-0.0628288,0.996844,-0.0485158,0.176906,0.0589657,0.98246
133.118,0.98219,0.0531093,-0.180231,-0.0628268,0.996838,-0.0486402,0.177078,0.0590972,0.982421
133.182,0.982128,0.0530487,-0.180584,-0.0628229,0.996829,-0.0488394,0.177421,0.0593114,0.982346
133.246,0.982077,0.0528358,-0.180924,-0.0626475,0.996835,-0.0489492,0.177765,0.0594063,0.982278
133.31,0.982015,0.052732,-0.18129,-0.0626435,0.996813,-0.0493847,0.178108,0.0598532,0.982189
133.374,0.981963,0.052493,-0.181638,-0.0624682,0.996812,-0.0496365,0.178453,0.0600878,0.982112
133.438,0.981901,0.0524848,-0.181975,-0.0624642,0.996817,-0.0495453,0.178796,0.0600155,0.982054
133.502,0.981881,0.0523408,-0.182128,-0.0622909,0.996838,-0.0493441,0.178969,0.0597949,0.982036
133.566,0.981819,0.0522698,-0.182484,-0.0622869,0.996825,-0.0495966,0.179312,0.0600612,0.981957
133.63,0.981767,0.0521244,-0.182804,-0.0621116,0.996849,-0.0493367,0.179657,0.0597913,0.981911
133.694,0.981704,0.0519821,-0.18318,-0.0621076,0.996817,-0.049976,0.179999,0.0604386,0.981808
133.758,0.981683,0.0517961,-0.183344,-0.0619343,0.996827,-0.0500051,0.180173,0.0604445,0.981776
133.822,0.981621,0.0517564,-0.183691,-0.0619303,0.996823,-0.0500848,0.180515,0.0605403,0.981707
133.886,0.9816,0.0515685,-0.183856,-0.061757,0.996832,-0.0501234,0.180689,0.0605555,0.981674
133.95,0.981568,0.0514938,-0.184045,-0.061755,0.996815,-0.0504607,0.18086,0.0608963,0.981622
134.013,0.981516,0.0513196,-0.184373,-0.0615797,0.996831,-0.0503573,0.181204,0.0607801,0.981565
134.077,0.981453,0.0512584,-0.184726,-0.0615758,0.996821,-0.0505518,0.181547,0.0609888,0.981489
134.141,0.981431,0.0511328,-0.184873,-0.0614025,0.996847,-0.0502545,0.18172,0.060673,0.981477
134.205,0.981368,0.0510537,-0.18523,-0.0613985,0.996833,-0.0505455,0.182063,0.0609766,0.981394
134.269,0.981347,0.0509127,-0.185382,-0.0612253,0.996854,-0.050332,0.182236,0.0607432,0.981377
134.333,0.981283,0.0508571,-0.185733,-0.0612213,0.996846,-0.0504956,0.182579,0.0609213,0.981302
134.398,0.981252,0.0507937,-0.185918,-0.0612193,0.996832,-0.0507684,0.18275,0.0611983,0.981253
134.462,0.98123,0.0505964,-0.186085,-0.0610461,0.996838,-0.0508575,0.182923,0.0612626,0.981217
134.525,0.981198,0.0506373,-0.186241,-0.0610441,0.996853,-0.050571,0.183095,0.0609891,0.981202
134.589,0.981145,0.0504246,-0.18658,-0.0608688,0.996859,-0.0506748,0.183439,0.0610762,0.981132
134.653,0.981113,0.050404,-0.186754,-0.0608669,0.996857,-0.0507178,0.18361,0.061127,0.981097
134.717,0.981059,0.0501512,-0.187103,-0.0606917,0.996851,-0.0510352,0.183955,0.0614242,0.981014
134.781,0.981027,0.0501983,-0.187258,-0.0606897,0.996867,-0.0507169,0.184126,0.0611193,0.981001
134.845,0.981005,0.0499103,-0.18745,-0.0605165,0.996849,-0.0512881,0.184299,0.0616577,0.980934
134.909,0.980951,0.0497722,-0.187769,-0.0603413,0.996874,-0.0509946,0.184644,0.0613535,0.980889
134.973,0.980887,0.0497952,-0.188098,-0.0603373,0.996888,-0.050739,0.184986,0.0611186,0.980839
135.037,0.980865,0.0495981,-0.188265,-0.0601641,0.996894,-0.0508267,0.185159,0.061181,0.980802
135.101,0.980801,0.0495318,-0.188618,-0.0601602,0.996883,-0.0510438,0.185502,0.0614111,0.980723
135.165,0.980779,0.0493964,-0.188768,-0.059987,0.996905,-0.0508052,0.185675,0.0611523,0.980707
135.229,0.980714,0.0493544,-0.189115,-0.059983,0.996901,-0.0508938,0.186017,0.0612559,0.980635
135.293,0.980659,0.0491646,-0.189448,-0.0598079,0.996913,-0.0508763,0.186361,0.0612228,0.980572
135.357,0.980627,0.0490645,-0.189641,-0.0598059,0.996889,-0.0513361,0.186532,0.0616832,0.98051
135.421,0.980572,0.0489339,-0.189958,-0.0596308,0.996916,-0.0510074,0.186877,0.0613438,0.980466
135.485,0.980539,0.0489184,-0.19013,-0.0596288,0.996916,-0.0510225,0.187048,0.0613668,0.980432
135.549,0.980474,0.0488031,-0.190495,-0.0596249,0.996892,-0.0514934,0.18739,0.0618462,0.980337
135.613,0.980452,0.0486742,-0.190644,-0.0594517,0.996916,-0.0512232,0.187563,0.061556,0.980322
135.677,0.980386,0.0486351,-0.19099,-0.0594478,0.996913,-0.0512951,0.187906,0.061643,0.980251
135.741,0.980354,0.0486591,-0.191152,-0.0594458,0.996923,-0.0511035,0.188077,0.0614627,0.980229
135.805,0.980321,0.0485464,-0.191348,-0.0594438,0.996896,-0.0516248,0.188248,0.0619833,0.980164
135.869,0.980255,0.0485118,-0.191692,-0.0594398,0.996894,-0.0516721,0.18859,0.062046,0.980094
135.933,0.980223,0.0485646,-0.191847,-0.0594378,0.996911,-0.0513313,0.188761,0.061719,0.980082
135.997,0.98019,0.0485406,-0.19202,-0.0594358,0.996908,-0.0513898,0.188932,0.0617846,0.980045
136.061,0.980157,0.0484995,-0.192198,-0.0594339,0.996901,-0.0515366,0.189103,0.061937,0.980002
136.125,0.980144,0.0481926,-0.192342,-0.0590897,0.996932,-0.0513232,0.189278,0.0616696,0.979985
136.189,0.980078,0.0481153,-0.192697,-0.0590857,0.996919,-0.0515917,0.18962,0.0619495,0.979901
136.253,0.980045,0.0481295,-0.192861,-0.0590837,0.996926,-0.0514526,0.189792,0.0618208,0.979876
136.317,0.980012,0.048107,-0.193034,-0.0590817,0.996924,-0.0515027,0.189963,0.061878,0.979839
136.381,0.979979,0.0480512,-0.193216,-0.0590797,0.996912,-0.0517252,0.190134,0.0621047,0.979792
136.445,0.979946,0.0481347,-0.193363,-0.0590777,0.996938,-0.0512285,0.190305,0.0616246,0.979789
136.509,0.97987,0.0481998,-0.193732,-0.0592448,0.996908,-0.0516248,0.190645,0.0620632,0.979695
136.573,0.979837,0.0481329,-0.193917,-0.0592428,0.996893,-0.051903,0.190816,0.0623446,0.979644
136.637,0.979793,0.0482526,-0.194105,-0.0594118,0.996874,-0.0520828,0.190985,0.0625625,0.979597
136.701,0.97976,0.0481642,-0.194295,-0.0594098,0.996854,-0.0524702,0.191156,0.0629512,0.979539
136.765,0.979727,0.0481891,-0.194456,-0.0594078,0.996864,-0.0522762,0.191327,0.0627685,0.979517
136.829,0.979684,0.0483779,-0.194627,-0.0595768,0.996863,-0.0521006,0.191496,0.0626373,0.979493
136.893,0.97965,0.0484318,-0.194781,-0.0595747,0.996881,-0.0517587,0.191667,0.0623095,0.97948
136.957,0.979617,0.0484755,-0.194938,-0.0595727,0.996896,-0.0514698,0.191838,0.0620336,0.979464
137.021,0.979584,0.0483264,-0.195143,-0.0595707,0.99686,-0.0521659,0.192009,0.0627256,0.979387
137.085,0.97954,0.0484957,-0.195319,-0.0597396,0.996854,-0.0520904,0.192178,0.0626929,0.979355
137.149,0.979507,0.0484679,-0.195493,-0.0597376,0.99685,-0.0521661,0.192349,0.0627753,0.979317
137.213,0.979473,0.0484531,-0.195665,-0.0597356,0.99685,-0.0521755,0.19252,0.0627927,0.979282
137.277,0.979473,0.0484476,-0.195666,-0.0597356,0.996848,-0.0522035,0.19252,0.0628201,0.97928
137.341,0.97943,0.0485693,-0.195854,-0.0599045,0.996829,-0.0523701,0.192689,0.0630253,0.979234
137.405,0.979396,0.0485298,-0.196031,-0.0599024,0.996822,-0.0525053,0.19286,0.0631662,0.979191
137.469,0.979396,0.0485457,-0.196027,-0.0599024,0.996827,-0.052424,0.19286,0.0630863,0.979196
137.533,0.979363,0.0486112,-0.196178,-0.0599004,0.996848,-0.0520253,0.193031,0.0627028,0.979187
137.597,0.979363,0.0486124,-0.196178,-0.0599004,0.996848,-0.0520192,0.193031,0.0626968,0.979187
137.661,0.979319,0.0487701,-0.196357,-0.0600693,0.996839,-0.0520023,0.1932,0.0627219,0.979153
137.725,0.979319,0.0488092,-0.196347,-0.0600693,0.996849,-0.0518039,0.1932,0.0625269,0.979165
137.789,0.979319,0.0488176,-0.196345,-0.0600693,0.996851,-0.0517612,0.1932,0.062485,0.979168
137.853,0.979285,0.0487694,-0.196525,-0.0600672,0.996842,-0.0519405,0.193371,0.0626692,0.979122
137.917,0.979275,0.0489689,-0.196525,-0.0602382,0.99684,-0.0517775,0.193369,0.0625428,0.979131
137.981,0.979275,0.0489032,-0.196542,-0.0602382,0.996823,-0.0521108,0.193369,0.0628701,0.97911
138.045,0.979242,0.0489688,-0.196693,-0.0602361,0.996844,-0.0517123,0.19354,0.0624868,0.9791
138.109,0.979231,0.0491196,-0.196706,-0.060407,0.996829,-0.051796,0.193538,0.0626027,0.979093
